tree
version=v4
num_class=1
num_tree_per_iteration=1
label_index=0
max_feature_idx=4
objective=regression
feature_names=Column_0 Column_1 Column_2 Column_3 Column_4
feature_infos=[210:1740] [1:16] [10:8117] [0:1019] [10:2048]
tree_sizes=2720 2774 2769 2768 2776 2783 2782 2786 2797 2796 2793 2790 2801 2800 2799 2809 2814 2818 2813 2826 2821 2831 2837 2855 2846 2866 2863 2869 2863 2872 2876 2887 2888 2890 2903 2898 2901 2904 2901 2905 2898 2909 2916 2903 2911 2916 2920 2931 2907 2936 2930 2933 2918 2938 2934 2945 2952 2947 2950 2954 2943 2960 2944 2948 2932 2952 2958 2948 2966 2957 2968 2941 2945 2930 2947 2944 2947 2959 2949 2947 2930 2940 2950 2956 2946 2948 2959 2938 2940 2930 2925 2940 2970 2968 2965 2953 2946 2961 2967 2961

Tree=0
num_leaves=31
num_cat=0
split_feature=2 0 2 2 0 2 2 0 0 0 0 0 0 0 2 0 2 2 2 2 2 2 0 2 2 2 2 2 2 2
split_gain=2602.82 744.798 400.738 388.542 245.026 136.114 72.4037 68.5604 54.2875 42.7135 37.9235 35.5296 30.8392 30.5917 25.7469 21.6075 19.1012 18.2607 17.3886 14.8169 14.5481 12.6684 10.8721 10.4219 7.12807 6.41463 5.93153 5.67787 5.59021 5.55373
threshold=903.50000000000011 592.50000000000011 241.50000000000003 2689.5000000000005 592.50000000000011 2497.5000000000005 1640.5000000000002 435.00000000000006 1050.0000000000002 285.00000000000006 285.00000000000006 1050.0000000000002 1050.0000000000002 1050.0000000000002 3970.5000000000005 285.00000000000006 3725.5000000000005 536.50000000000011 130.00000000000003 1552.5000000000002 3876.0000000000005 506.50000000000006 900.00000000000011 70.500000000000014 536.50000000000011 1290.0000000000002 1567.5000000000002 3695.5000000000005 2070.5000000000005 5782.5000000000009
decision_type=2 2 2 2 2 2 2 2 2 2 2 2 2 2 2 2 2 2 2 2 2 2 2 2 2 2 2 2 2 2
left_child=2 5 7 6 15 9 12 23 16 26 27 -8 -3 21 -10 -4 -5 -15 -9 -11 -12 -6 -20 -1 -17 -14 -2 -7 -13 -16
right_child=1 3 4 8 13 10 11 18 14 19 20 28 25 17 29 24 -18 -19 22 -21 -22 -23 -24 -25 -26 -27 -28 -29 -30 -31
leaf_value=-1.1887972503292572 -0.90815901346015671 -1.0377265508321234 -0.98464367749410964 -0.95435975378150584 -1.1358819595525398 -0.82515006182974626 -0.99000671221290792 -1.2531793876712489 -0.99546148112370214 -0.97882411345152565 -0.89413989819594519 -1.0489534508883414 -1.0962738191710395 -1.1797260569823931 -0.96127144354151273 -1.0661778826539918 -0.91087121562539175 -1.1350763217190583 -1.1746623251881596 -0.93324708345283747 -0.84512797652280169 -1.0894228154281362 -1.2285473099049138 -1.1086338582203663 -1.0249081095852457 -1.0702282599767099 -0.86539240416986374 -0.78330163570138356 -1.0267491959357677 -0.92453309533101935
leaf_weight=23 62 235 95 186 107 77 261 224 353 136 145 196 198 176 213 79 221 191 56 150 104 130 113 55 89 181 68 56 269 51
leaf_count=23 62 235 95 186 107 77 261 224 353 136 145 196 198 176 213 79 221 191 56 150 104 130 113 55 89 181 68 56 269 51
internal_value=-1.02675 -0.977274 -1.14366 -1.00547 -1.10332 -0.89374 -1.04091 -1.21791 -0.959095 -0.933317 -0.850641 -1.01953 -1.06619 -1.1384 -0.977796 -1.02276 -0.930746 -1.15649 -1.23491 -0.95492 -0.873669 -1.1104 -1.21069 -1.13227 -1.04431 -1.08384 -0.885789 -0.80753 -1.03611 -0.954174
internal_weight=4500 3162 1338 2364 867 798 1340 471 1024 416 382 726 614 604 617 263 407 367 393 286 249 237 169 78 168 379 130 133 465 264
internal_count=4500 3162 1338 2364 867 798 1340 471 1024 416 382 726 614 604 617 263 407 367 393 286 249 237 169 78 168 379 130 133 465 264
is_linear=0
shrinkage=1


Tree=1
num_leaves=31
num_cat=0
split_feature=2 0 2 2 0 2 0 0 0 2 0 2 0 2 0 2 0 0 2 2 2 2 2 2 2 0 0 0 0 2
split_gain=2110.77 573.911 389.334 269.026 224.601 92.948 56.2764 49.9648 43.9729 43.3358 33.1753 32.5474 28.9335 20.855 19.5566 15.9104 15.4434 13.7187 12.6707 11.5969 11.0393 9.98273 9.6073 9.41784 7.65254 7.04556 6.59099 5.89099 4.99515 4.57473
threshold=1058.5000000000002 592.50000000000011 241.50000000000003 2689.5000000000005 592.50000000000011 2564.5000000000005 592.50000000000011 900.00000000000011 1050.0000000000002 641.00000000000011 285.00000000000006 1768.5000000000002 285.00000000000006 3970.5000000000005 285.00000000000006 4166.0000000000009 1050.0000000000002 1050.0000000000002 80.500000000000014 130.00000000000003 4396.5000000000009 654.50000000000011 1981.5000000000002 1616.0000000000002 506.50000000000006 1200.0000000000002 1200.0000000000002 285.00000000000006 1050.0000000000002 5410.5000000000009
decision_type=2 2 2 2 2 2 2 2 2 2 2 2 2 2 2 2 2 2 2 2 2 2 2 2 2 2 2 2 2 2
left_child=2 5 6 7 14 10 18 22 15 16 -2 26 -7 -10 24 -5 -6 -11 -1 -8 -14 -16 -3 -12 -4 -13 -9 -20 -21 -15
right_child=1 3 4 8 9 12 19 11 13 17 23 25 20 29 21 -17 -18 -19 27 28 -22 -23 -24 -25 -26 -27 -28 -29 -30 -31
leaf_value=-0.15414554839548858 0.13252942855395969 0.013929711614248051 0.014910747886312251 0.06990763671696186 -0.09108527190733276 0.19939673595428467 -0.20823819318203013 -0.023268821462376143 0.028156178847229686 -0.042409802710308753 0.049801089529131287 0.01579936652985477 0.1263875687122345 0.057330480789273525 -0.028747491306525527 0.11010278420533964 -0.13248353297250312 -0.083064410804023214 -0.048975302164371202 -0.14640033657734211 0.17431486649299735 0.01640507965937428 0.051752134636767859 0.087503338209513962 0.068587076458437687 -0.010340147002238263 -0.049101764143358734 -0.10807739719748498 -0.18454707825537955 0.087018192989725462
leaf_weight=46 126 193 49 240 149 125 198 152 353 136 122 148 170 193 112 167 228 213 26 52 67 87 103 145 58 340 282 48 101 71
leaf_count=46 126 193 49 240 149 125 198 152 353 136 122 148 170 193 112 167 228 213 26 52 67 87 103 145 58 340 282 48 101 71
internal_value=-2.89618e-10 0.0485009 -0.0967114 0.0231067 -0.0623277 0.12391 -0.172049 -0.00865517 0.0608859 -0.0926149 0.0902352 -0.0201311 0.160468 0.0440554 0.00953007 0.0864005 -0.116122 -0.0672219 -0.112931 -0.19226 0.139937 -0.00900742 0.0270909 0.0702761 0.0440063 -0.00241259 -0.0400543 -0.0873118 -0.171582 0.0653147
internal_weight=4500 2997 1503 2242 1032 755 471 1218 1024 726 393 922 362 617 306 407 377 349 120 351 237 199 296 267 107 488 434 74 153 264
internal_count=4500 2997 1503 2242 1032 755 471 1218 1024 726 393 922 362 617 306 407 377 349 120 351 237 199 296 267 107 488 434 74 153 264
is_linear=0
shrinkage=0.1


Tree=2
num_leaves=31
num_cat=0
split_feature=2 0 2 2 0 2 0 0 0 2 2 2 0 0 0 2 0 0 0 2 0 2 2 0 2 0 2 0 2 2
split_gain=1713.87 490.945 261.435 224.137 160.857 121.427 49.5081 48.3193 46.281 42.5822 29.0927 20.8924 14.1243 12.9437 12.2707 11.6415 11.6052 10.7501 10.3704 9.64978 9.16304 9.1146 8.63793 7.33832 7.23027 6.77288 5.11782 4.72996 4.60875 4.55271
threshold=903.50000000000011 750.00000000000011 241.50000000000003 2689.5000000000005 592.50000000000011 2454.5000000000005 435.00000000000006 435.00000000000006 435.00000000000006 1640.5000000000002 4442.5000000000009 524.00000000000011 285.00000000000006 1200.0000000000002 1200.0000000000002 130.00000000000003 900.00000000000011 285.00000000000006 1200.0000000000002 3970.5000000000005 900.00000000000011 3517.0000000000005 1749.0000000000002 1050.0000000000002 120.00000000000001 1200.0000000000002 506.50000000000006 285.00000000000006 1397.5000000000002 3481.5000000000005
decision_type=2 2 2 2 2 2 2 2 2 2 2 2 2 2 2 2 2 2 2 2 2 2 2 2 2 2 2 2 2 2
left_child=2 5 8 9 12 7 21 17 24 18 14 20 -4 -11 -5 -10 -13 -2 -3 -8 -6 27 -9 -17 -1 -12 -14 -7 -19 -16
right_child=1 3 4 10 11 6 19 22 15 13 25 16 26 -15 29 23 -18 28 -20 -21 -22 -23 -24 -25 -26 -27 -28 -29 -30 -31
leaf_value=-0.11266919417040688 0.11357756746001542 -0.022733589512657148 0.033802063253365065 0.052604302367289295 -0.080710538819029523 0.15921728155192208 0.083730550534797443 0.020349720785219367 -0.18375850274626698 0.017863939977490265 0.091726062550161885 -0.041514655326803526 -0.03587153166977327 -0.011298540282960377 0.01387442718049452 -0.12359846979379654 -0.084655486613758338 0.04987825917509886 -0.050612301326042157 0.12251021027565004 -0.12178873390543694 0.17852884012324211 0.055881404714150866 -0.16609237158652579 -0.051596273978551238 0.060666291808916466 -0.00022650491169626171 0.12086383690599536 0.087428475103595041 0.037106485070745931
leaf_weight=42 128 245 95 278 74 68 165 181 224 253 137 84 67 382 188 68 242 52 293 105 204 131 110 101 36 144 101 61 88 153
leaf_count=42 128 245 95 278 74 68 165 181 224 253 137 84 67 382 188 68 242 52 293 105 204 131 110 101 36 144 101 61 88 153
internal_value=-3.6275e-11 0.0401448 -0.0948714 0.0115854 -0.0622911 0.09451 0.128804 0.0619956 -0.154844 -0.017217 0.0491246 -0.0907141 0.00298451 0.000320527 0.0370108 -0.168809 -0.0735394 0.0926317 -0.0379166 0.0988115 -0.110854 0.159949 0.0337809 -0.148994 -0.0844817 0.0758093 -0.0144421 0.141081 0.0734813 0.0242982
internal_weight=4500 3162 1338 2073 867 1089 530 559 471 1173 900 604 263 635 619 393 326 268 538 270 278 260 291 169 78 281 168 129 140 341
internal_count=4500 3162 1338 2073 867 1089 530 559 471 1173 900 604 263 635 619 393 326 268 538 270 278 260 291 169 78 281 168 129 140 341
is_linear=0
shrinkage=0.1


Tree=3
num_leaves=31
num_cat=0
split_feature=2 0 2 2 0 2 0 0 2 0 0 2 0 2 0 2 0 2 2 0 2 2 2 2 0 2 2 2 2 2
split_gain=1390.86 379.915 256.127 175.968 145.487 61.6136 42.8584 37.7124 26.9185 26.596 26.59 25.4447 15.0465 14.9475 13.3299 10.8576 10.8435 10.176 9.70407 8.57242 8.02819 6.87087 6.32957 6.19354 5.58468 4.95213 4.89379 4.70718 3.90093 3.72609
threshold=1058.5000000000002 592.50000000000011 249.50000000000003 2972.0000000000005 592.50000000000011 3015.5000000000005 592.50000000000011 1050.0000000000002 687.00000000000011 285.00000000000006 1050.0000000000002 1904.5000000000002 285.00000000000006 1843.5000000000002 285.00000000000006 1904.5000000000002 1200.0000000000002 70.500000000000014 4581.0000000000009 1200.0000000000002 130.00000000000003 4611.0000000000009 654.50000000000011 1781.0000000000002 285.00000000000006 1331.5000000000002 641.00000000000011 5013.0000000000009 392.50000000000006 392.50000000000006
decision_type=2 2 2 2 2 2 2 2 2 2 2 2 2 2 2 2 2 2 2 2 2 2 2 2 2 2 2 2 2 2
left_child=2 5 6 7 14 9 17 13 16 23 21 25 -7 -3 26 -11 28 -1 -12 -10 -8 -5 -16 -2 -19 -9 -4 -14 -6 -18
right_child=1 3 4 10 8 12 20 11 19 15 18 -13 27 -15 22 -17 29 24 -20 -21 -22 -23 -24 -25 -26 -27 -28 -29 -30 -31
leaf_value=-0.13297218978404998 0.092129285512743783 0.0003259968018392101 0.020847394806332888 0.0658296407324023 -0.091660210354761643 0.17074116204914294 -0.16903852115977894 -0.04850890332499877 -0.037095983204437279 0.045633757330997046 0.030960596934573294 0.00035341725527908787 0.1128036080504493 0.034382314147135329 -0.022624550883683866 0.082252030902438697 -0.12824064739166746 -0.037321352913524168 0.060432660931385822 -0.070667320990214375 -0.13912217028257323 0.096030009214856993 0.013544933870434761 0.13203258863309536 -0.088850038627098352 -0.025834565262373228 0.06578594446182251 0.15173226207494739 -0.064130615082479289 -0.098681854614705758
leaf_weight=36 74 250 64 226 88 95 198 151 171 172 365 444 139 266 109 153 63 33 161 137 164 113 87 82 58 266 39 40 124 132
leaf_count=36 74 250 64 226 88 95 198 151 171 172 365 444 139 266 109 153 63 33 161 137 164 113 87 82 58 266 39 40 124 132
internal_value=2.5998e-10 0.0393706 -0.0785054 0.0187094 -0.0498383 0.100725 -0.13795 -0.00349508 -0.0743333 0.0791638 0.0540568 -0.0163065 0.138574 0.0178822 0.00873652 0.0628725 -0.0912124 -0.0879678 0.0399815 -0.0520287 -0.155485 0.0758964 -0.00656973 0.113104 -0.0701638 -0.0340452 0.037863 0.121503 -0.075558 -0.108232
internal_weight=4500 2997 1503 2242 1014 755 489 1377 715 481 865 861 274 516 299 325 407 127 526 308 362 339 196 156 91 417 103 179 212 195
internal_count=4500 2997 1503 2242 1014 755 489 1377 715 481 865 861 274 516 299 325 407 127 526 308 362 339 196 156 91 417 103 179 212 195
is_linear=0
shrinkage=0.1


Tree=4
num_leaves=31
num_cat=0
split_feature=2 0 2 2 2 0 0 2 0 2 0 0 2 2 0 0 0 0 2 0 2 0 2 0 0 2 2 0 2 2
split_gain=1127.95 339.222 180.813 130.574 102.581 93.8234 43.6843 34.2232 29.1934 25.8964 23.8079 12.1784 11.3782 10.021 8.59399 8.58453 8.53997 8.33744 6.53743 6.26686 6.10088 5.79251 5.57153 4.55701 4.53215 4.04166 3.54267 3.28326 3.22489 2.96765
threshold=758.00000000000011 750.00000000000011 2255.0000000000005 203.50000000000003 1926.0000000000002 592.50000000000011 435.00000000000006 3517.0000000000005 435.00000000000006 1290.0000000000002 435.00000000000006 1200.0000000000002 3405.5000000000005 3374.0000000000005 1200.0000000000002 1200.0000000000002 1357.5000000000002 435.00000000000006 392.50000000000006 285.00000000000006 392.50000000000006 1357.5000000000002 1266.5000000000002 285.00000000000006 750.00000000000011 392.50000000000006 5276.5000000000009 285.00000000000006 6121.0000000000009 70.500000000000014
decision_type=2 2 2 2 2 2 2 2 2 2 2 2 2 2 2 2 2 2 2 2 2 2 2 2 2 2 2 2 2 2
left_child=3 4 9 10 8 17 13 16 19 21 29 18 -8 23 -11 26 -4 25 -7 -2 -13 -3 -10 -6 -12 -5 -9 -15 -17 -1
right_child=1 2 7 5 6 11 12 15 22 14 24 20 -14 27 -16 28 -18 -19 -20 -21 -22 -23 -24 -25 -26 -27 -28 -29 -30 -31
leaf_value=-0.10586732366810675 0.079871708257444982 -0.034626908683828242 0.02773314892540317 -0.012451671676089368 0.12495745676819997 -0.086869573256661822 0.057740925502050955 0.05804178048205632 -0.0024213543253823779 0.0016954362514162082 -0.12100537165006003 -0.12031906541957652 0.094225098676239419 0.15960706704192693 -0.021740317718129207 0.03608711301459102 0.0039048021808720922 -0.039306584129045752 -0.056194289198404627 0.047597963190078738 -0.087881890519872885 -0.059499121167857175 0.027513910642453843 0.093652477828405245 -0.14894520088392474 0.018901588772884111 0.084860106813373859 0.12896654605865479 0.069773025065660479 -0.061365240894604559
leaf_weight=23 116 232 338 75 93 124 197 186 110 268 75 93 151 72 376 254 271 58 158 125 154 157 143 93 257 91 67 68 32 43
leaf_count=23 116 232 338 75 93 124 197 186 110 268 75 93 151 72 376 254 271 58 158 125 154 157 143 93 257 91 67 68 32 43
internal_value=-2.0034e-10 0.0293507 0.00606028 -0.0854002 0.0728409 -0.0609132 0.0982123 0.0333731 0.0382247 -0.0242931 -0.131729 -0.0838828 0.0735717 0.124516 -0.0119876 0.0517259 0.0171297 -0.00666791 -0.0696827 0.0631322 -0.100095 -0.0446653 0.0144986 0.109305 -0.142633 0.00473596 0.0651439 0.144725 0.0398562 -0.0768735
internal_weight=4500 3349 2181 1151 1168 753 674 1148 494 1033 398 529 348 326 644 539 609 224 282 241 247 389 253 186 332 166 253 140 286 66
internal_count=4500 3349 2181 1151 1168 753 674 1148 494 1033 398 529 348 326 644 539 609 224 282 241 247 389 253 186 332 166 253 140 286 66
is_linear=0
shrinkage=0.1


Tree=5
num_leaves=31
num_cat=0
split_feature=2 0 2 2 0 2 0 0 0 2 2 0 0 0 2 2 2 2 2 2 2 0 0 0 2 0 0 2 0 0
split_gain=918.183 247.711 183.799 107.497 103.93 36.113 31.9329 26.3933 19.4792 18.2681 17.2739 17.1724 16.1892 9.68338 7.92237 7.60862 6.24008 5.46024 5.37791 5.29608 5.22327 3.99931 3.92298 3.80369 3.5542 3.32547 3.32543 3.30566 3.30407 2.82455
threshold=1144.5000000000002 592.50000000000011 264.50000000000006 3067.0000000000005 750.00000000000011 3015.5000000000005 435.00000000000006 900.00000000000011 435.00000000000006 1981.5000000000002 641.00000000000011 900.00000000000011 285.00000000000006 285.00000000000006 192.50000000000003 4771.0000000000009 2070.5000000000005 120.00000000000001 1843.5000000000002 702.50000000000011 641.00000000000011 1357.5000000000002 1357.5000000000002 1357.5000000000002 5013.0000000000009 1357.5000000000002 750.00000000000011 1668.5000000000002 1357.5000000000002 900.00000000000011
decision_type=2 2 2 2 2 2 2 2 2 2 2 2 2 2 2 2 2 2 2 2 2 2 2 2 2 2 2 2 2 2
left_child=2 5 6 7 8 12 17 16 19 28 23 -5 27 -7 26 25 -3 -1 -14 -4 -10 -12 -11 -6 -15 -13 -8 -2 -9 -16
right_child=1 3 4 11 10 13 14 9 20 22 21 15 18 24 29 -17 -18 -19 -20 -21 -22 -23 -24 -25 -26 -27 -28 -29 -30 -31
leaf_value=-0.082999766227744881 0.074101683166291982 0.01181890217609294 0.0068650430097251906 0.069732294359872507 -0.07140576996646085 0.13854522290982699 -0.11131568998098373 -0.014079757450417674 -0.039540852463625847 0.013644602553421759 -0.039220204959872745 0.038464690293740791 0.039377143333008242 0.091485877731721177 -0.075594059129556024 0.05508968542988707 0.03917456947871157 -0.033627621426179151 0.066064166910946368 0.037441401345895069 -0.0071614188350789809 -0.06075100639770771 -0.0036156983792257334 -0.094456606396174037 0.12531259506940842 0.020895675598630606 -0.13578432170451912 0.10514722644014562 -0.030291886645772682 -0.11041587509892203
leaf_weight=42 54 191 129 215 182 95 72 256 94 251 213 218 143 139 36 164 148 48 160 101 106 145 277 118 40 213 243 94 247 66
leaf_count=42 54 191 129 215 182 95 72 256 94 251 213 218 143 139 36 164 148 48 160 101 106 145 277 118 40 213 243 94 247 66
internal_value=1.0264e-10 0.0334708 -0.0609609 0.0166308 -0.037788 0.0841067 -0.110689 -0.000443811 0.000444701 -0.00840278 -0.0627728 0.0455102 0.0667107 0.11274 -0.122348 0.0367576 0.0237618 -0.056668 0.0534693 0.0202921 -0.0223798 -0.0479408 0.00458948 -0.0804724 0.0990449 0.0297821 -0.130191 0.0938198 -0.0220408 -0.0981258
internal_weight=4500 2905 1595 2180 1088 725 507 1370 430 1031 658 810 451 274 417 595 339 90 303 230 200 358 528 300 179 431 315 148 503 102
internal_count=4500 2905 1595 2180 1088 725 507 1370 430 1031 658 810 451 274 417 595 339 90 303 230 200 358 528 300 179 431 315 148 503 102
is_linear=0
shrinkage=0.1


Tree=6
num_leaves=31
num_cat=0
split_feature=2 0 2 2 0 2 0 0 0 2 2 0 2 2 0 0 2 2 0 2 0 0 0 0 2 2 0 0 2 0
split_gain=746.194 217.123 112.396 99.2321 70.2683 53.4565 25.9239 23.214 21.1021 19.7515 13.8982 12.9185 7.25333 6.39571 6.03989 5.98208 5.6627 5.22479 5.12033 4.56806 4.44062 3.85101 3.52907 3.29167 3.10401 2.65598 2.62757 2.49425 2.38289 2.32871
threshold=903.50000000000011 750.00000000000011 249.50000000000003 2381.5000000000005 750.00000000000011 2299.0000000000005 435.00000000000006 435.00000000000006 435.00000000000006 3804.0000000000005 1397.5000000000002 435.00000000000006 506.50000000000006 120.00000000000001 1200.0000000000002 1200.0000000000002 3652.5000000000005 4090.5000000000005 1200.0000000000002 1304.5000000000002 1200.0000000000002 285.00000000000006 285.00000000000006 1357.5000000000002 1266.5000000000002 402.50000000000006 1200.0000000000002 285.00000000000006 139.50000000000003 285.00000000000006
decision_type=2 2 2 2 2 2 2 2 2 2 2 2 2 2 2 2 2 2 2 2 2 2 2 2 2 2 2 2 2 2
left_child=2 5 7 10 11 8 17 21 19 15 23 22 -6 -9 -12 -5 -8 27 -11 -2 -15 -1 -4 -3 -10 -13 -14 -7 -23 -21
right_child=1 3 4 9 12 6 16 13 24 18 14 25 26 20 -16 -17 -18 -19 -20 29 -22 28 -24 -25 -26 -27 -28 -29 -30 -31
leaf_value=-0.031751499928179237 0.041589924320578578 -0.023060646683110725 0.026242998479814324 0.028289993506160366 -0.077995859596827255 0.10728743999050215 0.050574174267382713 -0.12305794159571332 0.0013762566849722395 0.056020473840677348 0.0054873853772636309 -0.049408604777776283 -0.043166945959092123 -0.083975043836629626 -0.014236145983477761 0.0084084765167493965 0.078266491315982956 0.12679316379675051 0.034665921324243149 0.082340093300892758 -0.11408994931441088 -0.098419485773359031 -0.0013122467373154667 -0.04256453205507698 0.025957959604695671 -0.019307031981268173 -0.062416242372314891 0.084617538177050089 -0.05132548863237555 0.058412756849737728
leaf_weight=42 88 224 91 269 219 104 163 207 70 211 263 39 128 106 379 346 135 82 240 78 91 21 95 141 193 118 159 91 22 85
leaf_count=42 88 224 91 269 219 104 163 207 70 211 263 39 128 106 379 346 135 82 240 78 91 21 95 141 193 118 159 91 22 85
internal_value=-2.90622e-10 0.0264891 -0.0625997 0.00749637 -0.0406035 0.0626432 0.0835908 -0.10079 0.0392096 0.0287612 -0.0150144 -0.00566098 -0.0642898 -0.110783 -0.00615626 0.0171046 0.0631194 0.105614 0.0446566 0.0599503 -0.097886 -0.0532886 0.0121691 -0.030595 0.0194153 -0.0267845 -0.0538312 0.0967082 -0.0743249 0.0698626
internal_weight=4500 3162 1338 2073 849 1089 575 489 514 1066 1007 343 506 404 642 615 298 277 451 251 197 85 186 365 263 157 287 195 43 163
internal_count=4500 3162 1338 2073 849 1089 575 489 514 1066 1007 343 506 404 642 615 298 277 451 251 197 85 186 365 263 157 287 195 43 163
is_linear=0
shrinkage=0.1


Tree=7
num_leaves=31
num_cat=0
split_feature=2 0 2 2 0 2 2 0 0 0 0 0 2 0 0 2 2 2 2 0 2 0 2 2 0 0 0 0 2 2
split_gain=605.603 182.528 110.53 70.2564 52.6471 40.4423 24.9396 14.892 13.1943 11.589 9.95689 9.60632 9.54639 8.56135 8.52022 6.32784 6.1927 3.8667 3.53228 3.49317 3.28971 2.88755 2.7461 2.59408 2.47514 2.47389 2.41619 2.27119 2.08823 1.89357
threshold=758.00000000000011 592.50000000000011 2116.0000000000005 192.50000000000003 750.00000000000011 1843.5000000000002 3517.0000000000005 900.00000000000011 435.00000000000006 592.50000000000011 900.00000000000011 435.00000000000006 1266.5000000000002 285.00000000000006 900.00000000000011 392.50000000000006 3571.5000000000005 5410.5000000000009 3315.0000000000005 285.00000000000006 1365.0000000000002 1357.5000000000002 378.50000000000006 1365.0000000000002 285.00000000000006 1357.5000000000002 1357.5000000000002 1357.5000000000002 5469.0000000000009 70.500000000000014
decision_type=2 2 2 2 2 2 2 2 2 2 2 2 2 2 2 2 2 2 2 2 2 2 2 2 2 2 2 2 2 2
left_child=3 5 7 9 11 13 10 20 16 19 -4 22 -9 -2 28 27 24 -16 -10 -1 -3 -12 -5 -15 -7 -17 -14 -6 -8 -21
right_child=1 2 6 4 15 8 14 12 18 -11 21 -13 26 23 17 25 -18 -19 -20 29 -22 -23 -24 -25 -26 -27 -28 -29 -30 -31
leaf_value=-0.039603044291337333 0.058035398131116814 -0.0075520336624204879 0.034777477439693227 -0.011669477743849363 -0.071498695264259976 0.090964153083887972 0.055043014026374272 -0.035718884267295602 0.044554196774959566 -0.10812256344666718 0.015502309394640881 -0.032755327328820437 -0.0065815454411616283 0.015395887188023802 0.029400909717448732 -0.048934493539576046 0.10861499009093618 0.052230739466687472 0.07348692809065728 -0.10111435762158148 0.014563309350272731 0.0015246681205377344 0.014064366348126592 0.036769717885181311 0.069499271370115731 -0.068523921342123123 -0.020547823142260314 -0.093591835781147603 0.083025649641499388 -0.066663654110370549
leaf_weight=30 109 124 186 73 120 110 139 331 100 282 285 136 240 139 352 167 123 94 73 27 147 307 96 96 105 105 256 76 33 39
leaf_count=30 109 124 186 73 120 110 139 331 100 282 285 136 240 139 352 167 123 94 73 27 147 307 96 96 105 105 256 76 33 39
internal_value=-7.94712e-11 0.0215064 0.00783724 -0.062576 -0.0452992 0.0613788 0.0265075 -0.0159002 0.0792233 -0.0979064 0.0145949 -0.0129719 -0.0225668 0.0348715 0.0415043 -0.0663673 0.0907193 0.0342126 0.0567628 -0.0678965 0.00444411 0.00825377 0.00294856 0.0241273 0.0804813 -0.0564966 -0.0137899 -0.0800654 0.0604118 -0.0807571
internal_weight=4500 3349 2494 1151 773 855 1396 1098 511 378 778 305 827 344 618 468 338 446 173 96 271 592 169 235 215 272 496 196 172 66
internal_count=4500 3349 2494 1151 773 855 1396 1098 511 378 778 305 827 344 618 468 338 446 173 96 271 592 169 235 215 272 496 196 172 66
is_linear=0
shrinkage=0.1


Tree=8
num_leaves=31
num_cat=0
split_feature=2 0 2 2 0 2 0 0 0 2 2 0 2 0 2 2 0 2 2 0 2 2 2 0 0 0 0 0 0 0
split_gain=491.521 143.675 74.1823 66.3771 44.9171 36.0495 17.7181 17.1092 12.6294 12.5062 9.75261 9.11012 5.24951 4.43542 4.4116 4.22007 4.02615 3.84815 3.45665 3.24026 3.03621 2.98472 2.9381 2.40357 2.29168 2.16065 2.07518 2.05037 1.86761 1.84016
threshold=903.50000000000011 750.00000000000011 264.50000000000006 2646.5000000000005 750.00000000000011 2689.5000000000005 435.00000000000006 592.50000000000011 435.00000000000006 1580.5000000000002 4442.5000000000009 285.00000000000006 120.00000000000001 1357.5000000000002 1304.5000000000002 506.50000000000006 1357.5000000000002 130.00000000000003 1532.5000000000002 1200.0000000000002 4720.5000000000009 5276.5000000000009 506.50000000000006 1357.5000000000002 285.00000000000006 285.00000000000006 285.00000000000006 1357.5000000000002 1200.0000000000002 1357.5000000000002
decision_type=2 2 2 2 2 2 2 2 2 2 2 2 2 2 2 2 2 2 2 2 2 2 2 2 2 2 2 2 2 2
left_child=2 5 7 9 11 6 14 12 20 19 13 -4 25 -5 -2 29 -11 -9 -8 -3 -7 -10 -13 -12 -16 -1 -14 -19 -17 -6
right_child=1 3 4 10 15 8 18 17 21 16 23 22 26 -15 24 28 -18 27 -20 -21 -22 -23 -24 -25 -26 -27 -28 -29 -30 -31
leaf_value=-0.043844636423247207 0.033904729868200693 -0.013119402254505986 0.023661208615220829 0.026368293424608908 -0.054978991416282957 0.083475191721862019 0.0070740791430903812 -0.1014282024267948 0.051445056879939749 0.0061815910052033379 0.049185264306867912 -0.027078142332945865 -0.0075354363918304443 0.0095731145906454151 0.07059110121293502 -0.034717807529887068 -0.0095717517830495574 -0.072635307115152342 0.027934310874790726 -0.029387910448842581 0.11232927908068119 0.083505059515728675 -0.0049552571014890023 0.030350032919331599 0.050084357515529358 -0.082831034809350973 -0.043924520874307274 -0.094762945350478689 -0.050946388857544593 -0.074312422275543216
leaf_weight=21 88 224 87 369 128 176 135 198 199 359 167 101 25 274 110 128 296 109 193 270 46 34 148 114 108 44 42 68 159 80
leaf_count=21 88 224 87 369 128 176 135 198 199 359 167 101 25 274 110 128 296 109 193 270 46 34 148 114 108 44 42 68 159 80
internal_value=4.11066e-11 0.0214987 -0.0508063 0.00604884 -0.0324144 0.0509087 0.0354954 -0.0809515 0.0723858 -0.00999785 0.026003 -0.00419567 -0.0499888 0.0192114 0.0528031 -0.051569 -0.000937477 -0.0918504 0.0193485 -0.0220111 0.089454 0.0561233 -0.0139288 0.0415439 0.0604318 -0.0702354 -0.0303465 -0.0811363 -0.0437086 -0.0624149
internal_weight=4500 3162 1338 2073 831 1089 634 507 455 1149 924 336 132 643 306 495 655 375 328 494 222 233 249 281 218 65 67 177 287 208
internal_count=4500 3162 1338 2073 831 1089 634 507 455 1149 924 336 132 643 306 495 655 375 328 494 222 233 249 281 218 65 67 177 287 208
is_linear=0
shrinkage=0.1


Tree=9
num_leaves=31
num_cat=0
split_feature=2 0 2 2 0 2 0 0 2 2 0 0 0 0 0 2 2 0 0 2 2 2 2 2 0 2 2 0 2 0
split_gain=399.568 108.328 79.194 48.7834 45.4228 16.5518 13.9545 12.3774 8.60482 8.26299 7.8225 7.75025 5.45564 4.96977 4.28041 3.91316 3.79889 3.10527 2.88003 2.83814 2.82992 2.65857 2.62294 1.82764 1.80479 1.76998 1.76154 1.75867 1.57177 1.49772
threshold=1144.5000000000002 592.50000000000011 264.50000000000006 3092.0000000000005 592.50000000000011 3092.0000000000005 435.00000000000006 900.00000000000011 717.50000000000011 1904.5000000000002 900.00000000000011 435.00000000000006 285.00000000000006 285.00000000000006 1050.0000000000002 112.50000000000001 5276.5000000000009 900.00000000000011 900.00000000000011 1700.5000000000002 1926.0000000000002 553.00000000000011 120.00000000000001 5782.5000000000009 1357.5000000000002 506.50000000000006 5469.0000000000009 1357.5000000000002 2055.0000000000005 1357.5000000000002
decision_type=2 2 2 2 2 2 2 2 2 2 2 2 2 2 2 2 2 2 2 2 2 2 2 2 2 2 2 2 2 2
left_child=2 5 6 7 12 11 22 20 14 29 26 19 25 -7 -6 -8 24 -10 -17 -2 -3 -14 -1 -15 -12 -4 -5 -11 -13 -9
right_child=1 3 4 10 8 13 15 9 17 27 16 28 21 23 -16 18 -18 -19 -20 -21 -22 -23 -24 -25 -26 -27 -28 -29 -30 -31
leaf_value=-0.055395765105883281 0.041237171700126252 0.0068712273872840934 0.0085336382296390661 0.043193760212887539 -0.03500571060254707 0.09485599769486322 -0.091101162564692084 -0.010343216896439777 -0.0097978842234061597 0.0079535794676031512 0.026978192162513733 0.016808342492138899 -0.017368741855299179 0.061070765725203924 -0.055723791268035665 -0.055954944042416369 0.042439268082380299 -0.031945193622710637 -0.079773420935509196 0.061175925148095139 0.025038359938673895 0.0056351273755907367 -0.021176527231000365 0.089057808475834999 0.014811702107838474 0.034988910908048808 0.06834856632984046 -0.0030999925266191734 0.036508363558922285 -0.021760632294844085
leaf_weight=42 114 170 41 178 161 90 191 237 84 271 250 81 79 140 262 77 100 257 149 191 173 138 48 28 238 66 33 307 81 223
leaf_count=42 114 170 41 178 161 90 191 237 84 271 250 81 79 140 262 77 100 257 149 191 173 138 48 28 238 66 33 307 81 223
internal_value=1.12562e-10 0.0220799 -0.0402144 0.0109436 -0.0250035 0.0555653 -0.0728564 -0.000434827 -0.0383095 -0.00587692 0.0306103 0.0443347 0.00637242 0.0758937 -0.0478382 -0.0805638 0.0246831 -0.0264896 -0.0716583 0.0537234 0.0160342 -0.00273955 -0.0371455 0.0657353 0.0210445 0.0248518 0.0471279 0.00208256 0.0266584 -0.0158782
internal_weight=4500 2905 1595 2180 1088 725 507 1381 764 1038 799 467 324 258 423 417 588 341 226 305 343 217 90 168 488 107 211 578 162 460
internal_count=4500 2905 1595 2180 1088 725 507 1381 764 1038 799 467 324 258 423 417 588 341 226 305 343 217 90 168 488 107 211 578 162 460
is_linear=0
shrinkage=0.1


Tree=10
num_leaves=31
num_cat=0
split_feature=2 0 2 0 2 0 0 2 2 2 2 0 2 0 2 0 2 0 0 0 2 0 2 0 2 0 0 2 2 2
split_gain=325.168 83.2063 73.6507 39.5272 29.4685 18.9498 14.4227 8.03505 7.53873 7.05506 6.60443 5.2509 5.05968 3.68179 3.53775 3.02653 2.9824 2.80705 2.54481 2.44839 2.22957 2.06077 2.01639 1.95829 1.79736 1.70854 1.35751 1.19718 1.16425 1.15545
threshold=1266.5000000000002 750.00000000000011 310.00000000000006 592.50000000000011 3315.0000000000005 435.00000000000006 435.00000000000006 2812.0000000000005 793.50000000000011 2916.5000000000005 2116.0000000000005 285.00000000000006 192.50000000000003 900.00000000000011 5614.0000000000009 1200.0000000000002 192.50000000000003 1200.0000000000002 1357.5000000000002 1357.5000000000002 758.00000000000011 285.00000000000006 4720.5000000000009 1200.0000000000002 4771.0000000000009 750.00000000000011 285.00000000000006 70.500000000000014 506.50000000000006 2055.0000000000005
decision_type=2 2 2 2 2 2 2 2 2 2 2 2 2 2 2 2 2 2 2 2 2 2 2 2 2 2 2 2 2 2
left_child=2 5 6 11 10 9 16 29 13 21 19 28 25 -5 18 -10 26 -12 -6 -3 -13 -2 -9 -14 -11 27 -1 -8 -4 -7
right_child=1 4 3 8 14 7 12 22 15 24 17 20 23 -15 -16 -17 -18 -19 -20 -21 -22 -23 -24 -25 -26 -27 -28 -29 -30 -31
leaf_value=-0.02783455371235808 0.05898334615760379 -0.0020316767996547292 0.0099289434826782645 -0.024286259625639236 0.029513682322759256 0.014792051651564084 -0.081137784169270449 0.040577375252799294 -0.013539569680432835 0.069932751491152009 0.014740613843974616 -0.0095110812319928722 -0.046404962241649632 -0.045925949085444312 0.045047418429301336 -0.030667064327280971 -0.0090691463480335344 0.0011157903783623887 0.015278566509765079 -0.015134237518213923 0.01013930088076263 0.041070652008056645 0.062270763310892832 -0.068979374078603897 0.093007555874911219 -0.081524850556879871 -0.057226205775232034 -0.054291705074517631 0.032568179491688228 0.028012248173228695
leaf_weight=30 126 322 31 105 306 152 26 164 223 145 268 114 94 313 91 192 43 347 213 256 117 131 58 65 44 243 33 46 85 117
leaf_count=30 126 322 31 105 306 152 26 164 223 145 268 114 94 313 91 192 43 347 213 256 117 131 58 65 44 243 33 46 85 117
internal_value=1.09247e-10 0.0215441 -0.0335403 -0.0191984 0.00898166 0.0457171 -0.0627185 0.0321634 -0.0310111 0.0606384 -0.000160018 0.00915887 -0.0701757 -0.0404901 0.0268604 -0.0214636 -0.0293724 0.00705311 0.0236715 -0.00783489 0.00044171 0.0498528 0.046245 -0.0556335 0.0753047 -0.077516 -0.0432302 -0.0639861 0.026518 0.0205421
internal_weight=4500 2740 1760 1180 1803 937 580 491 833 446 1193 347 474 418 610 415 106 615 519 578 231 257 222 159 189 315 63 72 116 269
internal_count=4500 2740 1760 1180 1803 937 580 491 833 446 1193 347 474 418 610 415 106 615 519 578 231 257 222 159 189 315 63 72 116 269
is_linear=0
shrinkage=0.1


Tree=11
num_leaves=31
num_cat=0
split_feature=2 0 2 0 2 0 0 0 2 2 2 2 2 2 2 0 0 0 0 0 0 0 2 0 0 2 2 0 2 2
split_gain=263.386 67.3971 60.3567 30.4831 23.953 16.0287 15.3494 8.08085 6.54394 5.94566 5.72442 4.65098 3.4915 3.36304 3.26603 2.76986 2.4852 1.81851 1.79031 1.75622 1.59229 1.53374 1.5219 1.46363 1.28136 1.20831 1.17893 1.17407 1.15097 1.14705
threshold=1266.5000000000002 750.00000000000011 378.50000000000006 435.00000000000006 3149.5000000000005 435.00000000000006 435.00000000000006 900.00000000000011 2942.5000000000005 192.50000000000003 3125.5000000000005 1926.0000000000002 4952.0000000000009 793.50000000000011 120.00000000000001 1050.0000000000002 900.00000000000011 285.00000000000006 1357.5000000000002 1050.0000000000002 285.00000000000006 285.00000000000006 5614.0000000000009 1200.0000000000002 285.00000000000006 758.00000000000011 61.000000000000007 1357.5000000000002 4396.5000000000009 2173.0000000000005
decision_type=2 2 2 2 2 2 2 2 2 2 2 2 2 2 2 2 2 2 2 2 2 2 2 2 2 2 2 2 2 2
left_child=2 6 5 20 11 14 10 25 29 23 17 19 18 -9 -1 -13 -11 -2 -6 -3 -4 28 -10 26 -16 -5 -7 -14 -12 -8
right_child=1 4 3 7 12 9 8 13 22 16 21 15 27 -15 24 -17 -18 -19 -20 -21 -22 -23 -24 -25 -26 -27 -28 -29 -30 -31
leaf_value=-0.045603148603723165 0.053918864446527819 0.00072194878674379851 0.027356697146845341 -0.017371754598771705 0.023683486056046855 -0.075006676023289309 0.01392093342285426 -0.038855949406841415 0.039306475188244476 -0.035625882731394824 0.070160910840761856 0.014527544112027627 0.041935074879127801 -0.023538127183795922 -0.0011084848977334332 0.00032268676271937174 -0.056667176241937435 0.037682886038507737 0.011602906036997242 -0.012978905594697401 0.010183493866309713 0.05917017485310392 0.064804301438508211 -0.077240172424516473 -0.024506982348181987 -0.0039133925773173718 -0.057566787394802137 0.025221325750921814 0.094491283030345527 0.026721868192156158
leaf_weight=42 136 134 101 116 297 59 168 263 176 89 59 191 103 315 50 488 152 140 209 310 116 82 27 143 44 157 113 71 29 120
leaf_count=42 136 134 101 116 297 59 168 263 176 89 59 191 103 315 50 488 152 140 209 310 116 82 27 143 44 157 113 71 29 120
internal_value=1.98167e-10 0.0193897 -0.0301863 -0.0152798 0.0080835 -0.0531921 0.0411454 -0.023811 0.028947 -0.0607192 0.0545746 -0.000885563 0.0228956 -0.030508 -0.0224196 0.00431846 -0.0488967 0.0456832 0.0186937 -0.00884396 0.0181766 0.06901 0.0426978 -0.0697644 -0.012061 -0.00963196 -0.0635491 0.0351151 0.0781789 0.0192547
internal_weight=4500 2740 1760 1068 1803 692 937 851 491 556 446 1123 680 578 136 679 241 276 506 444 217 170 203 315 94 273 172 174 88 288
internal_count=4500 2740 1760 1068 1803 692 937 851 491 556 446 1123 680 578 136 679 241 276 506 444 217 170 203 315 94 273 172 174 88 288
is_linear=0
shrinkage=0.1


Tree=12
num_leaves=31
num_cat=0
split_feature=2 0 2 2 0 2 0 0 2 0 0 2 2 2 2 2 0 0 2 0 2 0 2 0 0 0 2 2 0 0
split_gain=214.408 64.2356 31.3452 24.9072 23.7935 20.1301 12.1676 8.06669 5.34857 4.47183 4.33162 3.92339 3.54241 3.24788 2.12358 1.98052 1.87247 1.69765 1.65169 1.48468 1.20101 1.17831 1.12353 1.00904 0.990768 0.973851 0.966472 0.960694 0.936347 0.874647
threshold=889.50000000000011 900.00000000000011 192.50000000000003 2312.5000000000005 750.00000000000011 2173.0000000000005 435.00000000000006 435.00000000000006 3652.5000000000005 285.00000000000006 750.00000000000011 392.50000000000006 4018.5000000000005 1397.5000000000002 378.50000000000006 4720.5000000000009 285.00000000000006 1357.5000000000002 6299.0000000000009 285.00000000000006 61.000000000000007 285.00000000000006 1266.5000000000002 1357.5000000000002 1357.5000000000002 435.00000000000006 6121.0000000000009 378.50000000000006 1357.5000000000002 1357.5000000000002
decision_type=2 2 2 2 2 2 2 2 2 2 2 2 2 2 2 2 2 2 2 2 2 2 2 2 2 2 2 2 2 2
left_child=2 5 10 13 9 7 15 21 29 27 16 23 -8 24 -11 19 -1 -13 -10 -7 -18 -2 -9 -6 -3 -16 -14 -4 -15 -5
right_child=1 3 4 8 11 6 12 22 18 14 -12 17 26 28 25 -17 20 -19 -20 -21 -22 -23 -24 -25 -26 -27 -28 -29 -30 -31
leaf_value=-0.021825623037293556 0.037975380932335309 -0.01380544328182522 0.0011408177124926956 0.010207691459072521 -0.042893356482187908 0.060576670151203875 0.025110812739466349 -0.0016626781132899936 0.019094047937391584 -0.024220673248849134 -0.066199583980281668 -0.025491645660030246 0.039540256466065259 -0.00161734777873047 0.0038405822911365354 0.075654117633467133 -0.065608830136411334 -0.039384267322060205 0.040481966435909275 0.04512705305391107 -0.042752834398981553 0.023802971412412458 0.010481645184175182 -0.057619330051698184 -0.024809709236025809 -0.011005198904591749 0.060168825807394813 0.020870645800905845 -0.010209250007645394 0.0020995701507275206
leaf_weight=30 113 180 41 256 120 128 337 109 371 88 243 219 143 245 71 46 34 147 40 121 71 122 253 76 150 117 27 62 263 277
leaf_count=30 113 180 41 256 120 128 337 109 371 88 243 219 143 245 71 46 34 147 40 121 71 122 253 76 150 117 27 62 263 277
internal_value=8.24355e-11 0.0140558 -0.033898 0.00146476 -0.0241275 0.0300938 0.0404432 0.0161906 0.0126037 -0.0047641 -0.0582207 -0.0371858 0.0310477 -0.0110832 -0.0113998 0.0565908 -0.0438587 -0.0310715 0.0211756 0.053069 -0.0501538 0.0306178 0.00682493 -0.0486034 -0.0188074 -0.00539855 0.0428166 0.013017 -0.00606552 0.0059939
internal_weight=4500 3181 1319 1782 941 1399 802 597 944 379 378 562 507 838 276 295 135 366 411 249 105 235 362 196 330 188 170 103 508 533
internal_count=4500 3181 1319 1782 941 1399 802 597 944 379 378 562 507 838 276 295 135 366 411 249 105 235 362 196 330 188 170 103 508 533
is_linear=0
shrinkage=0.1


Tree=13
num_leaves=31
num_cat=0
split_feature=2 0 2 0 2 2 0 0 2 2 0 2 2 2 0 2 2 2 2 0 2 0 0 0 0 2 0 0 0 0
split_gain=174.355 54.0351 23.699 20.0324 19.7911 12.7846 10.3349 7.0728 5.14357 4.35041 3.86922 3.73856 3.12121 1.88009 1.80719 1.43166 1.28745 1.28572 1.17719 1.1145 1.11173 1.10485 1.0648 0.83347 0.800743 0.800174 0.79546 0.784524 0.7199 0.716014
threshold=758.00000000000011 900.00000000000011 2312.5000000000005 435.00000000000006 2027.5000000000002 192.50000000000003 435.00000000000006 435.00000000000006 192.50000000000003 3725.5000000000005 900.00000000000011 1397.5000000000002 3970.5000000000005 392.50000000000006 285.00000000000006 4331.0000000000009 1266.5000000000002 6299.0000000000009 392.50000000000006 285.00000000000006 70.500000000000014 1357.5000000000002 900.00000000000011 285.00000000000006 285.00000000000006 5987.0000000000009 1200.0000000000002 1515.0000000000002 1357.5000000000002 1200.0000000000002
decision_type=2 2 2 2 2 2 2 2 2 2 2 2 2 2 2 2 2 2 2 2 2 2 2 2 2 2 2 2 2 2
left_child=3 4 11 8 7 20 14 19 23 26 18 21 -8 -12 15 -6 -9 29 -7 -2 -5 -3 -22 -1 -10 -14 -4 -13 -15 -11
right_child=1 2 9 5 6 10 12 16 24 17 13 27 25 28 -16 -17 -18 -19 -20 -21 22 -23 -24 -25 -26 -27 -28 -29 -30 -31
leaf_value=-0.019643061061700186 0.032250190934827248 -0.01344881089260945 0.010844846388296144 -0.063717638212256136 0.053248345429503074 -0.028836814586513788 0.022032115013659502 -0.0029686569179123521 0.0086145425683421591 0.023762842590610189 -0.045769927997766816 -0.002659633602247555 0.035208988543990613 -0.026891407000839265 0.042642969241389987 0.077537184755007427 0.0087881917504635792 0.036433770023286342 -0.013615580081074899 0.019047484274558497 -0.040907467222742494 -0.023818830183396738 -0.056936376571655282 -0.042673253380891049 -0.005152504325490425 0.052931198670018109 0.0028956569112779107 -0.010975778564723614 -0.037967943492389862 0.014226870531598554
leaf_weight=30 124 221 193 128 127 93 357 157 85 120 161 337 143 133 154 30 229 40 112 132 62 192 125 33 84 31 362 171 105 229
leaf_count=30 124 221 193 128 127 93 357 157 85 120 161 337 143 133 154 30 229 40 112 132 62 192 125 33 84 31 362 171 105 229
internal_value=6.40236e-11 0.0115396 0.000208885 -0.0335762 0.0257794 -0.0402047 0.0358633 0.0125541 -0.00731933 0.0113434 -0.031687 -0.0112036 0.0273846 -0.0374239 0.0503398 0.0578895 0.00400626 0.019452 -0.0205208 0.0254425 -0.056537 -0.0182697 -0.051622 -0.0317065 0.00177175 0.0383664 0.00565997 -0.00545897 -0.0317781 0.0175057
internal_weight=4500 3349 1865 1151 1484 919 842 642 232 944 604 921 531 399 311 157 386 389 205 256 315 413 187 63 169 174 555 508 238 349
internal_count=4500 3349 1865 1151 1484 919 842 642 232 944 604 921 531 399 311 157 386 389 205 256 315 413 187 63 169 174 555 508 238 349
is_linear=0
shrinkage=0.1


Tree=14
num_leaves=31
num_cat=0
split_feature=2 0 2 2 0 2 2 0 0 0 0 2 2 0 0 2 0 2 2 2 0 2 2 2 0 0 0 2 2 0
split_gain=141.328 42.9279 23.0824 20.4325 15.7777 8.30085 4.364 4.06824 2.91742 2.89457 2.78628 2.70996 2.5485 2.41273 2.32246 1.56595 1.5515 1.44411 1.26446 1.11482 1.1077 0.988408 0.843524 0.806793 0.765696 0.754811 0.741217 0.719181 0.667678 0.655294
threshold=889.50000000000011 592.50000000000011 2497.5000000000005 192.50000000000003 750.00000000000011 2689.5000000000005 4286.5000000000009 1050.0000000000002 750.00000000000011 285.00000000000006 285.00000000000006 1532.5000000000002 392.50000000000006 285.00000000000006 900.00000000000011 1414.0000000000002 1200.0000000000002 378.50000000000006 70.500000000000014 1640.5000000000002 1357.5000000000002 5782.5000000000009 4476.5000000000009 1414.0000000000002 1515.0000000000002 285.00000000000006 1357.5000000000002 378.50000000000006 6121.0000000000009 435.00000000000006
decision_type=2 2 2 2 2 2 2 2 2 2 2 2 2 2 2 2 2 2 2 2 2 2 2 2 2 2 2 2 2 2
left_child=3 5 7 8 9 10 14 15 18 27 23 -9 24 22 -4 -3 28 -11 -1 -12 -14 -15 -7 -2 -6 -20 -16 -5 -8 -19
right_child=1 2 6 4 12 13 16 11 -10 17 19 -13 20 21 26 -17 -18 29 25 -21 -22 -23 -24 -25 -26 -27 -28 -29 -30 -31
leaf_value=-0.048193582725159979 0.024001706907382379 -0.0049980922505277539 0.020238584594935487 0.00016528171282715915 -0.035810763654235293 0.050722118900265803 0.027401809875639328 -0.01598447724668817 -0.05370688202940388 -0.019776172411035409 0.011957827836698937 -0.0040815448156650089 -0.020831273955433337 0.034877449671947523 0.011232332807600288 0.0070823447958833566 0.016941216224577369 0.0033241691174392234 -0.011584615246171043 0.023773889925355229 -0.032053307053588685 0.054995893899883547 0.071277324969951927 0.039385030877710593 -0.050148970842361452 -0.033391915743167584 0.0040507223582134846 0.01723593030004732 0.042641099180494038 -0.0088537994055793833
leaf_weight=49 52 168 194 41 146 86 161 330 243 88 167 455 219 191 283 297 164 71 21 153 147 28 26 99 50 65 292 62 35 117
leaf_count=49 52 168 194 41 146 86 161 330 243 88 167 455 219 191 283 297 164 71 21 153 147 28 26 99 50 65 292 62 35 117
internal_value=4.88107e-11 0.0114117 0.00466672 -0.0275212 -0.0196328 0.0314194 0.0150313 -0.00469456 -0.0471588 -0.00386485 0.0228908 -0.00908533 -0.0302664 0.0435553 0.0107774 0.0027178 0.024118 -0.00920356 -0.0353721 0.0176074 -0.0253385 0.0374497 0.0554939 0.0340875 -0.0394685 -0.0280669 0.00758532 0.0104408 0.0301231 -0.00425467
internal_weight=4500 3181 2379 1319 941 802 1129 1250 378 379 471 785 562 331 769 465 360 276 135 320 366 219 112 151 196 86 575 103 196 188
internal_count=4500 3181 2379 1319 941 802 1129 1250 378 379 471 785 562 331 769 465 360 276 135 320 366 219 112 151 196 86 575 103 196 188
is_linear=0
shrinkage=0.1


Tree=15
num_leaves=31
num_cat=0
split_feature=2 0 2 0 2 2 0 2 0 2 0 2 2 0 2 0 0 2 0 2 0 2 2 0 2 2 2 2 0 0
split_gain=115.027 36.1518 19.0528 13.318 11.0393 8.32357 4.25728 4.16363 3.6131 3.34395 2.68962 2.45703 1.35266 1.27226 1.18387 1.15429 1.08026 0.974236 0.915656 0.886405 0.845823 0.813224 0.767909 0.73837 0.650158 0.637195 0.611473 0.60308 0.558366 0.553635
threshold=758.00000000000011 750.00000000000011 2215.5000000000005 435.00000000000006 2215.5000000000005 192.50000000000003 435.00000000000006 3571.5000000000005 435.00000000000006 180.00000000000003 1050.0000000000002 1414.0000000000002 4331.0000000000009 1200.0000000000002 4090.5000000000005 1357.5000000000002 1200.0000000000002 392.50000000000006 1357.5000000000002 392.50000000000006 1200.0000000000002 1381.5000000000002 1397.5000000000002 285.00000000000006 378.50000000000006 5782.5000000000009 61.000000000000007 6299.0000000000009 285.00000000000006 285.00000000000006
decision_type=2 2 2 2 2 2 2 2 2 2 2 2 2 2 2 2 2 2 2 2 2 2 2 2 2 2 2 2 2 2
left_child=3 4 11 9 8 20 14 16 21 23 19 15 -8 25 28 -3 -4 -12 -13 -7 26 -2 -10 -1 -11 -9 -5 -15 -6 -16
right_child=1 2 7 5 6 10 12 13 22 24 17 18 -14 27 29 -17 -18 -19 -20 -21 -22 -23 -24 -25 -26 -27 -28 -29 -30 -31
leaf_value=-0.015422024366756279 0.01615973859477569 -0.0094549353290864866 0.0097461903973998509 -0.049381553470078166 0.042711218115356234 -0.024952783505037681 0.021070045592456028 0.020180241082181884 0.00056945526910365317 -0.0056967293990280044 -0.03834688364363769 0.00021108399409304945 0.036149375811219214 0.011081311589644361 0.060378785282373428 -0.019426917123425869 0.0015660127816762869 -0.027331398260228491 -0.0081811090268539503 -0.013434200279804721 -0.051537857751746276 0.026960879574705672 0.010878976680145695 -0.037799098882181893 0.0066386207153224562 0.034012035951018336 -0.03682161456847613 0.027362259119749072 0.032286411219713644 0.043940215806166333
leaf_weight=30 136 289 287 59 108 118 232 199 144 77 136 288 80 253 40 194 369 196 237 154 143 143 145 29 96 40 113 25 98 42
leaf_count=30 136 289 287 59 108 118 232 199 144 77 136 288 80 253 40 194 369 196 237 154 143 143 145 29 96 40 113 25 98 42
internal_value=2.61211e-11 0.00937291 0.00176963 -0.0272718 0.0235705 -0.0326765 0.0330295 0.0104339 0.0135785 -0.00586282 -0.0258037 -0.00831293 0.0249365 0.017145 0.0417969 -0.0134602 0.00514484 -0.0318438 -0.00357739 -0.0184312 -0.0458548 0.0216958 0.00574205 -0.0264209 0.00114832 0.0224952 -0.04113 0.0125454 0.0377518 0.051959
internal_weight=4500 3349 2181 1151 1168 919 600 1173 568 232 604 1008 312 517 288 483 656 332 525 272 315 279 289 59 173 239 172 278 206 82
internal_count=4500 3349 2181 1151 1168 919 600 1173 568 232 604 1008 312 517 288 483 656 332 525 272 315 279 289 59 173 239 172 278 206 82
is_linear=0
shrinkage=0.1


Tree=16
num_leaves=31
num_cat=0
split_feature=2 0 2 0 2 2 0 2 0 0 0 0 2 2 2 0 2 2 0 2 0 2 0 2 2 0 2 0 2 0
split_gain=93.4461 24.8582 20.9651 12.3008 10.5085 3.7328 3.71264 2.69126 2.58664 2.51403 2.27994 1.95657 1.51767 1.20097 1.14262 1.14076 0.990806 0.989644 0.920383 0.788581 0.757755 0.646441 0.5749 0.54909 0.547584 0.546595 0.532517 0.43409 0.410118 0.40244
threshold=1266.5000000000002 592.50000000000011 264.50000000000006 750.00000000000011 2942.5000000000005 3221.5000000000005 592.50000000000011 620.00000000000011 1050.0000000000002 435.00000000000006 1200.0000000000002 285.00000000000006 70.500000000000014 1781.0000000000002 4841.5000000000009 285.00000000000006 641.00000000000011 130.00000000000003 1515.0000000000002 524.00000000000011 1357.5000000000002 6121.0000000000009 1357.5000000000002 1781.0000000000002 6121.0000000000009 285.00000000000006 1781.0000000000002 285.00000000000006 4771.0000000000009 1515.0000000000002
decision_type=2 2 2 2 2 2 2 2 2 2 2 2 2 2 2 2 2 2 2 2 2 2 2 2 2 2 2 2 2 2
left_child=2 5 6 9 8 11 12 20 23 16 14 -2 -1 -10 -6 28 -4 -8 -9 -11 -5 -12 -19 -3 -17 -14 -13 -18 -7 -15
right_child=1 4 3 7 10 15 17 18 13 19 21 26 25 29 -16 24 27 22 -20 -21 -22 -23 -24 -25 -26 -27 -28 -29 -30 -31
leaf_value=-0.038224696709463997 0.032370153398349366 0.0014754218663609424 0.00130635842870106 -0.022400312198475863 0.016216758627533204 0.043856929705060763 -0.04507216150411452 -0.011762313186125438 -0.0094881241152315974 -0.015387674621032441 0.0079167835884846934 0.012617000378668308 -0.0046199712700940474 0.0014820326739292886 0.027515602759161935 0.031042222509329972 0.019580350703362264 -0.030280242723609331 -0.021861371237876986 -0.0024959732179239301 -0.032861709931622379 0.022701510367915036 -0.041997204195050632 0.0087150749617282679 0.048798227310180665 -0.020123889833941297 0.021354186353344604 0.0085283525820289332 0.060166562880788532 -0.0043276391465690602
leaf_weight=36 145 170 120 174 336 58 198 355 243 68 390 108 37 291 122 132 66 109 121 157 115 32 68 273 20 59 197 77 21 202
leaf_count=36 145 170 120 174 336 58 198 355 243 68 390 108 37 291 122 132 66 109 121 157 115 32 68 273 20 59 197 77 21 202
internal_value=3.96003e-11 0.0115493 -0.0179801 -0.0110376 0.00607151 0.0281113 -0.035138 -0.0189511 -0.000100499 0.00136787 0.0143406 0.0228069 -0.0207147 -0.00373441 0.0192265 0.0384448 0.00800665 -0.0402151 -0.0143295 -0.00639213 -0.0265632 0.0090379 -0.0347817 0.00593688 0.0333785 -0.0141484 0.0182604 0.0136293 0.0481924 -0.000898401
internal_weight=4500 2740 1760 1253 2059 681 507 765 1179 488 880 450 132 736 458 231 263 375 476 225 289 422 177 443 152 96 305 143 79 493
internal_count=4500 2740 1760 1253 2059 681 507 765 1179 488 880 450 132 736 458 231 263 375 476 225 289 422 177 443 152 96 305 143 79 493
is_linear=0
shrinkage=0.1


Tree=17
num_leaves=31
num_cat=0
split_feature=2 0 2 0 2 2 0 2 0 2 0 2 2 2 2 0 2 0 2 2 2 2 0 0 0 0 0 0 2 2
split_gain=76.0573 24.1624 9.93585 9.7489 8.2966 4.68872 4.53878 4.47484 2.97349 2.6009 1.55562 1.09732 0.983507 0.920073 0.835353 0.761041 0.760623 0.739606 0.70769 0.689435 0.563484 0.505824 0.458346 0.411997 0.404775 0.384291 0.375332 0.349962 0.300344 0.295038
threshold=805.50000000000011 900.00000000000011 2055.0000000000005 750.00000000000011 2733.5000000000005 180.00000000000003 435.00000000000006 274.50000000000006 435.00000000000006 3315.0000000000005 285.00000000000006 1532.5000000000002 1668.5000000000002 4611.0000000000009 1290.0000000000002 1357.5000000000002 5987.0000000000009 285.00000000000006 130.00000000000003 5064.5000000000009 378.50000000000006 45.000000000000007 1515.0000000000002 1515.0000000000002 285.00000000000006 1357.5000000000002 1515.0000000000002 1515.0000000000002 378.50000000000006 506.50000000000006
decision_type=2 2 2 2 2 2 2 2 2 2 2 2 2 2 2 2 2 2 2 2 2 2 2 2 2 2 2 2 2 2
left_child=3 4 14 5 6 17 12 18 19 22 28 -8 -2 -10 23 -9 25 -1 -5 24 -12 -19 -4 -3 -6 -11 -16 -20 -7 -17
right_child=1 2 9 7 8 10 11 15 13 16 20 -13 -14 -15 26 29 -18 21 27 -21 -22 -23 -24 -25 -26 -27 -28 -29 -30 -31
leaf_value=-0.012409682817136249 0.015443523285480647 -0.010153256267094631 0.0038348760719781661 -0.041688337525603372 0.038176259461202122 0.00081906199225269998 0.0005391589644001552 -0.018075811305666361 0.018095210325399427 0.013079145501924917 -0.014245521483699914 0.0096362099065930764 0.026282847687121358 0.02917416960000992 -0.0036690753445180087 -0.031507418155670167 0.02228402143060151 -0.043702013384212146 -0.029172905575897957 0.049373113386558767 -0.0043175265361055336 -0.026557087057853663 -0.0021334296003426736 -0.018137586411539015 0.028735188745904246 0.0072336367359363829 -0.0098092922816673915 -0.038972566507079393 0.012314520279566449 -0.022902261106406942
leaf_weight=30 182 223 371 171 95 41 237 246 262 229 92 301 155 105 296 75 59 22 108 33 151 79 197 91 87 221 150 55 51 85
leaf_count=30 182 223 371 171 95 41 237 246 262 229 92 301 155 105 296 75 59 22 108 33 151 79 197 91 87 221 150 55 51 85
internal_value=8.26414e-11 0.0078664 0.000238885 -0.0214858 0.0174832 -0.0101559 0.011329 -0.0286206 0.0267358 0.00641687 -0.00388332 0.00562877 0.020429 0.0212649 -0.00851597 -0.0215675 0.0116081 -0.0261965 -0.0371942 0.0360745 -0.00807627 -0.0302916 0.00176488 -0.0124672 0.0336632 0.0102084 -0.00573417 -0.0324795 0.00719154 -0.0269359
internal_weight=4500 3294 1837 1206 1457 466 875 740 582 1077 335 538 337 367 760 406 509 131 334 215 243 101 568 314 182 450 446 163 92 160
internal_count=4500 3294 1837 1206 1457 466 875 740 582 1077 335 538 337 367 760 406 509 131 334 215 243 101 568 314 182 450 446 163 92 160
is_linear=0
shrinkage=0.1


Tree=18
num_leaves=31
num_cat=0
split_feature=2 0 2 0 2 2 2 0 2 0 0 2 2 0 2 2 2 0 0 0 0 2 0 2 2 2 0 0 0 0
split_gain=61.7103 19.3472 8.94409 8.90237 4.97063 4.40225 4.32384 2.14359 2.07982 1.59895 1.52591 1.31572 0.813395 0.784692 0.779746 0.724637 0.634391 0.59909 0.585553 0.580892 0.559575 0.461322 0.437738 0.424604 0.372914 0.350102 0.332184 0.293579 0.290485 0.272542
threshold=889.50000000000011 750.00000000000011 2812.0000000000005 750.00000000000011 2715.0000000000005 349.00000000000006 170.50000000000003 435.00000000000006 1781.0000000000002 285.00000000000006 285.00000000000006 4889.5000000000009 130.00000000000003 1357.5000000000002 5614.0000000000009 1668.5000000000002 378.50000000000006 1357.5000000000002 1200.0000000000002 1357.5000000000002 285.00000000000006 1668.5000000000002 1515.0000000000002 4331.0000000000009 45.000000000000007 378.50000000000006 1357.5000000000002 435.00000000000006 285.00000000000006 435.00000000000006
decision_type=2 2 2 2 2 2 2 2 2 2 2 2 2 2 2 2 2 2 2 2 2 2 2 2 2 2 2 2 2 2
left_child=3 4 8 6 7 12 20 15 13 23 25 17 -5 -3 27 -2 -12 -4 -7 -10 -1 -9 -14 -6 -22 -8 -13 -11 -17 -18
right_child=1 2 11 5 9 18 10 21 19 14 16 26 22 -15 -16 28 29 -19 -20 -21 24 -23 -24 -25 -26 -27 -28 -29 -30 -31
leaf_value=-0.011833261252780046 0.013988240648759529 -0.0045809011915624734 0.010350815336020926 -0.037519503600503268 0.033074135817587377 -0.013386185618457936 0.00061612238777194962 0.0033820251875846283 0.0035281903447913934 0.025805804291938211 -0.013068709727756832 0.020808319503610784 -0.025272146175305051 -0.011726253597842509 0.0357492385166032 0.027833570690849158 0.0017425610807652152 0.0042513731409777782 -0.020954316196397014 -0.0026825773956179319 -0.039331812208349054 0.01080465707489673 -0.034802930917538388 0.04702441394329071 -0.024479514309396485 0.012358650493045006 0.012142974223840882 0.019040783937319672 0.019052027962687942 -0.0061111244890424939
leaf_weight=28 160 378 379 171 80 186 43 165 330 94 98 110 150 259 42 79 71 280 227 277 22 170 71 30 73 62 74 202 72 117
leaf_count=28 160 378 379 171 80 186 43 165 330 94 98 110 150 259 42 79 71 280 227 277 22 170 71 30 73 62 74 202 72 117
internal_value=3.06088e-11 0.00754072 0.00189429 -0.0181858 0.0183123 -0.0247505 -0.00790451 0.012699 -0.00349474 0.0264065 -0.00276032 0.00984678 -0.032341 -0.00748615 0.0229984 0.0186775 -0.0065455 0.00775925 -0.0175459 0.000693952 -0.0242572 0.00714873 -0.0283341 0.0368788 -0.027919 0.00754981 0.0173233 0.0211891 0.0236463 -0.0031451
internal_weight=4500 3181 2087 1319 1094 805 514 646 1244 448 391 843 392 637 338 311 286 659 413 607 123 335 221 110 95 105 184 296 151 188
internal_count=4500 3181 2087 1319 1094 805 514 646 1244 448 391 843 392 637 338 311 286 659 413 607 123 335 221 110 95 105 184 296 151 188
is_linear=0
shrinkage=0.1


Tree=19
num_leaves=31
num_cat=0
split_feature=2 0 2 0 2 0 2 0 0 2 2 0 2 2 2 0 0 0 2 0 0 0 0 0 0 2 2 2 0 0
split_gain=50.306 13.6602 11.2716 5.80249 5.01476 3.22106 2.88595 1.92753 1.62128 1.3988 1.04937 0.949677 0.792421 0.705642 0.703788 0.644466 0.639748 0.538074 0.465661 0.430885 0.429164 0.412672 0.391159 0.35871 0.320157 0.253215 0.246357 0.23607 0.223782 0.214121
threshold=1266.5000000000002 750.00000000000011 378.50000000000006 900.00000000000011 3315.0000000000005 750.00000000000011 3241.0000000000005 435.00000000000006 435.00000000000006 130.00000000000003 1802.5000000000002 285.00000000000006 130.00000000000003 6299.0000000000009 641.00000000000011 1200.0000000000002 285.00000000000006 1357.5000000000002 6121.0000000000009 285.00000000000006 1357.5000000000002 285.00000000000006 1515.0000000000002 1515.0000000000002 285.00000000000006 2153.0000000000005 4771.0000000000009 641.00000000000011 1200.0000000000002 1515.0000000000002
decision_type=2 2 2 2 2 2 2 2 2 2 2 2 2 2 2 2 2 2 2 2 2 2 2 2 2 2 2 2 2 2
left_child=2 6 5 8 10 9 7 21 19 24 23 26 28 17 29 -12 -11 -6 -13 -4 -14 -2 -16 -3 -1 -9 -8 -10 -7 -5
right_child=1 4 3 14 13 12 11 25 27 16 15 18 20 -15 22 -17 -18 -19 -20 -21 -22 -23 -24 -25 -26 -27 -28 -29 -30 -31
leaf_value=-0.013693283417176093 0.02398259770380308 -0.00292018408758676 0.012482176412192018 -0.016538255705187719 0.012350104078425383 -0.029625795401532103 0.032213195740130915 0.0063117930988910199 -0.0083614705652907129 0.00084565151591959882 0.0048697535411851428 0.021294841400924185 -0.02147575250851947 0.022397089734052619 -0.0092520112770941697 -0.00078193692114168214 -0.012830648068416895 0.0060612866238215178 0.035023714601993564 0.0035486933149011996 -0.029744394314945289 0.016463925034981477 -0.01607457959727079 -0.0099349550736865192 -0.027201175906166837 0.011860541761652825 0.044883384874888826 -0.0019467464930692407 -0.036927245572670221 -0.024170002847347619
leaf_weight=23 146 262 101 120 331 74 57 166 82 48 346 210 148 48 286 484 119 231 28 116 109 146 119 101 74 163 21 191 97 53
leaf_count=23 146 262 101 120 331 74 57 166 82 48 346 210 148 48 286 484 119 231 28 116 109 146 119 101 74 163 21 191 97 53
internal_value=8.47231e-11 0.00847393 -0.0131924 -0.00675063 0.00338384 -0.0231342 0.0182684 0.0143095 0.00125486 -0.0144473 -0.000387294 0.0260484 -0.0284925 0.0107592 -0.0135373 0.00157407 -0.00889974 0.0097652 0.02291 0.00770667 -0.0249827 0.0202233 -0.0112567 -0.00487195 -0.0239983 0.00906087 0.0356244 -0.00387351 -0.0337676 -0.0188763
internal_weight=4500 2740 1760 1068 1803 692 937 621 490 264 1193 316 428 610 578 830 167 562 238 217 257 292 405 363 97 329 78 273 171 173
internal_count=4500 2740 1760 1068 1803 692 937 621 490 264 1193 316 428 610 578 830 167 562 238 217 257 292 405 363 97 329 78 273 171 173
is_linear=0
shrinkage=0.1


Tree=20
num_leaves=31
num_cat=0
split_feature=2 0 2 0 2 2 0 2 0 2 2 2 0 0 2 2 0 0 2 0 2 0 0 2 0 2 0 2 2 0
split_gain=40.8996 13.5563 5.54871 4.998 4.78924 2.72108 2.49645 1.90707 1.6391 1.02432 1.01472 0.919232 0.683807 0.610043 0.521924 0.475005 0.40947 0.366879 0.345031 0.330189 0.324522 0.315246 0.306558 0.288505 0.265417 0.264544 0.249413 0.215646 0.189328 0.165247
threshold=776.00000000000011 900.00000000000011 2437.0000000000005 592.50000000000011 2092.5000000000005 264.50000000000006 435.00000000000006 130.00000000000003 435.00000000000006 1532.5000000000002 4221.0000000000009 3621.5000000000005 900.00000000000011 285.00000000000006 5410.5000000000009 53.500000000000007 1515.0000000000002 1357.5000000000002 6980.5000000000009 285.00000000000006 1266.5000000000002 285.00000000000006 1515.0000000000002 6121.0000000000009 1515.0000000000002 70.500000000000014 1515.0000000000002 392.50000000000006 378.50000000000006 1515.0000000000002
decision_type=2 2 2 2 2 2 2 2 2 2 2 2 2 2 2 2 2 2 2 2 2 2 2 2 2 2 2 2 2 2
left_child=3 4 9 7 8 15 14 25 21 16 26 -8 -7 -9 19 -5 -3 -17 29 -6 -10 -2 27 -13 -11 -1 -4 -14 -15 -12
right_child=1 2 10 5 6 12 11 13 20 24 18 23 22 28 -16 17 -18 -19 -20 -21 -22 -23 -24 -25 -26 -27 -28 -29 -30 -31
leaf_value=-0.02643053200509813 0.016276767513737446 -0.0065093613148098839 0.0050067454732326752 -0.032936423129579999 0.027113271201479022 -0.0085498408124852592 0.0100984745005158 0.0044678778695166933 -0.0012192007477407913 -0.00030941602972620096 0.011751432558803848 0.017246923743126294 -0.020061643537081467 -0.0093992013691200152 0.038637408786095111 -0.021884000564981354 -0.012838165849855502 -0.029345052595277435 0.023593502417206764 0.020200526161175788 0.0046557688230875627 0.0092402906695938196 -0.022042478500592589 0.028286858675656498 -0.0051181014593484264 -0.014130479078192046 0.00070089042978817783 -0.013499804768053925 -0.0026306116972694693 0.0062363802087435751
leaf_weight=36 123 341 395 89 145 119 302 96 155 330 165 192 71 72 26 183 146 103 20 132 239 132 99 27 176 34 204 170 97 81
leaf_count=36 123 341 395 89 145 119 302 96 155 330 165 192 71 72 26 183 146 103 20 132 239 132 99 27 176 34 204 170 97 81
internal_value=6.74692e-11 0.00564772 -3.24587e-05 -0.0160929 0.0128125 -0.020237 0.017873 -0.00577591 0.00638754 -0.00513289 0.00582272 0.0136754 -0.015074 -0.0018981 0.0250906 -0.0265564 -0.0084067 -0.024571 0.0109624 0.0238191 0.00234455 0.0126344 -0.0173575 0.018608 -0.001982 -0.0204562 0.00354031 -0.015433 -0.00551427 0.0099355
internal_weight=4500 3331 1858 1169 1473 834 824 335 649 993 865 521 459 265 303 375 487 286 266 277 394 255 340 219 506 70 599 241 169 246
internal_count=4500 3331 1858 1169 1473 834 824 335 649 993 865 521 459 265 303 375 487 286 266 277 394 255 340 219 506 70 599 241 169 246
is_linear=0
shrinkage=0.1


Tree=21
num_leaves=31
num_cat=0
split_feature=2 0 2 2 0 0 2 0 2 0 0 0 0 2 2 2 0 2 2 2 2 0 2 0 0 2 2 2 2 0
split_gain=33.3416 9.6707 6.44796 4.42521 3.57767 2.07098 1.58334 1.04312 0.969281 0.935084 0.890382 0.712756 0.605128 0.550768 0.485509 0.467832 0.406359 0.354298 0.284506 0.273608 0.259289 0.254187 0.239724 0.221191 0.218916 0.191833 0.185828 0.184973 0.173241 0.164185
threshold=1157.5000000000002 592.50000000000011 372.50000000000006 2942.5000000000005 900.00000000000011 900.00000000000011 3221.5000000000005 1050.0000000000002 70.500000000000014 435.00000000000006 900.00000000000011 285.00000000000006 285.00000000000006 1727.5000000000002 4611.0000000000009 130.00000000000003 285.00000000000006 641.00000000000011 5196.0000000000009 2070.5000000000005 1781.0000000000002 285.00000000000006 6980.5000000000009 1515.0000000000002 1357.5000000000002 6121.0000000000009 4771.0000000000009 1926.0000000000002 641.00000000000011 1515.0000000000002
decision_type=2 2 2 2 2 2 2 2 2 2 2 2 2 2 2 2 2 2 2 2 2 2 2 2 2 2 2 2 2 2
left_child=2 6 5 7 9 8 11 20 -1 21 18 27 -10 -9 29 -7 26 -6 -5 -13 -3 -4 -16 -17 -19 -18 -8 -2 -11 -12
right_child=1 3 4 10 17 15 16 13 12 28 14 19 -14 -15 22 23 25 24 -20 -21 -22 -23 -24 -25 -26 -27 -28 -29 -30 -31
leaf_value=-0.023936734021161546 0.015051872252601468 0.00040794464182831417 0.0094775457124018844 0.012201373649673313 -0.015487209195849998 -0.028618407015656606 0.026211271306564067 -0.0063289620750825414 -0.0014606715041859928 -0.0072540615468328316 0.0062426757330544466 0.0077770396368578082 -0.013025976335341784 -0.00087630055114325592 0.0096669713546911826 -0.018792121874085115 0.018905301002616233 -0.007495650145814152 0.021204697323399923 0.013555166362784804 0.0050755331116206538 0.0022352158687066379 0.02123415220528841 -0.025574368238449097 -0.012746343297583847 0.029414784833788871 0.037189826795033049 0.021896378280118454 -0.0017114152021448063 0.0022322304492005179
leaf_weight=66 73 211 90 191 181 145 58 289 59 88 299 168 194 516 172 134 132 170 43 160 273 105 20 75 149 20 21 86 157 155
leaf_count=66 73 211 90 191 181 145 58 289 59 88 299 168 194 516 172 134 132 170 43 160 273 105 20 75 149 20 21 86 157 155
internal_value=3.91565e-11 0.006434 -0.0115158 0.00310405 -0.00616598 -0.018988 0.0164934 -0.000628041 -0.0131443 0.000410516 0.00857071 0.0132592 -0.0103289 -0.00283384 0.00665628 -0.0242539 0.0233118 -0.0119533 0.0138558 0.0105956 0.0030407 0.00557783 0.0108719 -0.0212259 -0.00994817 0.0202881 0.0291296 0.0187539 -0.00370224 0.00487347
internal_weight=4500 2887 1613 2169 940 673 718 1289 319 440 880 487 253 805 646 354 231 500 234 328 484 195 192 209 319 152 79 159 245 454
internal_count=4500 2887 1613 2169 940 673 718 1289 319 440 880 487 253 805 646 354 231 500 234 328 484 195 192 209 319 152 79 159 245 454
is_linear=0
shrinkage=0.1


Tree=22
num_leaves=31
num_cat=0
split_feature=2 0 0 2 2 2 2 0 0 2 0 2 2 2 0 0 2 0 2 2 2 2 2 0 2 0 2 2 0 0
split_gain=27.0222 8.63434 3.92199 3.2097 2.7562 1.94943 1.89615 1.63981 0.789711 0.620816 0.62041 0.549671 0.467143 0.434127 0.37185 0.306158 0.294389 0.258595 0.25401 0.244127 0.243257 0.23116 0.227864 0.212563 0.189084 0.188716 0.171526 0.170471 0.152651 0.141752
threshold=889.50000000000011 900.00000000000011 750.00000000000011 2541.5000000000005 3176.0000000000005 180.00000000000003 274.50000000000006 435.00000000000006 435.00000000000006 4221.0000000000009 285.00000000000006 1552.5000000000002 1668.5000000000002 1727.5000000000002 1357.5000000000002 285.00000000000006 53.500000000000007 1515.0000000000002 5196.0000000000009 5469.0000000000009 524.00000000000011 6763.0000000000009 45.000000000000007 1515.0000000000002 506.50000000000006 1357.5000000000002 506.50000000000006 506.50000000000006 1515.0000000000002 285.00000000000006
decision_type=2 2 2 2 2 2 2 2 2 2 2 2 2 2 2 2 2 2 2 2 2 2 2 2 2 2 2 2 2 2
left_child=2 4 5 11 7 15 16 12 19 28 24 17 -2 -9 26 -1 -4 -3 -10 -6 -12 -11 -17 -13 -7 -18 -8 -16 -5 -14
right_child=1 3 6 9 8 10 14 13 18 21 20 23 29 -15 27 22 25 -19 -20 -21 -22 -23 -24 -25 -26 -27 -28 -29 -30 -31
leaf_value=-0.0068698609806597229 0.0090731534044607553 -0.0046404156207368154 -0.027624760881850598 0.0042490357237043117 0.021321241525667056 0.0011786322798702474 -0.012849941757333472 0.0015735974251666997 0.012541170638314515 0.0079343336231286529 -0.0068933707034086874 3.2201865268039651e-05 0.018848207933562143 0.0070220239742186333 -0.01946545837322871 -0.027375636723908511 -0.018248503143588703 -0.01006479473784566 0.019852496243891168 0.03223715697725614 -0.00099460585189700842 0.01754005708332573 -0.015868332765147656 -0.004108356678989367 0.0097970908821519952 -0.023730726374520197 -0.0078968435586257678 -0.01329397626959526 0.00073243655528502677 0.013600832496834274
leaf_weight=30 160 296 76 367 140 57 123 262 215 238 145 350 105 331 75 22 150 125 61 24 135 28 79 192 46 108 162 111 186 101
leaf_count=30 160 296 76 367 140 57 123 262 215 238 145 350 105 331 75 22 150 125 61 24 135 28 79 192 46 108 162 111 186 101
internal_value=3.203e-11 0.00498993 -0.0120341 0.000373696 0.0108699 -0.00520996 -0.0163914 0.00786342 0.0174228 0.00497573 -0.00160826 -0.00354018 0.0131269 0.00461479 -0.0123044 -0.0157401 -0.0221547 -0.00625098 0.0141571 0.0229187 -0.00404932 0.00894546 -0.0183749 -0.00143456 0.00502765 -0.0205434 -0.0100345 -0.0157825 0.00306624 0.0162755
internal_weight=4500 3181 1319 1782 1399 514 805 959 440 819 383 963 366 593 471 131 334 421 276 164 280 266 101 542 103 258 285 186 553 206
internal_count=4500 3181 1319 1782 1399 514 805 959 440 819 383 963 366 593 471 131 334 421 276 164 280 266 101 542 103 258 285 186 553 206
is_linear=0
shrinkage=0.1


Tree=23
num_leaves=31
num_cat=0
split_feature=2 0 2 2 0 0 2 0 2 0 0 2 0 0 0 2 2 0 2 0 2 0 2 2 2 2 2 0 0 2
split_gain=22.0334 6.19336 4.99859 2.64848 2.55721 1.50149 0.933302 0.746963 0.621611 0.614152 0.52419 0.480307 0.475625 0.360792 0.305387 0.302712 0.286854 0.285129 0.192659 0.175191 0.174772 0.173919 0.168292 0.130383 0.120095 0.115808 0.106232 0.0987751 0.0969632 0.0959118
threshold=1290.0000000000002 592.50000000000011 392.50000000000006 3315.0000000000005 592.50000000000011 592.50000000000011 3571.5000000000005 1200.0000000000002 70.500000000000014 1200.0000000000002 1200.0000000000002 130.00000000000003 285.00000000000006 285.00000000000006 285.00000000000006 1727.5000000000002 5782.5000000000009 1357.5000000000002 1926.0000000000002 1200.0000000000002 641.00000000000011 285.00000000000006 2070.5000000000005 776.00000000000011 641.00000000000011 6299.0000000000009 6121.0000000000009 900.00000000000011 900.00000000000011 180.00000000000003
decision_type=2 2 2 2 2 2 2 2 2 2 2 2 2 2 2 2 2 2 2 2 2 2 2 2 2 2 2 2 2 2
left_child=2 6 5 7 13 8 12 18 -1 23 16 19 -2 -4 -8 -9 27 -13 -3 -7 -11 -10 -14 -6 -15 -12 -16 -5 -20 -23
right_child=1 3 4 10 9 11 14 15 21 20 25 17 22 24 26 -17 -18 -19 28 -21 -22 29 -24 -25 -26 -27 -28 -29 -30 -31
leaf_value=-0.01961639232855911 0.016155595518648626 0.0005914897438517848 0.0081907850964104429 0.011127425978581112 -0.0068690120212673402 -0.018952215721111488 0.025744828101127378 -0.0056561222590971738 -0.00098171653835812489 -0.013735160292549568 0.0044979531018704668 -0.013347183729021862 0.006880695212207035 -0.0027572260283294223 0.015842611501807147 -0.00078234070615133009 0.017485933560951083 -0.019632383934887393 0.0056657325667661754 -0.024902561445211628 -0.0089718813906470851 -0.011913371054189548 0.011455107432982279 -0.0031686685091508837 0.0024959496608361192 0.011577519226819278 0.023806900829076768 0.0075903087252654246 0.0025801474807283157 -0.0053843984735153973
leaf_weight=36 160 263 102 162 163 101 62 170 63 110 305 203 140 62 103 509 51 112 196 97 257 35 189 229 146 25 20 154 212 63
leaf_count=36 160 263 102 162 163 101 62 170 63 110 305 203 140 62 103 509 51 112 196 97 257 35 189 229 146 25 20 154 212 63
internal_value=3.70048e-11 0.00565794 -0.00865388 0.00292034 -0.00433395 -0.0151581 0.0139723 0.000335766 -0.00773717 -0.0074597 0.00792632 -0.0180079 0.0116835 0.0033191 0.0200222 -0.00200258 0.0105268 -0.0155819 0.00270199 -0.0218673 -0.0103996 -0.00508095 0.00950855 -0.00470733 0.000930099 0.00503428 0.0171376 0.00940364 0.00406244 -0.00771617
internal_weight=4500 2721 1779 2047 1069 710 674 1350 197 759 697 513 489 310 185 679 367 315 671 198 367 161 329 392 208 330 123 316 408 98
internal_count=4500 2721 1779 2047 1069 710 674 1350 197 759 697 513 489 310 185 679 367 315 671 198 367 161 329 392 208 330 123 316 408 98
is_linear=0
shrinkage=0.1


Tree=24
num_leaves=31
num_cat=0
split_feature=2 0 2 0 2 2 0 0 0 2 2 0 2 2 0 2 2 2 0 2 0 2 0 0 0 2 2 0 2 2
split_gain=17.8888 5.32483 3.46124 2.29298 2.12719 1.15894 0.765278 0.703345 0.643084 0.399256 0.386644 0.373764 0.372198 0.370474 0.23293 0.230552 0.213393 0.194824 0.186055 0.179431 0.173902 0.171848 0.17183 0.163947 0.153099 0.137807 0.137095 0.132724 0.115255 0.112557
threshold=1157.5000000000002 750.00000000000011 264.50000000000006 900.00000000000011 2942.5000000000005 3241.0000000000005 592.50000000000011 435.00000000000006 435.00000000000006 130.00000000000003 506.50000000000006 285.00000000000006 1926.0000000000002 4952.0000000000009 1515.0000000000002 45.000000000000007 2043.5000000000002 641.00000000000011 1357.5000000000002 641.00000000000011 1515.0000000000002 6299.0000000000009 1357.5000000000002 1515.0000000000002 1200.0000000000002 45.000000000000007 3970.5000000000005 1515.0000000000002 6763.0000000000009 1668.5000000000002
decision_type=2 2 2 2 2 2 2 2 2 2 2 2 2 2 2 2 2 2 2 2 2 2 2 2 2 2 2 2 2 2
left_child=2 5 6 8 12 7 9 16 19 25 27 26 24 18 -14 -8 -2 -10 -6 -4 -12 -13 -17 28 -3 -1 -7 -5 -15 -9
right_child=1 4 3 10 13 11 15 29 17 -11 20 21 14 23 -16 22 -18 -19 -20 -21 -22 -23 -24 -25 -26 -27 -28 -29 -30 -31
leaf_value=-0.020919903450048877 0.0092208093037885238 -0.0011138354441801175 0.00063618843637717277 -0.011835777361429375 0.006017847399328374 0.017150781676173212 -0.022625220475131519 0.0026305784467984799 -0.0064578187353132909 -0.002884792249542736 -0.0065133056137710813 0.012802827299058996 0.0019018078831066711 0.010134657897124782 -0.0024529475503534612 -0.014583163336879507 0.014396674635928947 -0.0012770305284792796 0.0024547521159023859 0.0061516918442693766 -0.011036811787180785 0.021726585645228627 -0.019559846666676026 0.0044531239746985118 -0.0045011923910043368 -0.01109826409071684 0.025560507994322551 -0.017936441849689094 0.017937361351821734 0.006465936557071496
leaf_weight=20 165 236 120 131 341 36 73 113 135 62 275 214 412 107 175 194 154 157 257 116 123 24 108 44 307 50 42 49 23 237
leaf_count=20 165 236 120 131 341 36 73 113 135 62 275 214 412 107 175 194 154 157 257 116 123 24 108 44 307 50 42 49 23 237
internal_value=2.15941e-11 0.00471279 -0.00843511 -0.00529875 0.00162219 0.0106806 -0.0152769 0.00832317 -0.000534774 -0.00872855 -0.00965062 0.0156716 -0.00114199 0.00566822 0.000603542 -0.017582 0.0117195 -0.00367226 0.00448655 0.0033472 -0.00791127 0.0137027 -0.0163629 0.00972934 -0.00302897 -0.0139044 0.0216791 -0.0134965 0.0115151 0.00522766
internal_weight=4500 2887 1613 1106 1902 985 507 669 528 132 578 316 1130 772 587 375 319 292 598 236 398 238 302 174 543 70 78 180 130 350
internal_count=4500 2887 1613 1106 1902 985 507 669 528 132 578 316 1130 772 587 375 319 292 598 236 398 238 302 174 543 70 78 180 130 350
is_linear=0
shrinkage=0.1


Tree=25
num_leaves=31
num_cat=0
split_feature=2 0 2 0 2 2 2 2 0 0 0 2 0 0 0 0 2 2 0 2 2 2 2 0 2 0 0 0 2 0
split_gain=14.5366 4.92022 2.82888 1.80955 1.07741 0.970884 0.717691 0.62478 0.585445 0.38821 0.383912 0.331339 0.283376 0.270527 0.222019 0.207441 0.20164 0.197004 0.189921 0.188199 0.168161 0.152301 0.117726 0.112719 0.105873 0.0999205 0.0870403 0.0865654 0.0810155 0.0793852
threshold=776.00000000000011 592.50000000000011 2437.0000000000005 900.00000000000011 2092.5000000000005 180.00000000000003 180.00000000000003 4286.5000000000009 1050.0000000000002 285.00000000000006 435.00000000000006 1552.5000000000002 285.00000000000006 900.00000000000011 1357.5000000000002 285.00000000000006 4331.0000000000009 1414.0000000000002 1515.0000000000002 3970.5000000000005 6492.0000000000009 36.500000000000007 392.50000000000006 1515.0000000000002 392.50000000000006 1515.0000000000002 1515.0000000000002 285.00000000000006 61.000000000000007 435.00000000000006
decision_type=2 2 2 2 2 2 2 2 2 2 2 2 2 2 2 2 2 2 2 2 2 2 2 2 2 2 2 2 2 2
left_child=3 4 8 5 12 15 28 13 17 19 27 23 -2 -4 20 -1 29 -3 24 -6 -9 -17 -12 -10 -8 -15 -13 -7 -5 -11
right_child=1 2 7 6 9 10 18 14 11 16 22 26 -14 25 -16 21 -18 -19 -20 -21 -22 -23 -24 -25 -26 -27 -28 -29 -30 -31
leaf_value=-0.0043783126119524242 0.0099731391764291358 -0.0016527878886072615 0.0063315183173238048 -0.020928979342853704 0.015155086759477854 0.0028586983893935185 -0.011835202494682361 0.0090767514392517609 -0.0044782449750462548 0.011687599325419538 -0.0083071045213258792 -0.00052315483907939967 0.0041439174806317553 0.0030252452408470378 0.0048244076567698357 -0.020795184435943762 0.015790158272203474 0.0023619651061629783 -0.014183989057476207 0.023004456857840222 0.017759381860494614 -0.012002896857871252 -0.0035127756510056523 -0.0079603257919409996 -0.0079651018752552143 0.00031672312083509435 -0.0034505326243655372 -0.0015041617788023928 -0.016735096245271263 0.0080285872554495229
leaf_weight=30 123 214 202 74 112 89 121 207 250 112 93 244 259 402 128 24 72 285 129 42 25 110 114 148 170 206 174 93 122 126
leaf_count=30 123 214 202 74 112 89 121 207 250 112 93 244 259 402 128 24 72 285 129 42 25 110 114 148 170 206 174 93 122 126
internal_value=2.30129e-11 0.00336701 0.00112454 -0.00959411 0.00995394 -0.00544165 -0.0133219 0.0047015 -0.002058 0.0131919 -0.00272103 -0.003708 0.00602087 0.00316094 0.00816777 -0.0118948 0.0111532 0.000640207 -0.0109901 0.0172958 0.0100124 -0.0135776 -0.00566675 -0.00577309 -0.00957432 0.00210756 -0.00174173 0.000629325 -0.0183185 0.00975048
internal_weight=4500 3331 2485 1169 846 553 616 1170 1315 464 389 816 382 810 360 164 310 499 420 154 232 134 207 398 291 608 418 182 196 238
internal_count=4500 3331 2485 1169 846 553 616 1170 1315 464 389 816 382 810 360 164 310 499 420 154 232 134 207 398 291 608 418 182 196 238
is_linear=0
shrinkage=0.1


Tree=26
num_leaves=31
num_cat=0
split_feature=2 0 2 0 2 0 0 2 2 2 0 0 0 0 0 2 2 2 2 2 2 2 0 2 2 0 2 4 2 2
split_gain=11.8605 3.39065 2.70588 1.37418 1.26682 0.820184 0.708912 0.37676 0.368786 0.353574 0.317278 0.260562 0.233321 0.226905 0.201826 0.201219 0.181063 0.140823 0.138934 0.105919 0.104313 0.10097 0.0991641 0.0765283 0.0714657 0.0707265 0.0667278 0.0655191 0.0632973 0.0605268
threshold=1290.0000000000002 750.00000000000011 392.50000000000006 750.00000000000011 3241.0000000000005 900.00000000000011 435.00000000000006 70.500000000000014 3571.5000000000005 3841.0000000000005 285.00000000000006 1357.5000000000002 285.00000000000006 1200.0000000000002 1515.0000000000002 130.00000000000003 5013.0000000000009 1926.0000000000002 1727.5000000000002 5469.0000000000009 2092.5000000000005 506.50000000000006 1515.0000000000002 6763.0000000000009 4952.0000000000009 435.00000000000006 180.00000000000003 1059.5000000000002 776.00000000000011 36.500000000000007
decision_type=2 2 2 2 2 2 2 2 2 2 2 2 2 2 2 2 2 2 2 2 2 2 2 2 2 2 2 2 2 2
left_child=2 6 5 10 11 7 9 29 27 20 -4 17 -9 28 16 -7 -6 -3 -13 -11 -2 -15 -17 -18 -10 -12 -14 -8 -5 -1
right_child=1 4 3 13 14 15 8 12 24 19 25 18 26 21 -16 22 23 -19 -20 -21 -22 -23 -24 -25 -26 -27 -28 -29 -30 -31
leaf_value=-0.017887198925018312 0.0082910977926387974 -0.00088333740361312132 0.0062227529851809904 -0.005672122907155186 0.0051167453526240461 -0.017291136168200393 0.0036284775597068969 -0.00060249051700035736 0.0093464891167031119 0.015299907065927982 0.0017695713632063224 -0.0048957587327151941 -0.0098839313045821411 -0.011514173696438472 0.0022850618711834224 -0.011027201205508997 0.0084017836728814948 0.0021532182332746836 -0.0010927416239994343 0.022874404583126309 0.011853797746887759 -0.0069347401709866632 -0.015461031122035103 0.014817599401525831 0.014369837287813426 -0.0013805985156765783 -0.0061848683925205495 0.006458128419996218 -0.0026905141525223552 -0.01175981839922698
leaf_weight=28 140 249 102 121 342 145 218 63 97 80 113 128 77 57 173 150 97 395 385 24 199 310 76 23 40 193 133 131 173 38
leaf_count=28 140 249 102 121 342 145 218 63 97 80 113 128 77 57 173 150 97 395 385 24 199 310 76 23 40 193 133 131 173 38
internal_value=3.54513e-11 0.00415115 -0.00634924 -0.00317085 0.0016095 -0.0111347 0.00905389 -0.00757912 0.00641651 0.0119473 0.00139271 -0.000360235 -0.00593995 -0.00598769 0.00519846 -0.0143836 0.0062894 0.000979146 -0.00204164 0.0170479 0.0103825 -0.00764599 -0.0125182 0.00963148 0.0108132 -0.0002173 -0.00754119 0.00469061 -0.00391764 -0.0143593
internal_weight=4500 2721 1779 1069 1792 710 929 339 486 443 408 1157 273 661 635 371 462 644 513 104 339 367 226 120 137 306 210 349 294 66
internal_count=4500 2721 1779 1069 1792 710 929 339 486 443 408 1157 273 661 635 371 462 644 513 104 339 367 226 120 137 306 210 349 294 66
is_linear=0
shrinkage=0.1


Tree=27
num_leaves=31
num_cat=0
split_feature=2 0 0 2 4 2 0 2 0 0 2 2 2 2 2 0 2 2 2 0 0 2 2 0 0 2 0 2 0 2
split_gain=9.65746 3.20166 1.44792 1.15973 1.03319 0.872116 0.461093 0.418461 0.371259 0.350622 0.285352 0.220639 0.163745 0.149964 0.149139 0.145122 0.138032 0.129235 0.125292 0.115266 0.10724 0.101288 0.0975608 0.0831298 0.0821038 0.0805199 0.0781354 0.0773444 0.0626417 0.0608606
threshold=889.50000000000011 900.00000000000011 435.00000000000006 2942.5000000000005 1343.0000000000002 192.50000000000003 435.00000000000006 130.00000000000003 285.00000000000006 1200.0000000000002 2043.5000000000002 6492.0000000000009 6980.5000000000009 1414.0000000000002 1414.0000000000002 1357.5000000000002 524.00000000000011 392.50000000000006 506.50000000000006 1515.0000000000002 1515.0000000000002 36.500000000000007 4771.0000000000009 285.00000000000006 285.00000000000006 3970.5000000000005 1515.0000000000002 4331.0000000000009 435.00000000000006 2916.5000000000005
decision_type=2 2 2 2 2 2 2 2 2 2 2 2 2 2 2 2 2 2 2 2 2 2 2 2 2 2 2 2 2 2
left_child=2 4 7 10 6 15 14 24 22 17 19 27 20 -8 -2 21 -9 -7 -11 -3 25 -4 -6 -16 -1 -5 -12 28 -10 -15
right_child=1 3 5 12 8 9 13 16 11 18 26 -13 -14 29 23 -17 -18 -19 -20 -21 -22 -23 -24 -25 -26 -27 -28 -29 -30 -31
leaf_value=-0.0054397142978142143 0.004385928641271743 -0.002137903391877115 -0.01608386278845543 0.0027871244414093195 0.013950117210666819 -0.0074643734778624543 0.00014649446464630781 -0.0010022919395781778 0.0098723442604144417 -0.011525198803106443 0.0011776926468895594 0.018283751542153566 0.012462219540029766 0.0031111873565287801 0.010902884092043949 -0.016309008676381336 0.0040197639438779428 -0.0038386006936938924 -0.0074830757171203133 -0.0049070410290838334 0.0014348875331069355 -0.010641393731320333 0.021730521097779273 0.0070145038255889497 -0.014088087599901928 0.0055733693645543189 -0.0016164478729096072 0.010154116791155604 0.0063104393616394737 0.0061821199453821994
leaf_weight=23 108 470 43 204 83 153 163 131 66 158 293 23 20 303 108 105 94 275 149 221 211 167 20 112 21 211 152 135 196 82
leaf_count=23 108 470 43 204 83 153 163 131 66 158 293 23 20 303 108 105 94 275 149 221 211 167 20 112 21 211 152 135 196 82
internal_value=3.17233e-11 0.00298309 -0.00719423 0.000172084 0.00656365 -0.00887123 0.00446383 -0.000648348 0.0100807 -0.00698452 -0.00175168 0.00876132 0.00355505 0.00268887 0.00742932 -0.0132735 0.00109581 -0.00513473 -0.00956339 -0.00302355 0.00327047 -0.0117558 0.0154609 0.00892335 -0.00956735 0.00420375 0.00022329 0.00820964 0.00720771 0.00376526
internal_weight=4500 3181 1319 1782 1399 1050 876 269 523 735 1136 420 646 548 328 315 225 428 307 691 626 210 103 220 44 415 445 397 262 385
internal_count=4500 3181 1319 1782 1399 1050 876 269 523 735 1136 420 646 548 328 315 225 428 307 691 626 210 103 220 44 415 445 397 262 385
is_linear=0
shrinkage=0.1


Tree=28
num_leaves=31
num_cat=0
split_feature=2 0 2 2 0 0 2 0 2 0 2 0 0 2 0 0 2 2 0 0 0 2 2 2 0 2 0 2 0 0
split_gain=7.85117 2.3548 1.50642 0.948345 0.899515 0.557983 0.538646 0.333177 0.256122 0.247596 0.204576 0.177128 0.159061 0.142944 0.141194 0.121603 0.111759 0.102949 0.0995926 0.0870121 0.0784714 0.0744997 0.0631521 0.0620031 0.0463922 0.043144 0.0426177 0.0481916 0.041184 0.0390769
threshold=1157.5000000000002 750.00000000000011 392.50000000000006 3221.5000000000005 900.00000000000011 900.00000000000011 3841.0000000000005 435.00000000000006 70.500000000000014 285.00000000000006 2043.5000000000002 285.00000000000006 285.00000000000006 120.00000000000001 1200.0000000000002 1515.0000000000002 2043.5000000000002 6121.0000000000009 1515.0000000000002 1515.0000000000002 1515.0000000000002 2193.5000000000005 6299.0000000000009 4396.5000000000009 435.00000000000006 36.500000000000007 592.50000000000011 264.50000000000006 285.00000000000006 285.00000000000006
decision_type=2 2 2 2 2 2 2 2 2 2 2 2 2 2 2 2 2 2 2 2 2 2 2 2 2 2 2 2 2 2
left_child=2 6 5 10 9 8 7 16 25 -4 19 -8 -10 -7 17 -6 29 -5 -12 -3 -15 -9 -13 -16 -11 -1 -14 -28 -18 -2
right_child=1 3 4 14 15 13 11 21 12 24 18 22 26 20 23 -17 28 -19 -20 -21 -22 -23 -24 -25 -26 -27 27 -29 -30 -31
leaf_value=-0.014670663167323387 0.0076268059031174675 -0.0011007987699534689 0.0052911815645635477 0.0051923517163394639 -0.0047668126895467743 -0.014294559793437229 0.016644551765684988 0.0024400965414446848 -0.00034340285134339143 0.0010900511588260997 0.001545394987362637 0.009104634793868787 -0.0045495286768026727 -0.0089082655846892348 0.0016816496370997388 -0.0082086692029308232 0.010958419651502654 0.011670814792591112 -0.0011863464795397985 -0.003752338161694747 -0.01276463743299246 0.005174017281586691 0.014650870005910597 0.0043575620570525352 -0.0014906892741960969 -0.0094974378221913403 -0.0090425496354051265 -0.0047773829856237703 0.008115483011410695 0.004548895231122712
leaf_weight=28 82 448 86 268 335 136 51 194 63 99 443 142 98 155 203 148 105 27 191 171 80 205 24 151 235 38 69 43 99 83
leaf_count=28 82 448 86 268 335 136 51 194 63 99 443 142 98 155 203 148 105 27 191 171 80 205 24 151 235 38 69 43 99 83
internal_value=3.58953e-11 0.00312216 -0.00558814 0.0010669 -0.00287832 -0.00903457 0.00709079 0.00584775 -0.00610187 0.000506297 -0.000540136 0.0114901 -0.00475037 -0.0117143 0.00416954 -0.00582146 0.00801361 0.0057853 0.000722426 -0.00183329 -0.0102211 0.00384474 0.0099065 0.00282307 -0.000725739 -0.0116921 -0.00607246 -0.00740503 0.00957876 0.00607852
internal_weight=4500 2887 1613 1902 903 710 985 768 339 420 1253 217 273 371 649 483 369 295 634 619 235 399 166 354 334 66 210 112 204 165
internal_count=4500 2887 1613 1902 903 710 985 768 339 420 1253 217 273 371 649 483 369 295 634 619 235 399 166 354 334 66 210 112 204 165
is_linear=0
shrinkage=0.1


Tree=29
num_leaves=31
num_cat=0
split_feature=2 0 4 0 4 2 0 2 0 0 2 2 2 2 0 0 2 2 2 2 2 2 0 0 2 0 2 0 2 2
split_gain=6.43207 2.25222 0.91543 0.800394 0.779969 0.435339 0.357589 0.309746 0.253082 0.213304 0.200341 0.158899 0.13874 0.127692 0.105405 0.0963559 0.0873281 0.0836402 0.0791089 0.0756615 0.0682 0.0608162 0.0582036 0.0488184 0.0472791 0.0415482 0.0394121 0.0387216 0.0373014 0.0361074
threshold=776.00000000000011 900.00000000000011 1267.5000000000002 900.00000000000011 1234.5000000000002 130.00000000000003 435.00000000000006 180.00000000000003 285.00000000000006 285.00000000000006 1727.5000000000002 6492.0000000000009 1414.0000000000002 6980.5000000000009 1515.0000000000002 1515.0000000000002 3725.5000000000005 4771.0000000000009 392.50000000000006 1640.5000000000002 36.500000000000007 4581.0000000000009 1357.5000000000002 435.00000000000006 61.000000000000007 285.00000000000006 392.50000000000006 592.50000000000011 506.50000000000006 3652.5000000000005
decision_type=2 2 2 2 2 2 2 2 2 2 2 2 2 2 2 2 2 2 2 2 2 2 2 2 2 2 2 2 2 2
left_child=3 4 10 5 6 20 19 24 17 -7 14 21 -8 16 -3 26 -4 -6 27 25 -1 23 -18 -10 -5 -2 -9 -11 -17 -12
right_child=1 2 13 7 8 9 12 15 11 18 29 -13 -14 -15 -16 28 22 -19 -20 -21 -22 -23 -24 -25 -26 -27 -28 -29 -30 -31
leaf_value=-0.01320359701556819 0.0061395411141390022 -0.0022791060795176411 0.0014216025589687609 -0.014137856682410112 0.010920255072414876 0.0020347544486867264 -0.00028774017835600648 -0.0077002312066341352 0.0080470880033907954 -0.0032261193195620599 -0.00073939667926024421 0.015068030001028724 0.0029715362520886125 0.010560843721032144 -0.0052257314114427635 -0.010957006935643245 0.0049511816789163283 0.017887405483495624 -0.0017746576411798766 0.0075613538846373562 -0.0075878965837948373 0.0085298419064074229 0.0023028797671807897 0.0051660069688522527 -0.010934047236061487 0.0031277648566471299 -0.0053389682445456003 -0.0062781755498537194 -0.0074667368084192281 0.0021596682522980934
leaf_weight=28 86 407 379 74 96 96 208 121 77 78 500 23 351 20 173 79 168 21 167 150 95 114 164 249 122 98 170 89 50 47
leaf_count=28 86 407 379 74 96 96 208 121 77 78 500 23 351 20 173 79 168 21 167 150 95 114 164 249 122 98 170 89 50 47
internal_value=1.90378e-11 0.0022397 -7.55471e-05 -0.00638189 0.00516008 -0.00362021 0.00330558 -0.00886112 0.00801536 -0.0021196 -0.00186321 0.00696529 0.00175878 0.00268054 -0.00315801 -0.00732927 0.00245887 0.0121708 -0.00331366 0.00589438 -0.00886627 0.00654174 0.00364298 0.00584651 -0.0121436 0.00453544 -0.0063208 -0.00485266 -0.00960419 -0.0004903
internal_weight=4500 3331 1858 1169 1473 553 893 616 580 430 1127 463 559 731 580 420 711 117 334 334 123 440 332 326 196 184 291 167 129 547
internal_count=4500 3331 1858 1169 1473 553 893 616 580 430 1127 463 559 731 580 420 711 117 334 334 123 440 332 326 196 184 291 167 129 547
is_linear=0
shrinkage=0.1


Tree=30
num_leaves=31
num_cat=0
split_feature=2 0 2 2 0 0 2 2 0 0 0 0 0 2 0 2 2 2 4 2 2 4 2 2 2 0 4 2 0 0
split_gain=5.21602 1.5176 1.29634 0.590733 0.582796 0.452321 0.248772 0.21269 0.18237 0.158066 0.149139 0.135928 0.127301 0.0970065 0.0954622 0.0888202 0.0875991 0.066675 0.0660906 0.0630324 0.0589359 0.0530993 0.0530591 0.0513967 0.0463991 0.0623223 0.0406178 0.0386002 0.0376561 0.0352956
threshold=1397.5000000000002 592.50000000000011 506.50000000000006 3315.0000000000005 592.50000000000011 1200.0000000000002 130.00000000000003 3725.5000000000005 1200.0000000000002 592.50000000000011 1050.0000000000002 1050.0000000000002 285.00000000000006 130.00000000000003 285.00000000000006 5782.5000000000009 5987.0000000000009 36.500000000000007 1457.5000000000002 6763.0000000000009 241.50000000000003 1029.5000000000002 180.00000000000003 1024.5000000000002 283.50000000000006 435.00000000000006 866.50000000000011 264.50000000000006 1515.0000000000002 285.00000000000006
decision_type=2 2 2 2 2 2 2 2 2 2 2 2 2 2 2 2 2 2 2 2 2 2 2 2 2 2 2 2 2 2
left_child=2 7 5 8 14 6 17 12 21 20 15 -6 -2 -7 -4 -5 29 -1 -10 28 22 -3 -8 -13 -22 -26 -14 -11 -12 -9
right_child=1 3 4 10 11 13 9 16 18 27 19 23 26 -15 -16 -17 -18 -19 -20 -21 24 -23 -24 -25 25 -27 -28 -29 -30 -31
leaf_value=-0.011853232616331519 0.0083664369197633068 0.00069015406856511832 0.004666481540577176 0.0049526521069575341 -0.0014140899130407807 -0.012579379361314872 -0.0022312252993949436 0.011342395991086961 -0.0014881927131887831 -0.0071373982656620111 0.0031803769005655418 -0.0051255268064623544 0.0035407726188591963 -0.0087380406132890106 0.00086276542067900751 0.010102613021930058 0.015410226928415122 -0.0072281879233196374 0.00097903150509416441 0.007665935442006837 -0.006578974387957715 0.0025698153306296392 0.0043313550031078719 -0.0029926478920608126 -9.5484338260789898e-05 -0.0060227684502024209 0.0058580448389230245 -0.0044294523796653612 0.001190685816989203 0.0080478031668932207
leaf_weight=41 158 366 96 237 286 97 22 50 496 88 239 258 131 204 211 39 27 130 139 24 24 255 28 201 68 24 179 131 158 93
leaf_count=41 158 366 96 237 286 97 22 50 496 88 239 258 131 204 211 39 27 130 139 24 24 255 28 201 68 24 179 131 158 93
internal_value=1.48162e-11 0.00292235 -0.00396638 0.00153909 -0.00161437 -0.00685356 -0.0051632 0.00715669 0.000243504 -0.00375349 0.00387375 -0.00312529 0.00605626 -0.00997595 0.0020522 0.00568036 0.0101861 -0.00833712 -0.000948123 0.00268936 -0.00142617 0.001462 0.00144382 -0.00419152 -0.00266323 -0.00164173 0.00487881 -0.00551758 0.00238851 0.00919976
internal_weight=4500 2591 1909 1953 1052 857 556 638 1256 385 697 745 468 301 307 276 170 171 635 421 166 621 50 459 116 92 310 219 397 143
internal_count=4500 2591 1909 1953 1052 857 556 638 1256 385 697 745 468 301 307 276 170 171 635 421 166 621 50 459 116 92 310 219 397 143
is_linear=0
shrinkage=0.1


Tree=31
num_leaves=31
num_cat=0
split_feature=2 0 4 0 2 2 0 2 0 0 2 2 2 2 2 0 0 0 0 2 2 4 2 0 0 0 2 0 0 2
split_gain=4.25552 1.51295 0.608684 0.530397 0.526255 0.28019 0.273157 0.205784 0.1708 0.149745 0.133223 0.096601 0.0901135 0.083399 0.0733479 0.0722587 0.070752 0.0650923 0.05472 0.0531134 0.0487583 0.0385677 0.0369122 0.0361436 0.0359792 0.0328407 0.0320107 0.0296082 0.0284992 0.0262654
threshold=776.00000000000011 900.00000000000011 1267.5000000000002 900.00000000000011 2824.5000000000005 130.00000000000003 435.00000000000006 180.00000000000003 435.00000000000006 285.00000000000006 1802.5000000000002 5410.5000000000009 4611.0000000000009 1414.0000000000002 4611.0000000000009 1515.0000000000002 1515.0000000000002 285.00000000000006 285.00000000000006 392.50000000000006 6980.5000000000009 40.500000000000007 1414.0000000000002 1515.0000000000002 1515.0000000000002 1357.5000000000002 1058.5000000000002 1515.0000000000002 1050.0000000000002 392.50000000000006
decision_type=2 2 2 2 2 2 2 2 2 2 2 2 2 2 2 2 2 2 2 2 2 2 2 2 2 2 2 2 2 2
left_child=3 4 10 5 6 18 17 24 11 -7 15 -6 23 -8 -10 28 29 22 -1 -11 25 -20 26 -4 -5 -14 -2 -12 -3 -9
right_child=1 2 12 7 8 9 13 16 14 19 27 -13 20 -15 -16 -17 -18 -19 21 -21 -22 -23 -24 -25 -26 -27 -28 -29 -30 -31
leaf_value=-0.002753523785782897 0.0071670047365702122 -0.00050558330760395618 0.0020879794601115801 -0.0088636304777115586 0.0081339917012623383 0.0017418216650791391 -0.00020622417866029559 -0.0062225482060981928 0.0043840908584456429 -0.0040004900707005841 0.00022304667315019866 0.014666547998785973 0.004900962742976845 0.0023129603331998199 0.0075392560359267965 -0.0041702185566804776 -0.0079099859342036793 0.0035970927219531913 -0.010961367942703268 -0.0014784102448613372 0.0087259823782369489 -0.0067848176219319897 0.007437150931434224 0.00034994224991688304 -0.011682465253397823 0.0021046784563276606 0.0026598471775650979 -0.0013509916321767224 -0.0023255866865192253 -0.00429492959218538
leaf_weight=23 26 120 365 125 175 96 209 121 247 167 328 26 84 354 105 187 129 183 33 167 20 67 108 178 71 84 40 188 304 170
leaf_count=23 26 120 365 125 175 96 209 121 247 167 328 26 84 354 105 187 129 183 33 167 20 67 108 178 71 84 40 188 304 170
internal_value=1.43354e-11 0.00182175 -7.58399e-05 -0.00519099 0.00421533 -0.00294286 0.00274989 -0.00720919 0.00665329 -0.00173898 -0.00153355 0.008979 0.00217154 0.00137777 0.00532526 -0.0025327 -0.00596061 0.00491377 -0.00715154 -0.00273945 0.00405848 -0.00816308 0.00629855 0.00151824 -0.00988474 0.00350282 0.00443539 -0.00035044 -0.00181049 -0.00509645
internal_weight=4500 3331 1858 1169 1473 553 920 616 553 430 1127 201 731 563 352 611 420 357 123 334 188 100 174 543 196 168 66 516 424 291
internal_count=4500 3331 1858 1169 1473 553 920 616 553 430 1127 201 731 563 352 611 420 357 123 334 188 100 174 543 196 168 66 516 424 291
is_linear=0
shrinkage=0.1


Tree=32
num_leaves=31
num_cat=0
split_feature=2 0 2 0 4 2 2 0 2 0 2 0 2 0 0 2 2 2 0 0 2 0 0 2 2 4 2 2 0 2
split_gain=3.46428 1.17185 0.624069 0.547808 0.291925 0.238046 0.162702 0.154186 0.116542 0.116348 0.106805 0.0846614 0.0780873 0.0757995 0.0724883 0.0670698 0.0642607 0.0605132 0.0591397 0.0587177 0.0555722 0.0426316 0.039463 0.0394 0.0362332 0.0309143 0.026411 0.0314094 0.0253251 0.0235092
threshold=889.50000000000011 592.50000000000011 2840.5000000000005 435.00000000000006 127.50000000000001 2092.5000000000005 180.00000000000003 1200.0000000000002 4476.5000000000009 1050.0000000000002 5987.0000000000009 285.00000000000006 1727.5000000000002 1357.5000000000002 285.00000000000006 170.50000000000003 1552.5000000000002 641.00000000000011 1200.0000000000002 1515.0000000000002 6763.0000000000009 285.00000000000006 1515.0000000000002 392.50000000000006 213.50000000000003 2021.5000000000002 2497.5000000000005 2689.5000000000005 1515.0000000000002 506.50000000000006
decision_type=2 2 2 2 2 2 2 2 2 2 2 2 2 2 2 2 2 2 2 2 2 2 2 2 2 2 2 2 2 2
left_child=3 5 7 6 13 21 11 16 18 23 14 -1 28 15 26 -5 -3 -8 -4 20 -10 -2 -11 24 -6 -16 -7 -28 -9 -24
right_child=1 2 8 4 9 10 17 12 19 22 -12 -13 -14 -15 25 -17 -18 -19 -20 -21 -22 -23 29 -25 -26 -27 27 -29 -30 -31
leaf_value=-0.0011979565024375916 0.0047016276480254101 -0.00075505307454555993 0.0028633441076681841 -0.0076525620737811556 -0.0015462667903835504 0.01126321649977139 -4.0007063664884513e-05 -0.0019661062248491068 0.0045052645832153139 -0.004637989500110502 0.012666523353093201 -0.0087751632363631798 -0.00070612283323577085 -0.009977465039807034 0.0044862173916457374 -0.0032667448588075462 0.0011667027589634207 0.0037367603075157819 0.00091931760368747599 0.0018175646022427828 0.009407599996596289 0.0022989642201175792 -0.0079985439939062215 -0.0020604157306984743 -0.0053961463074531715 0.0066477972742857291 0.0039010295999192058 0.0081309607792123453 -0.0037178263358866714 -0.0054430934406506518
leaf_weight=30 109 290 316 168 34 21 151 174 209 247 27 29 388 110 185 44 435 59 310 74 26 229 72 216 87 103 21 107 157 72
leaf_count=30 109 290 316 168 34 21 151 174 209 247 27 29 388 110 185 44 435 59 310 74 26 229 72 216 87 103 21 107 157 72
internal_value=1.56526e-11 0.00178665 0.000672247 -0.00430883 -0.00534034 0.00509236 -0.000282493 -0.000631043 0.00268503 -0.00423141 0.00656278 -0.00492235 -0.00166867 -0.00784748 0.00618566 -0.0067423 0.000398 0.00102108 0.00190065 0.0042741 0.00504765 0.00307379 -0.00540507 -0.0028697 -0.00431436 0.00525928 0.00797625 0.00743699 -0.00279698 -0.00672082
internal_weight=4500 3181 2379 1319 1050 802 269 1444 935 728 464 59 719 322 437 212 725 210 626 309 235 338 391 337 121 288 149 128 331 144
internal_count=4500 3181 2379 1319 1050 802 269 1444 935 728 464 59 719 322 437 212 725 210 626 309 235 338 391 337 121 288 149 128 331 144
is_linear=0
shrinkage=0.1


Tree=33
num_leaves=31
num_cat=0
split_feature=2 0 2 0 0 0 4 2 2 2 0 2 0 2 0 2 0 2 2 0 2 0 0 2 3 2 2 2 0 4
split_gain=2.81879 0.84052 0.711909 0.32441 0.25592 0.234905 0.23095 0.151198 0.133913 0.08183 0.0789767 0.0757172 0.0715382 0.0625143 0.0611922 0.0558009 0.0556192 0.0532918 0.0460554 0.0437681 0.0415735 0.037288 0.0359142 0.0324409 0.0285308 0.0230967 0.0221601 0.020366 0.0202717 0.0184947
threshold=1414.0000000000002 900.00000000000011 506.50000000000006 750.00000000000011 1200.0000000000002 285.00000000000006 1471.5000000000002 3282.5000000000005 180.00000000000003 3942.5000000000005 285.00000000000006 213.50000000000003 285.00000000000006 6492.0000000000009 435.00000000000006 130.00000000000003 1357.5000000000002 6980.5000000000009 2454.5000000000005 592.50000000000011 45.000000000000007 1515.0000000000002 1515.0000000000002 264.50000000000006 29.42881011962891 3970.5000000000005 1157.5000000000002 264.50000000000006 1515.0000000000002 866.50000000000011
decision_type=2 2 2 2 2 2 2 2 2 2 2 2 2 2 2 2 2 2 2 2 2 2 2 2 2 2 2 2 2 2
left_child=2 5 4 10 8 9 18 19 12 -2 -4 -10 -1 -9 23 -6 -5 22 21 29 -14 -3 25 -13 -22 -8 -18 -16 -17 -7
right_child=1 6 3 16 15 7 17 13 11 -11 -12 14 20 -15 27 28 26 -19 -20 -21 24 -23 -24 -25 -26 -27 -28 -29 -30 -31
leaf_value=-0.0010781608149409295 0.0062243599378104721 -0.00046577220964857236 0.0035178557157098337 -0.0017956327031924389 -0.0093620476533764416 0.0025764234822750112 0.0017518442714444392 0.0048388137185675344 0.0021474636334460231 0.01111323178507561 0.00026235471694036598 -0.004501957204192877 -0.0089523213373942558 0.010240425120877184 -0.0059628066081530984 -0.0054615040021514507 -0.0042539883217118171 0.0071403253031894574 0.00042796536533362521 0.0017264090005766491 -0.0048701325618293921 -0.0022503256777822067 0.00075765559105718549 1.8392399895721564e-05 -0.008404315435992819 0.0032952305171692255 -0.0022289353055959128 -0.003461547830955146 -0.0074553023508547034 0.0042274754746265859
leaf_weight=30 168 335 98 399 97 126 219 313 32 43 311 20 46 23 41 103 187 20 327 308 124 180 189 77 28 174 76 158 101 147
leaf_count=30 168 335 98 399 97 126 219 313 32 43 311 20 46 23 41 103 187 20 327 308 124 180 189 77 28 174 76 158 101 147
internal_value=1.64841e-11 0.00216692 -0.00289073 -0.00117181 -0.00503887 0.00421227 0.000569169 0.00352004 -0.0037674 0.00722067 0.0010424 -0.00247349 -0.00562881 0.00520857 -0.00297305 -0.00738751 -0.00253981 0.00206483 -0.000500175 0.00254355 -0.0063183 -0.0010895 0.00189041 -0.000913638 -0.00552117 0.00243518 -0.0036688 -0.00397688 -0.00644863 0.00346545
internal_weight=4500 2572 1928 1071 857 1128 1444 917 556 211 409 328 228 336 296 301 662 602 842 581 198 515 582 97 152 393 263 199 204 273
internal_count=4500 2572 1928 1071 857 1128 1444 917 556 211 409 328 228 336 296 301 662 602 842 581 198 515 582 97 152 393 263 199 204 273
is_linear=0
shrinkage=0.1


Tree=34
num_leaves=31
num_cat=0
split_feature=2 0 4 4 0 0 2 2 2 2 0 2 0 2 0 2 2 0 0 0 0 0 2 0 0 2 0 0 3 2
split_gain=2.2963 0.871576 0.391421 0.340254 0.256469 0.151531 0.122355 0.10576 0.0947951 0.0806105 0.0788846 0.0754144 0.0704586 0.0483333 0.0409303 0.0345273 0.0329421 0.0326418 0.0294443 0.0247576 0.0242587 0.0232661 0.0207381 0.0346224 0.0224129 0.0203802 0.0180019 0.0167086 0.0166487 0.0157916
threshold=641.00000000000011 900.00000000000011 907.50000000000011 1379.0000000000002 900.00000000000011 285.00000000000006 130.00000000000003 6492.0000000000009 3725.5000000000005 61.000000000000007 285.00000000000006 1727.5000000000002 285.00000000000006 1157.5000000000002 1515.0000000000002 6980.5000000000009 36.500000000000007 1515.0000000000002 592.50000000000011 1050.0000000000002 1357.5000000000002 592.50000000000011 264.50000000000006 750.00000000000011 435.00000000000006 392.50000000000006 1200.0000000000002 592.50000000000011 478.00328063964849 80.500000000000014
decision_type=2 2 2 2 2 2 2 2 2 2 2 2 2 2 2 2 2 2 2 2 2 2 2 2 2 2 2 2 2 2
left_child=4 3 13 5 6 -2 16 10 17 -6 -5 18 -8 19 25 20 -1 28 -7 -3 -10 -13 23 -14 -24 -11 -15 -26 -4 -18
right_child=1 2 8 7 9 11 12 -9 15 14 -12 21 22 26 -16 -17 29 -19 -20 -21 -22 -23 24 -25 27 -27 -28 -29 -30 -31
leaf_value=-0.0082472031536911222 0.0044880295190336088 -0.00087737732012440467 0.00037683609295045785 0.0074025366514762674 -0.0087442029871650645 0.001312978357042485 0.00097554100001320603 0.011480176284909249 0.0029442626654546805 -0.0051430629458005042 0.0041688039688441017 0.0033005430261084049 -0.0024527558095989721 -0.00041994441481024144 -0.0065589480109141535 0.0064262927696108821 -0.0031467587901644559 -0.00059700741644185679 -0.0002822487231939267 -0.0031521879325384951 0.0013103275910606111 0.0017301777925137496 -0.00016556189778687744 -0.0070606949104165487 -0.0041729395272119378 -0.0034597339669874476 -0.0015847676795416505 -0.001753688657233997 0.0016249178702349564 -0.0057323701002381065
leaf_weight=28 194 59 255 94 74 236 83 25 189 201 382 170 63 203 148 20 51 218 227 253 175 212 60 22 41 112 383 94 184 44
leaf_count=28 194 59 255 94 74 236 83 25 189 201 382 170 63 203 148 20 51 218 227 253 175 212 60 22 41 112 383 94 184 44
internal_value=1.48152e-11 0.00122375 -0.000186825 0.0029998 -0.00416986 0.00196762 -0.00250698 0.00514037 0.00113279 -0.00568045 0.0048074 0.00138897 -0.00158336 -0.00171657 -0.00518866 0.00238099 -0.00523277 0.000403243 0.000530869 -0.00272202 0.00215872 0.00242903 -0.00234189 -0.0036454 -0.0017737 -0.00454072 -0.00118125 -0.00248842 0.00089995 -0.00434431
internal_weight=4500 3479 1939 1540 1021 1039 486 501 1041 535 476 845 363 898 461 384 123 657 463 312 364 382 280 85 195 313 586 135 439 95
internal_count=4500 3479 1939 1540 1021 1039 486 501 1041 535 476 845 363 898 461 384 123 657 463 312 364 382 280 85 195 313 586 135 439 95
is_linear=0
shrinkage=0.1


Tree=35
num_leaves=31
num_cat=0
split_feature=2 0 2 0 4 0 0 2 2 0 0 2 0 2 2 0 2 0 2 2 4 2 2 2 2 2 0 3 2 0
split_gain=1.8733 0.563865 0.466922 0.238942 0.193443 0.143996 0.120691 0.106307 0.0766289 0.070068 0.0660358 0.0606528 0.0499812 0.04304 0.0367576 0.0346705 0.0305818 0.0303774 0.0290476 0.0283794 0.0280929 0.0230407 0.0198206 0.0189279 0.044713 0.028309 0.0312198 0.0282936 0.0216991 0.0157122
threshold=1414.0000000000002 750.00000000000011 392.50000000000006 592.50000000000011 1661.5000000000002 285.00000000000006 285.00000000000006 61.000000000000007 4331.0000000000009 1200.0000000000002 1050.0000000000002 4476.5000000000009 1357.5000000000002 6763.0000000000009 241.50000000000003 285.00000000000006 2437.0000000000005 1357.5000000000002 889.50000000000011 3571.5000000000005 866.50000000000011 805.50000000000011 5013.0000000000009 180.00000000000003 213.50000000000003 249.50000000000003 435.00000000000006 29.42881011962891 139.50000000000003 1515.0000000000002
decision_type=2 2 2 2 2 2 2 2 2 2 2 2 2 2 2 2 2 2 2 2 2 2 2 2 2 2 2 2 2 2
left_child=2 6 5 15 12 14 11 29 20 23 -5 -2 19 17 -1 -4 -14 22 -12 -3 -8 -17 -6 27 -25 -26 -27 28 -9 -7
right_child=1 4 3 10 13 7 8 9 -10 -11 18 -13 16 -15 -16 21 -18 -19 -20 -21 -22 -23 -24 24 25 26 -28 -29 -30 -31
leaf_value=0.0019816702207256305 0.0052777304671503406 0.00022475961846043992 0.0024718281297853827 -0.00095660304943955888 0.0021378003775279985 -0.0068794176090312634 0.0017588617271561574 -0.0025856214284431193 0.0054898008783785708 -0.0057639024095413717 -0.0035023988633352612 0.010435882368339942 -0.0015634748583336297 0.0058016744480119085 -0.0025442662199459259 -0.00082153024697544607 5.2695321309573318e-05 0.0010663342176678492 -0.0020257291327122379 0.0022175796470935852 0.0032345909127482462 0.0011717358710510392 0.004010546101588415 0.00097220510942861446 -0.0056662015890469779 0.00047487615891161395 -0.0034069234332384764 -0.007100652810186148 -0.0058663872087241289 -0.0095387209849110977
leaf_weight=38 185 514 113 333 277 95 209 72 117 190 262 26 273 30 34 99 205 245 271 83 337 140 71 28 40 26 102 28 28 29
leaf_count=38 185 514 113 333 277 95 209 72 117 190 262 26 273 30 34 99 205 245 271 83 337 140 71 28 40 26 102 28 28 29
internal_value=1.11827e-11 0.00176651 -0.00235657 -0.00116841 0.000704229 -0.00439484 0.0038303 -0.00487325 0.00316737 -0.00423924 -0.00206137 0.00591333 -0.000108317 0.00210629 -0.000155578 0.00102849 -0.000870347 0.00191934 -0.0027516 0.000501818 0.00266971 0.000346073 0.00251988 -0.00334515 -0.00272748 -0.00334409 -0.00261843 -0.00429095 -0.00350424 -0.00750135
internal_weight=4500 2572 1928 1218 1698 710 874 638 663 514 866 211 1075 623 72 352 478 593 533 597 546 239 348 324 196 168 128 128 100 124
internal_count=4500 2572 1928 1218 1698 710 874 638 663 514 866 211 1075 623 72 352 478 593 533 597 546 239 348 324 196 168 128 128 100 124
is_linear=0
shrinkage=0.1


Tree=36
num_leaves=31
num_cat=0
split_feature=2 0 4 0 2 2 2 0 2 2 0 0 2 0 2 0 0 0 2 0 4 2 2 2 2 2 0 0 2 2
split_gain=1.52392 0.583381 0.361904 0.172302 0.145279 0.0963343 0.0867204 0.0644596 0.061468 0.0571112 0.0475223 0.0429114 0.0376104 0.0356457 0.0365269 0.0346007 0.0314146 0.0279013 0.0232485 0.0204382 0.0176199 0.0171227 0.041426 0.0152596 0.0147175 0.0334844 0.0142098 0.0137619 0.0132425 0.0126332
threshold=641.00000000000011 592.50000000000011 912.50000000000011 900.00000000000011 2043.5000000000002 3841.0000000000005 130.00000000000003 1050.0000000000002 5987.0000000000009 120.00000000000001 285.00000000000006 1050.0000000000002 1727.5000000000002 1050.0000000000002 5987.0000000000009 285.00000000000006 1515.0000000000002 435.00000000000006 36.500000000000007 1515.0000000000002 1985.0000000000002 2497.5000000000005 2689.5000000000005 1290.0000000000002 80.500000000000014 61.000000000000007 1050.0000000000002 285.00000000000006 2942.5000000000005 1058.5000000000002
decision_type=2 2 2 2 2 2 2 2 2 2 2 2 2 2 2 2 2 2 2 2 2 2 2 2 2 2 2 2 2 2
left_child=3 4 7 6 15 11 18 23 17 26 -8 -4 19 14 -7 -2 -11 21 -1 -9 -13 27 -23 29 25 -20 -5 -6 -19 -3
right_child=1 2 5 9 8 13 10 12 -10 16 -12 20 -14 -15 -16 -17 -18 28 24 -21 -22 22 -24 -25 -26 -27 -28 -29 -30 -31
leaf_value=-0.0068611279861735446 0.0031656099090251878 -0.00022341605735798085 0.0016460972959457165 -0.0044834116892889147 0.0081749669721593032 0.0028844046781625029 0.00084514093240975474 -0.0016257955577482055 0.0090401464956812571 -0.0034079999614102341 -0.0018793422381661784 -0.0001240465421295153 -0.00062599356153958158 0.0017487534677544218 0.0065165420034618091 0.0012127954417716293 -0.0052938596349893932 0.0020241945551242682 -0.0044843827554535481 -0.00297105255219357 0.0011690807706639004 0.0011131562196704395 0.0048820940551075453 0.00037964099315371751 -0.0049224001821130516 0.00076381706632673747 -0.0069485968629003697 0.0048994605846959978 0.0038815406631842694 -0.0019445596020742661
leaf_weight=28 134 132 319 30 23 172 83 306 27 267 280 426 257 292 33 281 132 70 31 179 140 34 205 272 44 20 106 29 85 63
leaf_count=28 134 132 319 30 23 172 83 306 27 267 280 426 257 292 33 281 132 70 31 179 140 34 205 272 44 20 106 29 85 63
internal_value=1.05482e-11 0.00099692 0.000238828 -0.00339695 0.00320887 0.00134423 -0.00203396 -0.00102475 0.00440696 -0.0046351 -0.00125639 0.000718568 -0.00160403 0.00245835 0.00346909 0.00184334 -0.00403189 0.00412648 -0.00432875 -0.00212229 0.000195808 0.00470373 0.00434593 -0.000104359 -0.00358237 -0.00242627 -0.00640481 0.00634824 0.00304274 -0.000779478
internal_weight=4500 3479 2591 1021 888 1382 486 1209 473 535 363 885 742 497 205 415 399 446 123 485 566 291 239 467 95 51 136 52 155 195
internal_count=4500 3479 2591 1021 888 1382 486 1209 473 535 363 885 742 497 205 415 399 446 123 485 566 291 239 467 95 51 136 52 155 195
is_linear=0
shrinkage=0.1


Tree=37
num_leaves=31
num_cat=0
split_feature=4 0 2 0 2 2 0 2 0 0 0 0 2 0 2 2 2 3 2 2 2 4 0 2 0 0 1 3 0 4
split_gain=1.24647 0.359051 0.30171 0.168843 0.112383 0.104851 0.0997872 0.0711505 0.0688224 0.0609757 0.0493137 0.0460025 0.0346171 0.0303557 0.0260268 0.0226145 0.0225816 0.0223037 0.0208314 0.0179094 0.0174796 0.017438 0.0168922 0.0157054 0.0141041 0.0138708 0.0153202 0.0195919 0.0240096 0.0188302
threshold=564.50000000000011 900.00000000000011 392.50000000000006 435.00000000000006 3841.0000000000005 3221.5000000000005 285.00000000000006 61.000000000000007 435.00000000000006 285.00000000000006 1050.0000000000002 1200.0000000000002 241.50000000000003 1515.0000000000002 6980.5000000000009 1024.5000000000002 6492.0000000000009 581.18374633789074 1414.0000000000002 1781.0000000000002 1713.5000000000002 976.50000000000011 1515.0000000000002 889.50000000000011 1515.0000000000002 750.00000000000011 3.5000000000000004 5.2500000000000009 592.50000000000011 118.50000000000001
decision_type=2 2 2 2 2 2 2 2 2 2 2 2 2 2 2 2 2 2 2 2 2 2 2 2 2 2 2 2 2 2
left_child=2 4 6 -4 8 13 12 -8 18 17 23 25 -1 21 22 24 -11 -6 -2 -10 -15 -3 -7 -5 -12 26 27 28 -9 -29
right_child=1 5 3 10 9 14 7 11 19 16 15 -13 -14 20 -16 -17 -18 -19 -20 -21 -22 -23 -24 -25 -26 -27 -28 29 -30 -31
leaf_value=0.0020178302803910094 0.0015334238914180209 -0.00040745219182673808 0.001461451561289319 -0.0013948735326682902 0.0058865437706469587 0.0017252533020023126 -0.0061335752117297341 0.0011282476914348083 0.00060911737621479136 0.0034457841668856857 -0.0022740563765574679 -0.0047002225537710876 -0.0023743537656093182 -0.0024253768953494729 0.005004781731404364 -0.0014969178815373487 0.0067403187408395437 0.010169833954423666 0.0036686194587026775 0.0018520551676191916 -0.00067015398957813064 0.00067177730656544168 0.00051668332266354962 -0.00017207291500612469 -0.0037309317876185692 -0.0034069057064915788 -0.00030584382428158383 -0.0056002333808433391 -0.0034013562285425988 -0.0024199217899317426
leaf_weight=38 55 304 229 201 31 353 124 25 168 218 181 190 34 75 20 243 23 20 270 374 233 295 172 220 105 159 37 29 22 52
leaf_count=38 55 304 229 201 31 353 124 25 168 218 181 190 34 75 20 243 23 20 270 374 233 295 172 220 105 159 37 29 22 52
internal_value=9.96859e-12 0.00141562 -0.00195669 -0.00097596 0.00272817 0.000367933 -0.00358526 -0.00398352 0.00215671 0.00442496 -0.0015635 -0.00346483 -5.62566e-05 -0.000290783 0.00146418 -0.00220624 0.0037602 0.00756627 0.00330728 0.00146679 -0.00109756 0.000124055 0.0013293 -0.00075588 -0.00280892 -0.00274037 -0.00209808 -0.00261614 -0.000991992 -0.00355855
internal_weight=4500 2611 1889 1179 1159 1452 710 638 867 292 950 514 72 907 545 529 241 51 325 542 308 599 525 421 286 324 165 128 47 81
internal_count=4500 2611 1889 1179 1159 1452 710 638 867 292 950 514 72 907 545 529 241 51 325 542 308 599 525 421 286 324 165 128 47 81
is_linear=0
shrinkage=0.1


Tree=38
num_leaves=31
num_cat=0
split_feature=2 0 2 0 4 4 2 2 2 0 2 0 0 0 0 3 2 4 4 4 4 2 0 0 0 2 0 1 3 2
split_gain=1.01579 0.316167 0.210278 0.177451 0.127502 0.0837891 0.0505434 0.0665963 0.0430417 0.0421007 0.0407547 0.0354518 0.0351705 0.0349879 0.0338525 0.0329148 0.0277514 0.0245657 0.115074 0.024193 0.0235582 0.0235068 0.0212651 0.0208028 0.0186923 0.0170895 0.0137817 0.0261801 0.0132342 0.0129521
threshold=1219.5000000000002 750.00000000000011 180.00000000000003 750.00000000000011 1584.5000000000002 1722.5000000000002 233.50000000000003 264.50000000000006 36.500000000000007 435.00000000000006 506.50000000000006 435.00000000000006 285.00000000000006 285.00000000000006 1515.0000000000002 657.66860961914074 6980.5000000000009 127.50000000000001 143.50000000000003 91.500000000000014 393.50000000000006 1926.0000000000002 1357.5000000000002 1200.0000000000002 1200.0000000000002 2437.0000000000005 592.50000000000011 4.5000000000000009 194.06843566894534 5614.0000000000009
decision_type=2 2 2 2 2 2 2 2 2 2 2 2 2 2 2 2 2 2 2 2 2 2 2 2 2 2 2 2 2 2
left_child=2 5 8 6 14 11 -4 -8 -1 -9 24 28 -10 15 21 -7 23 19 -19 -14 26 -3 -12 29 -5 -16 27 -11 -2 -6
right_child=1 4 3 10 16 13 7 9 12 20 22 -13 17 -15 25 -17 -18 18 -20 -21 -22 -23 -24 -25 -26 -27 -28 -29 -30 -31
leaf_value=-0.0062024458988259243 0.0017637415734205353 -0.0004982057181978155 0.0043035146245663921 -0.002305871110227382 0.0017818577798990238 0.0046370853258010285 -0.0051688203960657125 0.0010015081504371759 -3.878958523273468e-06 -0.0058735052915289999 -0.0012114259433746487 0.0013345313865876828 -0.0037245481887117683 0.0034304055707762016 -0.0015570205727661753 0.0094106725323945296 0.0050215982514518233 0.0037499382781485714 -0.0060426530027013672 -0.0062276069385310022 0.00029663746581137915 0.00058213081251302923 -0.0025227761245047329 0.00088911103916491029 -0.0038873277792635451 -0.00012259323728247898 -0.00086967495862273108 -0.0013138874844812296 0.0032216414994348619 0.0037880853686884453
leaf_weight=75 87 341 27 134 247 52 25 254 26 20 314 351 159 225 224 20 22 21 28 51 94 492 204 347 169 132 69 34 219 37
leaf_count=75 87 341 27 134 247 52 25 254 26 20 314 351 159 225 224 20 22 21 28 51 94 492 204 347 169 132 69 34 219 37
internal_value=3.01937e-12 0.0011729 -0.00192455 -0.00134962 0.000407622 0.00265051 9.00412e-05 -0.000139321 -0.00407095 0.000127637 -0.00226672 0.0020204 -0.00351003 0.00404439 -0.000208944 0.00596308 0.00153028 -0.00386199 -0.00184583 -0.00433243 -0.000895235 0.00013988 -0.00172787 0.00140856 -0.00318794 -0.00102515 -0.0018061 -0.00300263 0.00280714 0.00204323
internal_weight=4500 2796 1704 1344 1842 954 523 496 360 471 821 657 285 297 1189 72 653 259 49 210 217 833 518 631 303 356 123 54 306 284
internal_count=4500 2796 1704 1344 1842 954 523 496 360 471 821 657 285 297 1189 72 653 259 49 210 217 833 518 631 303 356 123 54 306 284
is_linear=0
shrinkage=0.1


Tree=39
num_leaves=31
num_cat=0
split_feature=4 2 0 0 0 2 2 2 0 0 2 2 0 4 2 0 2 0 2 0 2 4 2 0 2 2 2 0 2 4
split_gain=0.837287 0.266542 0.209495 0.13751 0.0846406 0.0734938 0.0459169 0.0399186 0.0368457 0.0297738 0.0288661 0.146582 0.0505356 0.0287151 0.0261791 0.025433 0.0246684 0.0208969 0.0183538 0.0152294 0.0137362 0.0134908 0.0133505 0.0128296 0.0125265 0.019718 0.0230674 0.0119841 0.0111615 0.0109026
threshold=736.50000000000011 506.50000000000006 592.50000000000011 750.00000000000011 1050.0000000000002 3571.5000000000005 5987.0000000000009 130.00000000000003 285.00000000000006 1357.5000000000002 241.50000000000003 264.50000000000006 592.50000000000011 64.500000000000014 192.50000000000003 1050.0000000000002 6492.0000000000009 1515.0000000000002 3725.5000000000005 1515.0000000000002 1414.0000000000002 143.50000000000003 889.50000000000011 435.00000000000006 36.500000000000007 80.500000000000014 61.000000000000007 285.00000000000006 940.50000000000011 1985.0000000000002
decision_type=2 2 2 2 2 2 2 2 2 2 2 2 2 2 2 2 2 2 2 2 2 2 2 2 2 2 2 2 2 2
left_child=1 4 6 8 7 15 18 24 -3 16 12 -12 14 -6 -9 -4 -7 22 27 -15 -10 -14 -5 -13 -1 26 -26 -2 -24 -17
right_child=2 3 5 17 13 9 -8 10 20 -11 11 23 21 19 -16 29 -18 -19 -20 -21 -22 -23 28 -25 25 -27 -28 -29 -30 -31
leaf_value=-0.0048323592058815328 0.0032976512494497 0.0022842293612719065 0.00096605567089181005 -0.00163815243066496 -0.0055136851713429268 0.0020382829933102554 0.0071066193196370649 0.00025023652437644508 -0.00012036397051484542 0.00076623725138290138 -0.009601676582612774 9.8997578753404889e-06 -0.00026415502482753561 -0.0028243737912255272 0.0048302865936420865 -0.0002497484087603571 0.0052879460789263255 -0.0020006398364506356 0.0038449599412090796 -0.0042968260540970065 0.0010830425784001971 -0.0034951507629427526 0.0016003927326805536 -0.0016335210433387527 -0.0030047223454554724 -0.0039783335446727354 0.00099765200672360748 0.002116322705364927 -0.00075893040479927515 0.00079528600565130384
leaf_weight=35 130 124 392 195 81 356 27 26 261 209 22 77 24 183 24 530 25 261 143 114 149 28 21 124 36 59 24 253 444 123
leaf_count=35 130 124 392 195 81 356 27 26 261 209 22 77 24 183 24 530 25 261 143 114 149 28 21 124 36 59 24 253 444 123
internal_value=7.98878e-12 -0.00132697 0.00140217 -0.000502928 -0.00272601 0.0008331 0.00308469 -0.00184318 0.000773788 0.00172537 -0.00121478 -0.00185216 0.000178717 -0.00384473 0.00244866 0.000329328 0.00225152 -0.00124317 0.00287824 -0.00338956 0.000316972 -0.00200392 -0.000943631 -0.00100395 -0.00316935 -0.00268024 -0.00140377 0.0025173 -0.00065238 -5.29043e-05
internal_weight=4500 2312 2188 1455 857 1635 553 479 534 590 325 223 102 378 50 1045 381 921 526 297 410 52 660 201 154 119 60 383 465 653
internal_count=4500 2312 2188 1455 857 1635 553 479 534 590 325 223 102 378 50 1045 381 921 526 297 410 52 660 201 154 119 60 383 465 653
is_linear=0
shrinkage=0.1


Tree=40
num_leaves=31
num_cat=0
split_feature=2 0 2 0 0 3 0 4 2 3 0 2 0 2 2 2 2 2 2 2 2 2 0 0 3 2 2 2 0 2
split_gain=0.681299 0.213911 0.165399 0.0849694 0.0668345 0.0614274 0.0610111 0.044355 0.038841 0.0365084 0.029406 0.0255589 0.02501 0.0156924 0.0167834 0.0164369 0.0188982 0.015577 0.0144983 0.0139008 0.018764 0.01326 0.0130483 0.0130145 0.0124753 0.0186356 0.027589 0.0212469 0.0155888 0.0121355
threshold=1414.0000000000002 900.00000000000011 392.50000000000006 1050.0000000000002 285.00000000000006 417.47467041015631 285.00000000000006 2021.5000000000002 61.000000000000007 657.66860961914074 285.00000000000006 241.50000000000003 1200.0000000000002 776.00000000000011 425.50000000000006 1058.5000000000002 1157.5000000000002 6980.5000000000009 2173.0000000000005 1058.5000000000002 641.00000000000011 2812.0000000000005 1515.0000000000002 1665.0000000000002 15.298281669616701 249.50000000000003 233.50000000000003 180.00000000000003 592.50000000000011 889.50000000000011
decision_type=2 2 2 2 2 2 2 2 2 2 2 2 2 2 2 2 2 2 2 2 2 2 2 2 2 2 2 2 2 2
left_child=2 4 6 10 9 18 11 21 -8 -2 19 -1 24 14 -12 29 -17 22 -3 20 -4 -6 -7 -5 28 26 27 -26 -10 -15
right_child=1 5 3 23 7 17 8 -9 12 -11 13 -13 -14 15 -16 16 -18 -19 -20 -21 -22 -23 -24 -25 25 -27 -28 -29 -30 -31
leaf_value=0.0019073172962587133 0.0032530566108617538 -0.00079055795774299646 0.00060079048990326772 -0.0014441273341599177 0.00095383243296793196 0.0012001000317063268 -0.004534271943867357 0.002818826875289164 0.00074271613867172312 0.0075572837990793319 0.001592952980781379 -0.0018667201865943809 -0.0034733718505594886 -4.8164899865361427e-05 -0.0012696717490372374 -0.0021394551612948088 9.2681067107568623e-05 0.0037220431282185018 6.8783849647086637e-05 -1.4740868937224151e-06 0.0038148343467559569 0.0018995133940175914 0.0002309510642066371 -0.0027874315459654143 -0.0038578694574035971 -0.0014941782648588964 -0.0067232884466648102 -0.00076974517598156695 -0.0019130665988830679 0.001681476860205461
leaf_weight=38 189 371 34 447 424 431 124 265 31 22 23 34 190 76 187 51 148 20 417 40 39 228 205 86 56 103 20 37 77 87
leaf_count=38 189 371 34 447 424 431 124 265 31 22 23 34 190 76 187 51 148 20 417 40 39 228 205 86 56 103 20 37 77 87
internal_value=4.20174e-12 0.00106532 -0.00142116 -0.000714003 0.00209716 0.00025929 -0.0026343 0.00172792 -0.0029457 0.00370184 2.27566e-05 0.000125133 -0.00256247 -0.000268458 -0.000956146 0.000130477 -0.000479374 0.000974129 -0.000335805 0.00149687 0.00231788 0.00128453 0.000887717 -0.00166087 -0.0020283 -0.00246707 -0.00335387 -0.00262926 -0.00115076 0.000875018
internal_weight=4500 2572 1928 1218 1128 1444 710 917 638 211 685 72 514 572 210 362 199 656 788 113 73 652 636 533 324 216 113 93 108 163
internal_count=4500 2572 1928 1218 1128 1444 710 917 638 211 685 72 514 572 210 362 199 656 788 113 73 652 636 533 324 216 113 93 108 163
is_linear=0
shrinkage=0.1


Tree=41
num_leaves=31
num_cat=0
split_feature=4 2 0 0 0 2 2 2 0 2 2 0 0 2 2 2 2 0 2 0 2 2 0 1 4 0 0 4 2 2
split_gain=0.560276 0.175749 0.143817 0.0938958 0.058346 0.0536875 0.0353187 0.0280701 0.0268925 0.0244703 0.110815 0.0383001 0.0231127 0.0211874 0.0202589 0.0161084 0.0238898 0.0144647 0.0143383 0.0136673 0.0126671 0.0117723 0.012664 0.0109468 0.0107078 0.0103003 0.0101783 0.0101093 0.00927723 0.00910767
threshold=736.50000000000011 506.50000000000006 592.50000000000011 750.00000000000011 1050.0000000000002 4476.5000000000009 5987.0000000000009 130.00000000000003 1200.0000000000002 241.50000000000003 264.50000000000006 592.50000000000011 285.00000000000006 192.50000000000003 120.00000000000001 152.50000000000003 180.00000000000003 1515.0000000000002 6980.5000000000009 1050.0000000000002 3725.5000000000005 241.50000000000003 1515.0000000000002 5.5000000000000009 143.50000000000003 435.00000000000006 592.50000000000011 1748.5000000000002 3315.0000000000005 889.50000000000011
decision_type=2 2 2 2 2 2 2 2 2 2 2 2 2 2 2 2 2 2 2 2 2 2 2 2 2 2 2 2 2 2
left_child=1 4 6 12 7 8 20 -1 28 11 -11 13 -3 -9 -6 -16 -17 29 19 -7 -2 -18 23 -23 -13 -12 -27 -10 -4 -5
right_child=2 3 5 17 14 18 -8 9 27 10 25 24 -14 -15 15 16 21 -19 -20 -21 -22 22 -24 -25 -26 26 -28 -29 -30 -31
leaf_value=-0.0026006233729701793 0.0020601354492813056 0.0018349284217331462 0.00060434711284818076 -0.0013524735538335219 -0.0043230757364928546 0.0024264080512884268 0.0060684231808409098 0.00031980080171846426 -0.0003209108179761665 -0.0082864907316186221 9.7492535132914782e-05 -2.874804425421947e-05 0.00027683632446895922 0.0044401234529990088 -0.0003262129039145433 -0.0056392169718084669 -0.0013036053685937079 -0.0016582445934706126 0.004209946002811194 0.001035151257728546 0.0031631052574828743 -0.0028874081120891281 -0.0042423696714368733 -0.0003876637582751838 -0.0029072488629026342 -0.0030922918373511897 -0.0008970535467203273 0.00052601925037068704 0.0014210854695396258 -0.00053827235798062931
leaf_weight=154 383 124 473 195 106 129 27 26 451 22 77 24 410 24 26 29 54 261 24 156 143 86 55 22 28 27 97 205 197 465
leaf_count=154 383 124 473 195 106 129 27 26 451 22 77 24 410 24 26 29 54 261 24 156 143 86 55 22 28 27 97 205 197 465
internal_value=2.7895e-12 -0.00108549 0.001147 -0.000416355 -0.00222153 0.0006755 0.00254105 -0.00148855 0.000398879 -0.000961591 -0.00154844 0.00032142 0.00063864 0.00229756 -0.00315036 -0.00269334 -0.00294353 -0.00102805 0.00186255 0.00166488 0.00235999 -0.00258328 -0.00300721 -0.0023782 -0.00157871 -0.000810941 -0.00137505 -5.62452e-05 0.000844493 -0.000778832
internal_weight=4500 2312 2188 1455 857 1635 553 479 1326 325 223 102 534 50 378 272 246 921 309 285 526 217 163 108 52 201 124 656 670 660
internal_count=4500 2312 2188 1455 857 1635 553 479 1326 325 223 102 534 50 378 272 246 921 309 285 526 217 163 108 52 201 124 656 670 660
is_linear=0
shrinkage=0.1


Tree=42
num_leaves=31
num_cat=0
split_feature=2 0 2 0 2 2 2 2 0 2 4 4 2 0 0 0 2 2 2 2 2 4 0 0 0 3 0 0 1 2
split_gain=0.458055 0.146145 0.107642 0.0810134 0.0637927 0.0433561 0.0321454 0.0394821 0.0305472 0.0270492 0.0247114 0.0994613 0.0220513 0.0211314 0.0194181 0.018828 0.0168473 0.0154606 0.0133843 0.0125724 0.0162033 0.0125591 0.0179559 0.00978432 0.0097261 0.00952035 0.00942137 0.00917869 0.0090972 0.00909146
threshold=1414.0000000000002 435.00000000000006 180.00000000000003 750.00000000000011 3571.5000000000005 5614.0000000000009 241.50000000000003 274.50000000000006 900.00000000000011 641.00000000000011 127.50000000000001 143.50000000000003 6980.5000000000009 435.00000000000006 1357.5000000000002 1515.0000000000002 878.00000000000011 1058.5000000000002 2173.0000000000005 203.50000000000003 249.50000000000003 106.50000000000001 285.00000000000006 592.50000000000011 1665.0000000000002 654.65356445312511 435.00000000000006 1665.0000000000002 3.5000000000000004 223.50000000000003
decision_type=2 2 2 2 2 2 2 2 2 2 2 2 2 2 2 2 2 2 2 2 2 2 2 2 2 2 2 2 2 2
left_child=2 5 10 6 8 -2 -4 -8 -3 19 15 -12 14 -9 25 21 23 -18 -10 -5 29 22 -1 28 -11 -6 -24 -22 -15 -21
right_child=1 4 3 9 12 -7 7 13 18 24 11 -13 -14 16 -16 -17 17 -19 -20 20 27 -23 26 -25 -26 -27 -28 -29 -30 -31
leaf_value=0.00014080856926739217 0.0023430097861567621 0.00083682667845778273 0.0029996589489100088 3.1056471198098737e-05 0.0014195139532386541 0.0070042291223736744 -0.0040511339737046605 0.00069365130850123843 -0.00054730160443957796 -0.00078397150568157339 0.004369913845915686 -0.0046151615413171912 0.0042171822426518282 -0.0037774233633409379 0.00042880386185490684 -0.0046319833529166517 0.0020570500737145873 -0.00042892216258290481 0.00018539587128962927 -0.0022618848849864054 -0.0017078242904661569 -0.0048979350122744627 -0.0045292311670401923 -0.00050810704821120265 -0.0020665544232895683 0.0027093870834077657 -0.0024898912801621588 -0.0035479892604053024 -0.0013232740679417145 -0.0048366057875682605
leaf_weight=24 401 480 36 28 361 21 24 282 439 503 22 28 26 23 199 61 36 82 577 24 281 23 26 76 67 68 176 30 44 32
leaf_count=24 401 480 36 28 361 21 24 282 439 503 22 28 26 23 199 61 36 82 577 24 281 23 26 76 67 68 176 30 44 32
internal_value=2.85056e-12 0.000873516 -0.00116529 -0.000807264 0.000539556 0.00257497 0.000102042 -8.19335e-05 0.000179402 -0.00137546 -0.0027247 -0.000661728 0.0013634 9.35008e-05 0.00124525 -0.00305744 -0.000554938 0.00032951 -0.000131193 -0.00201146 -0.00216729 -0.0026717 -0.00244514 -0.00128476 -0.000934731 0.00162397 -0.00275238 -0.00188533 -0.00216574 -0.00373315
internal_weight=4500 2572 1928 1568 2150 422 603 567 1496 965 360 50 654 543 628 310 261 118 1016 395 367 249 226 143 570 429 202 311 67 56
internal_count=4500 2572 1928 1568 2150 422 603 567 1496 965 360 50 654 543 628 310 261 118 1016 395 367 249 226 143 570 429 202 311 67 56
is_linear=0
shrinkage=0.1


Tree=43
num_leaves=31
num_cat=0
split_feature=4 0 2 0 3 0 2 2 0 0 2 0 2 0 0 3 2 2 1 2 2 2 0 2 3 4 0 4 4 3
split_gain=0.379986 0.111521 0.0838189 0.055118 0.0505554 0.0385556 0.0270598 0.02646 0.0218117 0.0200005 0.0181218 0.0180173 0.0205721 0.0170628 0.0154985 0.013538 0.0135255 0.015631 0.0115987 0.00825668 0.0239457 0.0306141 0.0151093 0.00818058 0.00813943 0.0120015 0.0378617 0.0123562 0.0100712 0.00886905
threshold=564.50000000000011 592.50000000000011 392.50000000000006 435.00000000000006 420.82351684570318 285.00000000000006 3725.5000000000005 36.500000000000007 285.00000000000006 1357.5000000000002 241.50000000000003 1515.0000000000002 5013.0000000000009 1515.0000000000002 1515.0000000000002 586.91317749023449 425.50000000000006 506.50000000000006 5.5000000000000009 2043.5000000000002 2497.5000000000005 2689.5000000000005 285.00000000000006 6763.0000000000009 15.298281669616701 64.500000000000014 592.50000000000011 143.50000000000003 189.50000000000003 109.5980911254883
decision_type=2 2 2 2 2 2 2 2 2 2 2 2 2 2 2 2 2 2 2 2 2 2 2 2 2 2 2 2 2 2
left_child=2 6 5 -4 9 10 19 -7 15 -3 -1 12 -6 18 16 -8 -5 -18 24 -2 22 -22 -21 -14 25 -9 -27 -28 -29 -26
right_child=1 4 3 14 11 7 8 13 -10 -11 -12 -13 23 -15 -16 -17 17 -19 -20 20 21 -23 -24 -25 29 26 27 28 -30 -31
leaf_value=0.0017555272696833863 0.001033813244168414 0.00027290593868459456 0.00082919671109727062 0.0011748325348693274 0.00094070536674531577 -0.0040061901678482047 0.0034442725059177191 -0.0024503005067041768 0.0022090056605141043 -0.00062139808605364522 -0.0014223399126957008 0.00016090475696280051 0.0019435590557116478 -0.0030893141621534058 -0.0016763680318017758 0.0067057125922292474 -0.0023449054224637606 -0.00064518384837707803 0.00044780942504682274 0.0055506916547363458 -0.00091975850033729027 0.0019617939213859709 0.002493765253619459 0.0039211625412393083 -0.0023682458102500634 0.0030308219596256757 -0.00048180668975463979 -0.0044302404062727873 -0.0014695489135596695 -0.00038500812463462353
leaf_weight=38 200 670 229 37 536 71 35 60 115 399 34 213 107 108 202 20 59 652 24 22 48 159 61 26 230 22 51 20 27 25
leaf_count=38 200 670 229 37 536 71 35 60 115 399 34 213 107 108 202 20 59 652 24 22 48 159 61 26 230 22 51 20 27 25
internal_value=5.67197e-12 0.00078161 -0.00108035 -0.000563427 0.000401492 -0.00193874 0.00190526 -0.00218629 0.00299235 -6.08895e-05 0.000254868 0.000961907 0.00121693 -0.0019584 -0.000899123 0.00463025 -0.000689225 -0.00078623 -0.00169231 0.00152811 0.00186901 0.00129361 0.00330403 0.00233016 -0.00181038 -0.00129553 -0.000718139 -0.00155974 -0.00272942 -0.00217381
internal_weight=4500 2611 1889 1179 1951 710 660 638 170 1069 72 882 669 567 950 55 748 711 459 490 290 207 83 133 435 180 120 98 47 255
internal_count=4500 2611 1889 1179 1951 710 660 638 170 1069 72 882 669 567 950 55 748 711 459 490 290 207 83 133 435 180 120 98 47 255
is_linear=0
shrinkage=0.1


Tree=44
num_leaves=31
num_cat=0
split_feature=4 2 0 0 0 2 2 0 0 4 0 2 2 3 3 2 4 2 2 0 2 2 2 4 2 2 2 0 2 0
split_gain=0.311621 0.0939147 0.0823169 0.0503923 0.0373074 0.032553 0.0314597 0.0271128 0.0237338 0.0171695 0.0165483 0.0151565 0.0147402 0.0147109 0.0127185 0.0317964 0.0149469 0.011439 0.0100421 0.00970883 0.0282541 0.0114319 0.00883178 0.0217273 0.012475 0.0102391 0.0407494 0.00827155 0.00753189 0.0073775
threshold=736.50000000000011 641.00000000000011 435.00000000000006 750.00000000000011 1515.0000000000002 4221.0000000000009 5410.5000000000009 285.00000000000006 1200.0000000000002 64.500000000000014 592.50000000000011 717.50000000000011 776.00000000000011 661.89041137695324 5.2500000000000009 241.50000000000003 156.50000000000003 90.500000000000014 53.500000000000007 435.00000000000006 903.50000000000011 1290.0000000000002 180.00000000000003 127.50000000000001 203.50000000000003 264.50000000000006 241.50000000000003 1050.0000000000002 889.50000000000011 900.00000000000011
decision_type=2 2 2 2 2 2 2 2 2 2 2 2 2 2 2 2 2 2 2 2 2 2 2 2 2 2 2 2 2 2
left_child=1 4 6 11 7 8 -2 14 -4 10 -9 -3 -13 -7 -1 -16 -17 -11 -6 20 -14 -22 23 -19 -24 26 -26 -12 -21 -27
right_child=2 3 5 -5 18 13 -8 9 -10 17 27 12 19 -15 15 16 -18 22 -20 28 21 -23 24 -25 25 29 -28 -29 -30 -31
leaf_value=-0.0019576346812148889 0.0019706106362492831 0.0028931665613695428 0.00071908987201932829 -0.00070915080020726934 -0.0047034835219383238 0.0010456793011371702 0.005580409794884663 -0.0044346788347783411 -0.00010595971355399754 0.00085636083083227279 -0.0010294937685301358 -0.0018113853912196916 0.0041812120148768794 0.0024866167622219241 0.0038740491028875115 -0.0026638176606502383 0.00067070347126346177 -0.0033213874739077363 -0.0025407242777107874 -0.0013616669069521996 -0.00039961227916557199 0.0012940929402389285 0.00098198356438213247 -0.00031807405384591758 -0.00081993604219930531 -0.00063202569314923423 -0.0059540226886218251 -0.0028576183029346996 0.00037163435762891284 -0.0015160369189949757
leaf_weight=21 338 27 787 829 25 320 26 33 626 25 55 27 26 91 24 20 41 63 152 29 65 103 26 39 52 195 22 45 185 183
leaf_count=21 338 27 787 829 25 320 26 33 626 25 55 27 26 91 24 20 41 63 152 29 65 103 26 39 52 195 22 45 185 183
internal_value=3.23886e-12 -0.000809537 0.000855416 -0.000242746 -0.00152621 0.00058141 0.00222845 -0.00124939 0.000353569 -0.0014642 -0.00249293 0.000594157 0.00045146 0.00136472 0.000246126 0.000790584 -0.000422582 -0.00123804 -0.0028462 0.000601207 0.00111355 0.00063879 -0.00132832 -0.00217306 -0.00114806 -0.00127059 -0.00234629 -0.00185215 0.000136748 -0.00106
internal_weight=4500 2312 2188 1291 1021 1824 364 844 1413 738 133 462 435 411 106 85 61 605 177 408 194 168 580 102 478 452 74 100 214 378
internal_count=4500 2312 2188 1291 1021 1824 364 844 1413 738 133 462 435 411 106 85 61 605 177 408 194 168 580 102 478 452 74 100 214 378
is_linear=0
shrinkage=0.1


Tree=45
num_leaves=31
num_cat=0
split_feature=2 0 0 2 0 2 4 2 4 1 4 2 2 0 0 2 2 2 2 4 3 2 2 3 4 0 0 0 1 0
split_gain=0.255739 0.0823585 0.0602496 0.0441344 0.0321276 0.0255332 0.0249352 0.0245182 0.0217938 0.015051 0.019781 0.0124033 0.0124191 0.0122695 0.0111641 0.00986363 0.0277127 0.00907323 0.0126515 0.00850464 0.0118126 0.00810291 0.011086 0.00804231 0.00796234 0.00795269 0.00766229 0.0106958 0.00759513 0.00734297
threshold=1219.5000000000002 900.00000000000011 1050.0000000000002 6492.0000000000009 285.00000000000006 192.50000000000003 1413.5000000000002 264.50000000000006 1722.5000000000002 2.5000000000000004 180.50000000000003 233.50000000000003 180.00000000000003 435.00000000000006 435.00000000000006 1058.5000000000002 889.50000000000011 241.50000000000003 392.50000000000006 118.50000000000001 56.573205947875984 917.50000000000011 1012.5000000000001 62.996776580810554 127.50000000000001 1515.0000000000002 435.00000000000006 592.50000000000011 3.5000000000000004 285.00000000000006
decision_type=2 2 2 2 2 2 2 2 2 2 2 2 2 2 2 2 2 2 2 2 2 2 2 2 2 2 2 2 2 2
left_child=2 3 4 8 9 24 25 11 13 10 -1 12 14 -2 -6 16 26 -7 23 -11 -21 -18 -23 -19 -4 -3 -9 28 -28 -10
right_child=1 6 5 -5 7 17 -8 15 29 19 -12 -13 -14 -15 -16 -17 21 18 -20 20 -22 22 -24 -25 -26 -27 27 -29 -30 -31
leaf_value=-0.0029880298434623652 0.0013395756672062056 -9.1987476155176525e-06 -0.0030291851830494538 0.0053604455636814237 -0.0034725940569528737 9.5646537929063759e-05 0.00058777789428274675 0.00026264777312146341 0.0026801016846937794 0.0032327663020363879 0.0011384221984861562 -0.0036775784045457839 0.00031396813589564866 0.00054401970589417479 -0.0013168776986588325 -0.0013043082925503189 0.00321064004994696 -0.0032793763878375842 -0.0012036759990879727 -0.00096952530919857663 0.0016131121873879781 -7.5430686029860579e-05 0.002584250265732408 -0.0014085762831382454 -0.0012819198629586027 -0.00062391849607012985 -0.0033604972469417948 -0.00044954999822429618 -0.0011266576353874472 0.0015412124434275227
leaf_weight=21 305 604 141 25 29 42 641 92 70 21 26 25 38 532 140 91 20 54 434 23 77 42 25 40 32 323 23 223 45 296
leaf_count=21 305 604 141 25 29 42 641 92 70 21 26 25 38 532 140 91 20 54 434 23 77 42 25 40 32 323 23 223 45 296
internal_value=3.37811e-12 0.000588516 -0.000965663 0.0012018 -0.000442816 -0.00164192 0.000108217 -0.000708947 0.00111537 0.000813387 -0.000705312 -0.00157361 -0.0013195 0.000833918 -0.00168679 -0.000351369 -0.000166864 -0.00131896 -0.00143149 0.00140329 0.00101911 0.00144426 0.000916988 -0.00248329 -0.00270599 -0.000223389 -0.000532838 -0.000784332 -0.00188222 0.00175903
internal_weight=4500 2796 1704 1228 961 743 1568 793 1203 168 47 232 207 837 169 561 470 570 528 121 100 87 67 94 173 927 383 291 68 366
internal_count=4500 2796 1704 1228 961 743 1568 793 1203 168 47 232 207 837 169 561 470 570 528 121 100 87 67 94 173 927 383 291 68 366
is_linear=0
shrinkage=0.1


Tree=46
num_leaves=31
num_cat=0
split_feature=2 0 0 2 2 4 3 0 2 0 0 4 4 2 0 2 2 0 1 4 2 2 2 2 0 2 3 4 4 0
split_gain=0.21131 0.0623466 0.0596516 0.0365255 0.0324991 0.0278221 0.0164576 0.0160015 0.0156037 0.0148803 0.0134545 0.0178275 0.017016 0.0132958 0.0108981 0.0160881 0.0132763 0.0106873 0.00924486 0.00922704 0.00866831 0.00804448 0.0179592 0.00745852 0.00877169 0.00736121 0.00661894 0.00718202 0.0124053 0.00578838
threshold=1668.5000000000002 900.00000000000011 1050.0000000000002 641.00000000000011 6492.0000000000009 127.50000000000001 543.77020263671886 285.00000000000006 45.000000000000007 592.50000000000011 285.00000000000006 102.50000000000001 152.50000000000003 687.00000000000011 285.00000000000006 776.00000000000011 1058.5000000000002 1515.0000000000002 4.5000000000000009 1998.5000000000002 1397.5000000000002 1058.5000000000002 1157.5000000000002 1012.5000000000001 435.00000000000006 1616.0000000000002 273.32205200195318 143.50000000000003 180.50000000000003 1515.0000000000002
decision_type=2 2 2 2 2 2 2 2 2 2 2 2 2 2 2 2 2 2 2 2 2 2 2 2 2 2 2 2 2 2
left_child=2 4 3 8 7 18 -3 -2 9 -1 11 -10 -13 -5 16 -16 -15 26 -4 -9 -18 23 -23 24 -17 -24 27 -7 -29 -8
right_child=1 6 5 13 -6 17 29 19 10 -11 -12 12 -14 14 15 21 20 -19 -20 -21 -22 22 25 -25 -26 -27 -28 28 -30 -31
leaf_value=-0.0046333986590616407 0.0020048751160617602 -8.694051137182359e-06 -0.0026961946136678659 0.0024852124441307613 0.0048244009334594013 0.00096928419079631576 0.0010428826885288346 0.0007436286573890053 0.0028970106843520297 -0.0010345936614882063 -0.00090597270852446881 -0.0024747363481365031 0.00069995860013967524 0.0026410106619870343 -0.001855093135693392 0.0019942930632608075 -0.00069232243787203181 -0.0015143450947658072 -0.00062390471063554292 0.0014784432899359672 0.001735214023392473 -0.00184757544050751 0.00036484296551898154 0.0023258252750674728 3.7391981295680572e-05 -0.0013446246706215401 0.00025410499553705953 -0.002831526400493176 -0.00081189239948067449 0.00015514019272884681
leaf_weight=20 187 932 155 26 25 20 256 540 22 27 432 25 52 37 43 29 38 289 25 250 24 51 251 25 109 28 58 33 388 103
leaf_count=20 187 932 155 26 25 20 256 540 22 27 432 25 52 37 43 29 38 289 25 250 24 51 251 25 109 28 58 33 388 103
internal_value=3.86171e-12 0.000672284 -0.000698481 -0.000238952 0.00126416 -0.00128666 0.000212901 0.00117306 -0.000819582 -0.002566 -0.000665003 0.000386502 -0.000330787 0.000268769 0.000178017 -2.50038e-08 0.00114196 -0.00103043 -0.00240838 0.000976165 0.000247369 0.000161776 -0.000122122 0.000736539 0.000448625 0.000193283 -0.000750162 -0.000882242 -0.000970201 0.000788182
internal_weight=4500 2293 2207 1239 1002 968 1291 977 578 47 531 99 77 661 635 536 99 788 180 790 62 493 330 163 138 279 499 441 421 359
internal_count=4500 2293 2207 1239 1002 968 1291 977 578 47 531 99 77 661 635 536 99 788 180 790 62 493 330 163 138 279 499 441 421 359
is_linear=0
shrinkage=0.1


Tree=47
num_leaves=31
num_cat=0
split_feature=4 2 0 0 2 2 2 0 0 2 2 0 2 0 2 3 0 0 0 2 2 2 2 3 2 0 4 4 0 0
split_gain=0.174759 0.0495025 0.047972 0.0280963 0.0232872 0.021476 0.0204628 0.0194018 0.0127318 0.0120662 0.0101012 0.00938661 0.0111752 0.00891507 0.0140854 0.0100238 0.00669643 0.00559052 0.00537552 0.0206726 0.00754014 0.00525603 0.00516677 0.00760341 0.0178472 0.00955373 0.00588277 0.00521619 0.00617423 0.00555612
threshold=736.50000000000011 641.00000000000011 435.00000000000006 750.00000000000011 36.500000000000007 5614.0000000000009 4611.0000000000009 900.00000000000011 1200.0000000000002 717.50000000000011 776.00000000000011 1515.0000000000002 6980.5000000000009 285.00000000000006 241.50000000000003 50.671190261840827 1515.0000000000002 1665.0000000000002 435.00000000000006 903.50000000000011 1290.0000000000002 2421.5000000000005 70.500000000000014 29.42881011962891 264.50000000000006 592.50000000000011 156.50000000000003 241.50000000000003 435.00000000000006 592.50000000000011
decision_type=2 2 2 2 2 2 2 2 2 2 2 2 2 2 2 2 2 2 2 2 2 2 2 2 2 2 2 2 2 2
left_child=1 4 5 9 -1 -2 8 13 -4 -3 -11 12 -8 14 -6 -16 -9 -5 19 -12 -21 -10 -15 25 -25 -24 -26 29 -29 -28
right_child=2 3 6 17 7 -7 11 16 21 10 18 -13 -14 22 15 -17 -18 -19 -20 20 -22 -23 23 24 26 -27 27 28 -30 -31
leaf_value=-0.0028226936176264043 0.0014987069864510613 0.0024814641551563037 0.00054071947149801961 -0.00044249427446819067 0.0019615051911815126 0.004793066656704815 0.0012693300237117721 -0.0011720938454900312 -0.00040223686440633231 -0.0015703738257461402 0.0034320494876458095 9.6397771454987042e-05 0.0037406411906704311 -0.0019526465132719641 -0.001982466772564554 0.00048448796849697833 -0.0019611987356938699 -0.001213972491863118 8.1213311050220503e-05 -0.00044138269879532839 0.00093414412293745918 0.00017467630521070799 0.001259200033932646 -0.0025648804450679992 0.00098697630722502567 -0.00073513468062095676 -0.0024263666717913648 0.00098996433620673744 -0.00078220201857303348 -0.00036943870339503827
leaf_weight=75 343 27 852 721 34 21 215 328 252 27 26 62 20 33 28 40 160 108 214 65 103 423 41 53 24 58 29 28 66 24
leaf_count=75 343 27 852 721 34 21 215 328 252 27 26 62 20 33 28 40 160 108 214 65 103 423 41 53 24 58 29 28 66 24
internal_value=2.24044e-12 -0.000606239 0.000640596 -0.000194739 -0.00112656 0.00168877 0.000431422 -0.000992086 0.000283705 0.000430172 0.00030285 0.00119089 0.00147965 -0.000524618 0.000299624 -0.000531317 -0.00143082 -0.000543 0.000426813 0.000808043 0.000401946 -4.07046e-05 -0.000760777 -0.000639007 -0.000961557 9.08019e-05 -0.00046462 -0.000701616 -0.000254323 -0.00149493
internal_weight=4500 2312 2188 1291 1021 364 1824 946 1527 462 435 297 235 458 102 68 488 829 408 194 168 675 356 323 224 99 171 147 94 53
internal_count=4500 2312 2188 1291 1021 364 1824 946 1527 462 435 297 235 458 102 68 488 829 408 194 168 675 356 323 224 99 171 147 94 53
is_linear=0
shrinkage=0.1


Tree=48
num_leaves=31
num_cat=0
split_feature=2 0 0 2 2 2 0 3 2 0 2 0 2 2 2 0 3 2 2 2 0 2 3 2 4 2 2 2 1 2
split_gain=0.143 0.042309 0.041529 0.0241648 0.0224989 0.019827 0.0117518 0.0109487 0.0102568 0.0124441 0.00965251 0.00898585 0.0139369 0.0088538 0.0175802 0.00858803 0.00811926 0.00788327 0.0124157 0.0167385 0.0112268 0.00921381 0.00864206 0.00628147 0.00610201 0.00579967 0.0132463 0.00993713 0.00572511 0.00533034
threshold=1727.5000000000002 900.00000000000011 1050.0000000000002 641.00000000000011 6492.0000000000009 192.50000000000003 285.00000000000006 543.77020263671886 45.000000000000007 592.50000000000011 687.00000000000011 285.00000000000006 241.50000000000003 152.50000000000003 120.00000000000001 1515.0000000000002 50.671190261840827 776.00000000000011 1058.5000000000002 1157.5000000000002 435.00000000000006 889.50000000000011 103.4902687072754 903.50000000000011 1998.5000000000002 2564.5000000000005 2782.5000000000005 2116.0000000000005 14.500000000000002 241.50000000000003
decision_type=2 2 2 2 2 2 2 2 2 2 2 2 2 2 2 2 2 2 2 2 2 2 2 2 2 2 2 2 2 2
left_child=2 4 3 8 6 13 25 -3 9 -1 -5 12 -10 14 -4 -7 -14 22 20 -20 23 -22 -12 -19 -8 27 -27 -2 -28 -17
right_child=1 7 5 10 -6 15 24 -9 11 -11 17 -13 16 -15 -16 29 -18 18 19 -21 21 -23 -24 -25 -26 26 28 -29 -30 -31
leaf_value=-0.0039682528795674443 0.0012524136769633484 2.0015362877327587e-06 -0.0021891342555084882 0.0021010047465097161 0.0040288617629557853 -0.00058811288085865079 0.00061941285265285323 0.00065582358822628619 0.0020801995250005877 -0.00067720360777996213 0.0003928092293790542 -0.00073332637524530311 -0.0017842200784278766 -0.0032998998149684289 0.00071261262950988915 0.00031992658929084431 0.00043603919737506664 0.0030838108280052744 -0.0015490797306938475 0.00020104589064547638 -0.00047915351257665133 0.0011948706290318765 -0.0021530793469476824 0.00098136133712142955 0.0012223170163691976 -0.0010254728188738228 0.0013759246666302694 0.0038935438596776556 0.0031394894137823336 -0.0013689184189646958
leaf_weight=20 29 900 106 26 25 513 511 358 31 27 24 432 28 41 26 20 40 30 64 374 62 70 30 27 250 20 79 28 24 285
leaf_count=20 29 900 106 26 25 513 511 358 31 27 24 432 28 41 26 20 40 30 64 374 62 70 30 27 250 20 79 28 24 285
internal_value=2.06896e-12 0.000570271 -0.000557242 -0.000182118 0.00106801 -0.00104365 0.000989346 0.000188065 -0.000661725 -0.00207765 0.00020998 -0.000536398 0.000322925 -0.00201628 -0.00161758 -0.000837952 -0.000478185 0.000137782 0.000237631 -5.46802e-05 0.00091505 0.000408587 -0.00102157 0.00208791 0.000817476 0.00171598 0.00132956 0.00254981 0.00178685 -0.00125817
internal_weight=4500 2224 2276 1285 966 991 941 1258 578 47 707 531 99 173 132 818 68 681 627 438 189 132 54 57 761 180 123 57 103 305
internal_count=4500 2224 2276 1285 966 991 941 1258 578 47 707 531 99 173 132 818 68 681 627 438 189 132 54 57 761 180 123 57 103 305
is_linear=0
shrinkage=0.1


Tree=49
num_leaves=31
num_cat=0
split_feature=4 0 2 0 3 1 2 2 2 4 4 4 1 2 2 2 2 2 0 2 2 2 4 2 4 2 2 4 3 0
split_gain=0.118471 0.0358882 0.0305875 0.0300558 0.0176381 0.0247117 0.0145786 0.0140676 0.0153199 0.0138585 0.0728417 0.0125268 0.00981314 0.012195 0.0479631 0.00886225 0.00884043 0.00995327 0.00792926 0.00757148 0.0155487 0.0219393 0.00699502 0.00824192 0.00916306 0.00571681 0.0154595 0.00534189 0.00758506 0.00498408
threshold=613.50000000000011 750.00000000000011 180.00000000000003 435.00000000000006 642.07113647460949 10.500000000000002 3841.0000000000005 203.50000000000003 392.50000000000006 127.50000000000001 143.50000000000003 109.50000000000001 5.5000000000000009 241.50000000000003 264.50000000000006 372.50000000000006 425.50000000000006 506.50000000000006 1515.0000000000002 36.500000000000007 80.500000000000014 70.500000000000014 123.50000000000001 524.00000000000011 176.50000000000003 2689.5000000000005 2515.5000000000005 347.50000000000006 119.50871658325197 1200.0000000000002
decision_type=2 2 2 2 2 2 2 2 2 2 2 2 2 2 2 2 2 2 2 2 2 2 2 2 2 2 2 2 2 2
left_child=2 4 9 22 25 -6 18 -5 12 11 -11 19 13 -9 -15 -16 29 -18 -3 -1 21 -21 -4 24 -24 26 -2 -25 -29 -10
right_child=1 6 3 7 5 -7 -8 8 16 10 -12 -13 -14 14 15 -17 17 -19 -20 20 -22 -23 23 27 -26 -27 -28 28 -30 -31
leaf_value=-0.0023262466404509424 0.00076337672985899428 0.00017200918419952782 0.0021852428903168237 0.0015062437355217915 0.0014431133613858917 0.0052567807092730491 0.00067859197896147957 -0.00032536908242296444 0.0018616611099181075 0.0044480345169590277 -0.0032412298555885045 -0.0037983523197472092 0.00054064741901432476 -0.0063739311627366334 -0.00099088741360327205 -0.0032263988695506543 -0.0016660085778582743 -0.000461606022679546 -0.00039693559118458393 -0.0010635490615784778 -0.0019683748832903802 0.0024614404879368681 -0.0019205288386478184 0.0013683494824854772 0.00021708184511785825 0.0010847762468339478 -0.0012987107935747723 -0.0011223082418617761 0.00068741729525082407 -0.00019836015493163595
leaf_weight=75 321 833 22 31 89 21 441 56 24 22 28 25 24 22 114 21 74 943 347 76 111 23 29 74 65 381 41 29 115 23
leaf_count=75 321 833 22 31 89 21 441 56 24 22 28 25 24 22 114 21 74 943 347 76 111 23 29 74 65 381 41 29 115 23
internal_value=-2.72262e-13 0.000464322 -0.000566995 -0.000386375 0.000989362 0.00217118 0.000188036 -0.000599065 -0.00064923 -0.00140286 0.000142046 -0.00165204 -0.00137632 -0.00159231 -0.00204422 -0.00133863 -0.000487276 -0.000549242 4.70085e-06 -0.00146377 -0.00115574 -0.000244612 0.000461839 0.000340317 -0.000442394 0.000814396 0.000529825 0.000677816 0.000322959 0.000853566
internal_weight=4500 2474 2026 1666 853 110 1621 1332 1301 360 50 310 237 213 157 135 1064 1017 1180 285 210 99 334 312 94 743 362 218 144 47
internal_count=4500 2474 2026 1666 853 110 1621 1332 1301 360 50 310 237 213 157 135 1064 1017 1180 285 210 99 334 312 94 743 362 218 144 47
is_linear=0
shrinkage=0.1


Tree=50
num_leaves=31
num_cat=0
split_feature=2 0 0 2 2 2 0 2 2 4 0 2 2 2 2 2 0 2 4 3 4 2 2 2 2 2 4 2 2 2
split_gain=0.0980668 0.0329114 0.0274293 0.0193827 0.0156262 0.0139872 0.0154565 0.00918603 0.00918224 0.0168388 0.00854932 0.00835525 0.0163304 0.00825458 0.00783447 0.0126632 0.00779588 0.00742558 0.00713081 0.0143458 0.00744008 0.00853671 0.00679072 0.00768061 0.00656065 0.0140468 0.00651062 0.00593914 0.00752501 0.0259766
threshold=1157.5000000000002 435.00000000000006 1050.0000000000002 2916.5000000000005 5410.5000000000009 130.00000000000003 285.00000000000006 6980.5000000000009 80.500000000000014 49.500000000000007 1357.5000000000002 1058.5000000000002 889.50000000000011 192.50000000000003 139.50000000000003 112.50000000000001 592.50000000000011 241.50000000000003 143.50000000000003 23.306306838989261 189.50000000000003 264.50000000000006 917.50000000000011 1012.5000000000001 4720.5000000000009 3970.5000000000005 932.50000000000011 392.50000000000006 1058.5000000000002 1024.5000000000002
decision_type=2 2 2 2 2 2 2 2 2 2 2 2 2 2 2 2 2 2 2 2 2 2 2 2 2 2 2 2 2 2
left_child=2 4 5 10 24 8 -7 -5 9 16 26 12 18 14 15 -4 -1 -15 19 -8 21 -20 -14 -24 25 -2 -3 -19 29 -29
right_child=1 3 13 7 -6 6 11 -9 -10 -11 -12 -13 22 17 -16 -17 -18 27 20 -21 -22 -23 23 -25 -26 -27 -28 28 -30 -31
leaf_value=-0.0027264774190606895 0.00085913353538352765 -6.7651839981951772e-05 -0.0017801784971525196 0.00048905826366281153 0.0034949155443777832 0.00088410634341589344 0.0027778152708197012 0.0023938627107642019 -0.0021111227643490628 0.0014369308207339299 -0.00038108317082764104 -0.0015226877357253769 0.0026916183772846126 0.00037757649992099253 -0.002779901877026229 0.00073608580231666572 -0.00050411100899892564 -0.0017222856406736724 -0.0026109417201951148 -0.00035739329134769463 -0.00036360352331421276 -0.0005480846056982162 -0.00023416800045413853 0.0019796429034322502 -0.00079710734135005632 0.0027270836699365953 0.00047360944529589168 -0.0008921000894988872 -0.002039273780183462 0.0028204053919762377
leaf_weight=27 382 586 100 965 26 135 20 26 59 30 479 51 20 42 48 25 38 94 35 54 328 47 42 25 20 45 358 327 46 20
leaf_count=27 382 586 100 965 26 135 20 26 59 30 479 51 20 42 48 25 38 94 35 54 328 47 42 25 20 45 358 327 46 20
internal_value=4.25579e-12 0.000348938 -0.000624541 0.000199483 0.0011117 -0.000262548 -8.58153e-05 0.000539033 -0.00113129 -0.00052277 -3.69857e-05 -0.000296329 -0.000186794 -0.00109431 -0.00169394 -0.00127693 -0.00142725 -0.000898208 -0.000413529 0.00048996 -0.000576597 -0.00142857 0.00107458 0.000591881 0.000973077 0.00105599 0.000137615 -0.00100823 -0.000837443 -0.000678123
internal_weight=4500 2887 1613 2414 473 911 757 991 154 95 1423 622 571 702 173 125 65 529 484 74 410 82 87 67 447 427 944 487 393 347
internal_count=4500 2887 1613 2414 473 911 757 991 154 95 1423 622 571 702 173 125 65 529 484 74 410 82 87 67 447 427 944 487 393 347
is_linear=0
shrinkage=0.1


Tree=51
num_leaves=31
num_cat=0
split_feature=2 0 0 3 2 2 3 0 4 0 2 2 2 0 2 3 0 2 4 0 0 2 4 1 2 2 2 3 2 1
split_gain=0.0802989 0.028031 0.0271809 0.0188407 0.0155967 0.0128567 0.0120058 0.00862931 0.00766231 0.00699763 0.00903256 0.00849904 0.00736674 0.00641127 0.0086214 0.00647504 0.00638955 0.00508834 0.00503833 0.00766296 0.00406964 0.00513114 0.00485754 0.00402417 0.00491 0.00580297 0.00355549 0.00350677 0.00317559 0.00305063
threshold=1727.5000000000002 285.00000000000006 1515.0000000000002 657.66860961914074 641.00000000000011 668.50000000000011 561.92749023437511 900.00000000000011 130.50000000000003 285.00000000000006 1058.5000000000002 776.00000000000011 717.50000000000011 285.00000000000006 241.50000000000003 50.671190261840827 1050.0000000000002 1397.5000000000002 40.500000000000007 750.00000000000011 592.50000000000011 1616.0000000000002 886.00000000000011 14.500000000000002 2564.5000000000005 2116.0000000000005 2868.5000000000005 129.80347442626956 1397.5000000000002 9.5000000000000018
decision_type=2 2 2 2 2 2 2 2 2 2 2 2 2 2 2 2 2 2 2 2 2 2 2 2 2 2 2 2 2 2
left_child=2 3 4 23 13 -6 7 -3 -4 10 -7 12 -11 14 -1 -16 29 -12 19 -15 21 28 -22 24 25 -2 -26 -9 -13 -8
right_child=1 6 8 -5 5 9 16 27 -10 11 17 20 -14 18 15 -17 -18 -19 -20 -21 22 -23 -24 -25 26 -27 -28 -29 -30 -31
leaf_value=0.0013505871211619755 0.00085692445013242277 0.00048354823406662902 -0.0020590599283605115 0.0044336924129830943 0.0019366501682353291 0.0019608026357820713 0.00071771660940368157 -0.0013192203210201116 -0.0009576067527959823 -0.00017049516768565811 -0.00075139338763332685 0.00026364336766972782 -0.0020779680648091727 -0.0029914617153775436 -0.0016963291863378669 0.00028641485840580572 0.00036728926803678366 0.00097500153206055986 -0.00060361173283236965 -0.00075593476681008374 -0.00030580632835732125 -0.0011257060020315377 0.00048846194020572711 0.0022937662460996459 -0.00056964814929025514 0.0031226248666644096 0.00092989652168853356 1.9280486132177677e-05 0.0012429477556251251 0.0013806707541940948
leaf_weight=38 26 572 80 21 33 37 134 20 300 40 38 144 41 23 28 40 254 31 669 46 533 22 90 30 21 20 64 918 43 144
leaf_count=38 26 572 80 21 33 37 134 20 300 40 38 144 41 23 28 40 254 31 669 46 533 22 90 30 21 20 64 918 43 144
internal_value=1.67108e-12 0.000427334 -0.000417571 0.0016165 -0.000262861 -5.96253e-06 0.000321345 0.00017742 -0.00118949 -6.88734e-05 0.000700206 -0.000158164 -0.00113601 -0.00058307 0.000144167 -0.000530009 0.000729854 2.42333e-05 -0.000687524 -0.00150111 -6.29655e-05 0.00031888 -0.000191065 0.00124905 0.0010098 0.00184201 0.000559421 -9.25898e-06 0.000488831 0.00106112
internal_weight=4500 2224 2276 182 1896 1052 2042 1510 380 1019 106 913 81 844 106 68 532 69 738 69 832 209 623 161 131 46 85 938 187 278
internal_count=4500 2224 2276 182 1896 1052 2042 1510 380 1019 106 913 81 844 106 68 532 69 738 69 832 209 623 161 131 46 85 938 187 278
is_linear=0
shrinkage=0.1


Tree=52
num_leaves=31
num_cat=0
split_feature=2 2 0 0 2 2 2 0 4 2 2 2 2 0 3 3 3 2 2 2 2 2 0 4 0 4 2 0 1 2
split_gain=0.0652399 0.024045 0.0197354 0.0196922 0.0117001 0.0218778 0.0414042 0.0156488 0.0109206 0.011227 0.0123392 0.010283 0.0401323 0.0104994 0.00978663 0.00963637 0.00772055 0.00607144 0.00710814 0.0179392 0.00572362 0.00856397 0.00570433 0.0054448 0.00539925 0.0152245 0.00626825 0.0060392 0.00518555 0.00487051
threshold=1157.5000000000002 6980.5000000000009 1200.0000000000002 750.00000000000011 180.00000000000003 241.50000000000003 264.50000000000006 592.50000000000011 127.50000000000001 80.500000000000014 61.000000000000007 1058.5000000000002 1024.5000000000002 435.00000000000006 288.62753295898443 9.949747562408449 681.99325561523449 5782.5000000000009 2689.5000000000005 2564.5000000000005 2299.0000000000005 2497.5000000000005 1515.0000000000002 152.50000000000003 592.50000000000011 388.50000000000006 524.00000000000011 900.00000000000011 6.5000000000000009 36.500000000000007
decision_type=2 2 2 2 2 2 2 2 2 2 2 2 2 2 2 2 2 2 2 2 2 2 2 2 2 2 2 2 2 2
left_child=2 3 4 16 8 7 -7 -6 9 10 -1 12 13 -8 -5 -11 17 18 19 20 -2 -22 -16 -15 25 26 -25 -26 -18 -4
right_child=1 -3 29 14 5 6 11 -9 -10 15 -12 -13 -14 23 22 -17 28 -19 -20 -21 21 -23 -24 24 27 -27 -28 -29 -30 -31
leaf_value=-0.0011057013035692934 0.00037113167972913183 0.0031495852363777571 -0.0021549697241639745 -0.00021015270439160225 0.00345662712934427 -0.004081005120167026 0.00047796316245734795 0.00034103006718827315 0.00082012129396389364 -0.003662181797903031 0.0013705902594935012 -0.0012213807564016674 0.0041333024187580397 0.00098562035450918805 0.00039542309112085543 -0.0013519727712712037 0.0010156343761441667 -0.00090587054946809084 0.00091115455913850542 -0.0017192640604499062 0.0021493705527649985 -0.00033761333266738806 -0.00010767562996018485 -0.0036040426612916317 0.00012970167563755374 0.00051079853796788175 -0.0012671699061077865 -0.00071392218219931908 0.0028758844572028311 -0.00091929536031030285
leaf_weight=79 393 29 34 762 28 27 203 38 32 25 27 73 23 27 805 65 43 28 387 39 45 20 313 22 163 30 24 177 23 516
leaf_count=79 393 29 34 762 28 27 203 38 32 25 27 73 23 27 805 65 43 28 387 39 45 20 313 22 163 30 24 177 23 516
internal_value=-1.46673e-12 0.000284606 -0.000509397 0.000255535 -0.000257791 -8.44298e-05 -0.000234387 0.0016628 -0.00089269 -0.00117233 -0.000474948 -9.44157e-05 2.85565e-05 -0.000117588 6.6211e-05 -0.0019937 0.000619471 0.000543887 0.000589807 0.000339583 0.0005149 0.00138414 0.000254573 -0.000390492 -0.000479807 -0.0012418 -0.0023848 -0.000309479 0.0016639 -0.000995683
internal_weight=4500 2887 1613 2858 1063 835 769 66 228 196 106 742 669 646 1880 90 978 912 884 497 458 65 1118 443 416 76 46 340 66 550
internal_count=4500 2887 1613 2858 1063 835 769 66 228 196 106 742 669 646 1880 90 978 912 884 497 458 65 1118 443 416 76 46 340 66 550
is_linear=0
shrinkage=0.1


Tree=53
num_leaves=31
num_cat=0
split_feature=2 0 0 3 2 2 0 2 2 2 2 4 0 2 2 2 2 2 2 1 2 2 2 2 0 2 2 4 0 2
split_gain=0.0541722 0.0187817 0.0176472 0.0134163 0.011066 0.011055 0.00878758 0.00870745 0.00679746 0.00639252 0.00714631 0.00576596 0.00569453 0.00710315 0.00568557 0.00734565 0.00554157 0.00557592 0.00539134 0.00509163 0.00495228 0.00422636 0.0134639 0.0479968 0.0141481 0.00915492 0.00646521 0.0114137 0.00654703 0.00579751
threshold=2173.0000000000005 1050.0000000000002 285.00000000000006 657.66860961914074 506.50000000000006 641.00000000000011 1515.0000000000002 6980.5000000000009 687.00000000000011 2564.5000000000005 2812.0000000000005 985.00000000000011 285.00000000000006 776.00000000000011 903.50000000000011 863.50000000000011 1058.5000000000002 1397.5000000000002 2116.0000000000005 5.5000000000000009 2421.5000000000005 130.00000000000003 241.50000000000003 264.50000000000006 592.50000000000011 192.50000000000003 80.500000000000014 49.500000000000007 592.50000000000011 425.50000000000006
decision_type=2 2 2 2 2 2 2 2 2 2 2 2 2 2 2 2 2 2 2 2 2 2 2 2 2 2 2 2 2 2
left_child=1 5 3 9 19 21 7 -4 -7 -2 -11 12 16 -14 15 -15 -10 -18 -6 -3 -8 26 24 -24 25 -23 27 28 -1 -25
right_child=2 4 6 -5 18 8 20 -9 11 10 -12 -13 13 14 -16 -17 17 -19 -20 -21 -22 22 23 29 -26 -27 -28 -29 -30 -31
leaf_value=-0.0022609096986276134 0.0027358236256986856 -0.0011369894634178357 0.00041322672804279228 0.0038733990164473656 -0.00032789318892373424 0.001765701043097159 -0.0011002442269172107 0.0024195223665711557 0.0016774088701208098 -0.0009175508108455688 0.0011722311206378638 0.00078527654551536488 -0.001333018877620245 8.1502399989403788e-05 -0.00012625430837052767 0.0020483674072050329 -0.00075245646028114217 0.00091472208980431272 -0.0018190092080039905 0.00018145377489418025 2.5727903230259672e-05 0.00067763905927467236 -0.0050502020696347417 0.00022847108093750044 -0.00037823728791688783 0.0033860837326452988 -0.0016584243807424713 0.0012877952439400058 -0.00022431295120010249 -0.00065073384452261961
leaf_weight=27 20 346 1294 20 806 26 45 22 37 20 90 115 43 55 519 29 35 47 25 32 296 26 22 150 52 24 59 30 38 150
leaf_count=27 20 346 1294 20 806 26 45 22 37 20 90 115 43 55 519 29 35 47 25 32 296 26 22 150 52 24 59 30 38 150
internal_value=2.41718e-12 -0.000284212 0.000423566 0.00146223 -0.000576798 -4.58454e-05 0.000329541 0.000446767 0.000172157 0.00109128 0.000792271 0.000125075 2.58295e-05 -9.12701e-05 -2.72089e-06 0.000760539 0.000661513 0.000203121 -0.000372752 -0.00102538 -0.000122861 -0.000387559 -0.000224593 -0.000541751 0.00077663 0.00197769 -0.000836244 -0.000325627 -0.00107028 -0.000211131
internal_weight=4500 2693 1807 150 1209 1484 1657 1316 906 130 110 880 765 646 603 84 119 82 831 378 341 578 424 322 102 50 154 95 65 300
internal_count=4500 2693 1807 150 1209 1484 1657 1316 906 130 110 880 765 646 603 84 119 82 831 378 341 578 424 322 102 50 154 95 65 300
is_linear=0
shrinkage=0.1


Tree=54
num_leaves=31
num_cat=0
split_feature=2 0 0 2 0 2 2 2 2 3 2 2 2 1 4 2 4 4 2 0 3 2 2 2 2 2 2 2 4 0
split_gain=0.044828 0.0209851 0.0127921 0.012259 0.00881965 0.00787084 0.00834498 0.0247926 0.0173882 0.00757244 0.0103913 0.00716197 0.00766431 0.00635171 0.00902455 0.00630766 0.00627101 0.00711553 0.00527879 0.00448743 0.0043312 0.00418876 0.0229933 0.00744468 0.00429151 0.00408349 0.00392955 0.00378762 0.00368318 0.0128737
threshold=889.50000000000011 592.50000000000011 285.00000000000006 3221.5000000000005 1515.0000000000002 917.50000000000011 1024.5000000000002 1058.5000000000002 1157.5000000000002 657.66860961914074 4611.0000000000009 1058.5000000000002 1397.5000000000002 2.5000000000000004 180.50000000000003 2497.5000000000005 130.50000000000003 251.50000000000003 1477.5000000000002 1200.0000000000002 661.89041137695324 2689.5000000000005 2564.5000000000005 2116.0000000000005 4771.0000000000009 2471.5000000000005 45.000000000000007 4331.0000000000009 64.500000000000014 592.50000000000011
decision_type=2 2 2 2 2 2 2 2 2 2 2 2 2 2 2 2 2 2 2 2 2 2 2 2 2 2 2 2 2 2
left_child=2 9 13 5 28 -3 19 -8 -9 11 15 -2 -13 14 -1 -11 -15 -18 -14 -7 -5 22 23 -20 27 -25 -6 -23 29 -4
right_child=1 3 4 20 26 6 7 8 -10 10 -12 12 18 16 -16 -17 17 -19 21 -21 -22 24 -24 25 -26 -27 -28 -29 -30 -31
leaf_value=-0.0020418279892986733 0.0017415601184264697 0.0015347048634229679 -0.0026644105119912917 0.0002923043813441634 -0.0024984959647554208 -0.00047465539711184746 0.002820263706661504 -0.0016371237081379874 -5.4890462883907946e-05 0.0020753266461922422 0.00343122813236815 -0.00027132189845562813 0.0021017930169245631 0.0021028876727602133 0.00082542123070553596 -0.00014222095999465292 -0.00095354223507456478 0.0012688471204669708 0.00019189204709255136 -0.0019968382877242918 0.00097771419997217074 0.0008520096904666689 -0.0023905802999847924 0.0018448043187423277 -2.3874957114458085e-05 0.00018019010691205039 -0.0010293632922659679 0.0021105992879408104 -0.00038492306272413531 -0.00038658825323727798
leaf_weight=21 47 29 33 630 20 45 29 73 1431 23 22 117 23 30 23 29 25 34 150 34 108 209 29 56 50 20 203 27 830 100
leaf_count=21 47 29 33 630 20 45 29 73 1431 23 22 117 23 30 23 29 25 34 150 34 108 209 29 56 50 20 203 27 830 100
internal_value=1.55975e-12 0.00020324 -0.000490149 5.41104e-05 -0.000594436 -9.81208e-05 -0.000127495 -7.58452e-05 -0.000131688 0.000645608 0.00160939 0.00054764 0.000465241 0.000439813 -0.000543039 0.000838617 0.000925718 0.000327157 0.000618038 -0.00112977 0.000392608 0.000554958 0.000260274 0.000600428 0.000817701 0.00140675 -0.00116112 0.000996001 -0.000463209 -0.000951762
internal_weight=4500 3181 1319 2379 1186 1641 1612 1533 1504 802 74 728 681 133 44 52 89 59 564 79 738 541 255 226 286 76 223 236 963 133
internal_count=4500 3181 1319 2379 1186 1641 1612 1533 1504 802 74 728 681 133 44 52 89 59 564 79 738 541 255 226 286 76 223 236 963 133
is_linear=0
shrinkage=0.1


Tree=55
num_leaves=31
num_cat=0
split_feature=2 0 0 2 2 4 4 2 2 0 3 2 2 0 2 2 2 2 0 1 0 2 0 2 0 0 2 0 3 4
split_gain=0.0367014 0.0160727 0.0148279 0.0128374 0.00737342 0.0106133 0.0195921 0.0101555 0.0375677 0.0138175 0.00654645 0.00628401 0.0174202 0.00550888 0.00468129 0.00672104 0.00460327 0.00855396 0.00661188 0.00537561 0.00485157 0.00452578 0.00450892 0.004384 0.0042072 0.00419267 0.00416981 0.00383046 0.00378923 0.00373781
threshold=1727.5000000000002 285.00000000000006 1515.0000000000002 4771.0000000000009 180.00000000000003 143.50000000000003 123.50000000000001 241.50000000000003 264.50000000000006 592.50000000000011 561.92749023437511 80.500000000000014 70.500000000000014 435.00000000000006 2497.5000000000005 2116.0000000000005 889.50000000000011 917.50000000000011 592.50000000000011 3.5000000000000004 900.00000000000011 130.00000000000003 750.00000000000011 3841.0000000000005 592.50000000000011 900.00000000000011 53.500000000000007 1050.0000000000002 37.489942550659187 278.50000000000006
decision_type=2 2 2 2 2 2 2 2 2 2 2 2 2 2 2 2 2 2 2 2 2 2 2 2 2 2 2 2 2 2
left_child=2 3 4 14 5 6 11 9 -9 -6 25 12 22 28 15 -2 18 -18 19 -15 -20 24 -1 -16 -13 -3 -4 -12 -10 -21
right_child=1 10 26 -5 7 -7 -8 8 13 -11 27 21 -14 16 23 -17 17 -19 20 29 -22 -23 -24 -25 -26 -27 -28 -29 -30 -31
leaf_value=-0.0014661571381575601 0.0007286815960281368 0.00031575261511050971 -0.0021007187217473985 0.0035148184164427222 0.0027957258679504908 -0.0026939359463184426 0.0024032802998342298 -0.0036481775343418124 0.0014110645831183152 9.8178802073885832e-05 0.00076678628290125265 -0.0028741824101995339 0.0024592368490993981 -0.0025652714478580849 0.00015096601280497344 0.0031115623738151043 0.0018131919781444593 -7.4453288090615464e-05 0.00020229629684421674 0.00028835024263354996 -0.00049815220644180405 -0.00025840138318017125 -0.00021542982516491193 0.0015637526595188925 -0.0012291372088135556 -2.7753556582720274e-05 -0.00076453707542870541 0.00022957888999171271 0.00017788537451431994 -0.0015384871165830798
leaf_weight=49 29 572 25 21 28 23 22 30 27 59 278 22 20 23 82 20 25 604 149 21 294 30 70 30 53 938 355 254 323 24
leaf_count=49 29 572 25 21 28 23 22 30 27 59 278 22 20 23 82 20 25 604 149 21 294 30 70 30 53 938 355 254 323 24
internal_value=2.6612e-12 0.000288904 -0.000282304 0.00118937 -0.000168035 -0.000633058 -0.000454862 -8.44063e-05 -0.000144549 0.000966355 0.000208647 -0.000712563 -0.00027149 -7.40057e-05 0.000886055 0.00170129 -0.000180548 5.72358e-07 -0.000403492 -0.00132161 -0.000262561 -0.00129646 -0.000730435 0.000529391 -0.00171168 0.000102369 -0.000852444 0.0005103 0.000273016 -0.000685963
internal_weight=4500 2224 2276 182 1896 289 266 1607 1520 87 2042 244 139 1490 161 49 1140 629 511 68 443 105 119 112 75 1510 380 532 350 45
internal_count=4500 2224 2276 182 1896 289 266 1607 1520 87 2042 244 139 1490 161 49 1140 629 511 68 443 105 119 112 75 1510 380 532 350 45
is_linear=0
shrinkage=0.1


Tree=56
num_leaves=31
num_cat=0
split_feature=3 2 2 2 2 2 0 4 2 4 0 3 0 0 2 2 0 1 1 3 2 2 2 1 2 3 2 2 2 2
split_gain=0.0308749 0.0138348 0.0112411 0.0283182 0.016882 0.0164754 0.00980149 0.00760902 0.0449435 0.0105289 0.00677335 0.0065978 0.00510072 0.00435692 0.00402722 0.0165452 0.00455601 0.00411449 0.00376134 0.00335207 0.00334856 0.00782124 0.0108622 0.00359949 0.00329773 0.00599039 0.00325617 0.00316973 0.00410778 0.00276234
threshold=285.94415283203131 6980.5000000000009 249.50000000000003 233.50000000000003 192.50000000000003 203.50000000000003 435.00000000000006 127.50000000000001 152.50000000000003 109.50000000000001 1357.5000000000002 27.111128807067875 1665.0000000000002 285.00000000000006 889.50000000000011 917.50000000000011 592.50000000000011 4.5000000000000009 13.500000000000002 47.448650360107429 36.500000000000007 80.500000000000014 70.500000000000014 3.5000000000000004 310.00000000000006 31.991316795349125 1108.5000000000002 5782.5000000000009 2868.5000000000005 1024.5000000000002
decision_type=2 2 2 2 2 2 2 2 2 2 2 2 2 2 2 2 2 2 2 2 2 2 2 2 2 2 2 2 2 2
left_child=2 10 3 4 7 -6 11 9 -9 20 13 -4 14 18 16 -16 17 -8 -2 -13 -1 22 -22 -23 25 -18 -14 28 -12 -17
right_child=1 -3 6 -5 5 -7 12 8 -10 -11 27 19 26 -15 15 29 24 -19 -20 -21 21 23 -24 -25 -26 -27 -28 -29 -30 -31
leaf_value=-0.0012927491995991054 0.00064462594268948411 0.0024906671220629381 0.0020449022318990459 -0.0033055859108178601 0.0034049728373065596 4.5106860529307999e-05 -0.0019955876309634937 0.0039240648081018169 -0.0017834549401635055 -0.0027807473791822473 -0.00033196347458885471 -0.00091931854888874427 -0.0012947858657753387 0.00034379523877899911 0.0024972534144762906 -0.00069935511946574505 -0.00098997705310466711 -0.00039119730548312266 0.0018467636765254773 0.00029944139154077491 -0.00043844045296856696 -0.0013466219606925733 0.0020418653048261109 2.5497998770636816e-05 -0.00036513040938673488 0.0011296434210817097 -0.00040760930069387921 -0.0012300754339126538 0.00027221475200191056 -6.0989725056035795e-05
leaf_weight=75 111 29 21 37 20 54 31 22 37 27 190 24 64 1115 25 73 20 33 34 378 76 94 23 24 460 40 117 21 276 949
leaf_count=75 111 29 21 37 20 54 31 22 37 27 190 24 64 1115 25 73 20 33 34 378 76 94 23 24 460 40 117 21 276 949
internal_value=8.28936e-13 0.000324398 -0.000211502 -0.000645798 -0.000428072 0.000953179 -0.000116481 -0.000698476 0.000344773 -0.000891428 0.000288438 0.000316946 -0.000217662 0.000410853 -0.00016177 -4.44134e-05 -0.000372169 -0.00116832 0.000926507 0.00022668 -0.00071673 -0.000517646 0.000137792 -0.00106755 -0.00027418 0.000423103 -0.000721307 -2.82821e-05 2.5876e-05 -0.000106587
internal_weight=4500 1776 2724 489 452 74 2235 378 59 319 1747 423 1812 1260 1631 1047 584 64 145 402 292 217 99 118 520 60 181 487 466 1022
internal_count=4500 1776 2724 489 452 74 2235 378 59 319 1747 423 1812 1260 1631 1047 584 64 145 402 292 217 99 118 520 60 181 487 466 1022
is_linear=0
shrinkage=0.1


Tree=57
num_leaves=31
num_cat=0
split_feature=4 0 2 0 2 0 0 4 3 4 2 3 2 0 2 2 2 0 3 0 2 2 2 4 0 2 1 0 2 2
split_gain=0.0251187 0.0130211 0.0106629 0.00804713 0.00661289 0.00525275 0.00432717 0.00584008 0.0101543 0.00529177 0.00332844 0.00332183 0.00593253 0.00485735 0.00462593 0.00428214 0.00324667 0.0124873 0.00878068 0.00691253 0.00787722 0.0100883 0.0065127 0.00629803 0.0130589 0.00519486 0.00529579 0.00393771 0.00305802 0.00468722
threshold=446.50000000000006 285.00000000000006 4771.0000000000009 1515.0000000000002 2916.5000000000005 1357.5000000000002 285.00000000000006 102.50000000000001 47.448650360107429 347.50000000000006 2972.0000000000005 681.99325561523449 6121.0000000000009 592.50000000000011 6763.0000000000009 3198.0000000000005 249.50000000000003 435.00000000000006 31.991316795349125 592.50000000000011 139.50000000000003 180.00000000000003 120.00000000000001 152.50000000000003 750.00000000000011 192.50000000000003 2.5000000000000004 900.00000000000011 4952.0000000000009 4442.5000000000009
decision_type=2 2 2 2 2 2 2 2 2 2 2 2 2 2 2 2 2 2 2 2 2 2 2 2 2 2 2 2 2 2
left_child=3 2 -2 6 5 -3 7 -1 -9 -10 -6 12 13 28 -14 -15 17 -8 19 -19 22 -22 27 24 -18 -20 -27 -21 29 -12
right_child=1 4 -4 -5 10 -7 16 8 9 -11 11 -13 14 15 -16 -17 23 18 25 20 21 -23 -24 -25 -26 26 -28 -29 -30 -31
leaf_value=0.0015541512591378957 0.00066914092013366136 9.6441974655635029e-05 0.0030271140567492694 -0.00082144692480789832 0.0013045402115494653 -0.00029811808180213038 -0.0021386866403613671 -0.0016248546983115377 0.0010427137769064025 -0.00051417684094838697 0.00070144333256017682 0.00077641150725590391 -0.0015489047940002022 -0.00044031913026165237 0.00034967989416881688 0.0002586455613157576 0.0026787677440670847 0.0013185326341596066 -0.0024527667500078682 0.00055695061370594583 -0.0027478683446533979 0.00026535046868957578 0.0016877805644815618 -0.00025754645515514702 -0.00037168423222434891 0.00050881892322130243 -0.0016452740106833519 -0.00057363806943528273 -0.00037912525440333413 0.0023590571264503527
leaf_weight=29 221 1153 21 271 32 477 43 30 61 34 116 115 33 102 21 623 23 33 25 48 25 20 22 714 36 21 25 86 20 20
leaf_count=29 221 1153 21 271 32 477 43 30 61 34 116 115 33 102 21 623 23 33 25 48 25 20 22 714 36 21 25 86 20 20
internal_value=2.07759e-12 0.00017092 0.000873758 -0.000326582 0.000108203 -1.90213e-05 -0.0002214 0.000275638 -2.09769e-05 0.000485511 0.000299863 0.000269244 0.000206865 0.000269228 -0.000810566 0.000160308 -0.000289681 -0.000543321 -0.0003184 -2.2847e-05 -0.000243073 -0.00140866 9.31534e-05 -0.000175494 0.000817475 -0.00129248 -0.000661884 -0.000168651 0.000775423 0.00094521
internal_weight=4500 2954 242 1546 2712 1630 1275 154 125 95 1082 1050 935 881 54 725 1121 348 305 234 201 45 156 773 59 71 46 134 156 136
internal_count=4500 2954 242 1546 2712 1630 1275 154 125 95 1082 1050 935 881 54 725 1121 348 305 234 201 45 156 773 59 71 46 134 156 136
is_linear=0
shrinkage=0.1


Tree=58
num_leaves=31
num_cat=0
split_feature=3 2 0 2 4 4 0 1 2 2 2 2 1 4 0 4 1 2 2 4 2 2 2 4 0 4 4 0 2 2
split_gain=0.0210344 0.0107112 0.00834895 0.008861 0.00572134 0.00508481 0.00491734 0.00462959 0.00436184 0.00913344 0.00900704 0.00858748 0.00840032 0.00846426 0.00534114 0.00390906 0.00531339 0.004913 0.0102954 0.0210871 0.0124264 0.00623442 0.0120426 0.00381453 0.00322143 0.00312456 0.00287159 0.00282428 0.00390685 0.00464748
threshold=285.94415283203131 6980.5000000000009 750.00000000000011 70.500000000000014 199.00000000000003 215.50000000000003 1515.0000000000002 4.5000000000000009 139.50000000000003 180.00000000000003 120.00000000000001 203.50000000000003 6.5000000000000009 123.50000000000001 900.00000000000011 96.500000000000014 2.5000000000000004 524.00000000000011 241.50000000000003 127.50000000000001 274.50000000000006 425.50000000000006 378.50000000000006 206.50000000000003 435.00000000000006 156.50000000000003 294.50000000000006 285.00000000000006 6299.0000000000009 4611.0000000000009
decision_type=2 2 2 2 2 2 2 2 2 2 2 2 2 2 2 2 2 2 2 2 2 2 2 2 2 2 2 2 2 2
left_child=2 6 3 -1 8 7 27 -6 10 -10 14 -11 13 -13 -4 16 -5 18 19 -17 -20 22 24 -19 -22 -14 -7 -2 29 -29
right_child=1 -3 4 15 5 26 -8 -9 9 11 -12 12 25 -15 -16 17 -18 23 20 -21 21 -23 -24 -25 -26 -27 -28 28 -30 -31
leaf_value=-0.0012580256192821402 0.00073441800285042424 0.0021738561404194552 0.00079121539008338005 -0.00020444210132826931 -1.3424568520537738e-05 -0.00062931735298791744 -0.0001154840955741242 0.0019642518251203 -0.0022568120887236937 0.0010247168907274804 0.0014537349504490313 -0.0030240541060920808 0.00093881131190573812 -0.00092216690165692066 -0.00079912646730971419 -0.001133465713064652 0.0018015903826322285 0.0015349378282692107 -0.0029602652468549259 0.0024182405669541497 -8.805361612758134e-06 -0.001353799020177982 0.0019403895512223246 0.00016564979084381234 -0.0013549317198339851 -0.00059928487857437835 -0.00018494381050789541 0.00021484345988828375 -0.00070398172147179139 0.00074023350720544027
leaf_weight=49 145 29 25 23 29 168 324 20 42 27 26 25 25 82 136 32 31 21 22 35 40 47 25 652 32 28 1082 1037 40 201
leaf_count=49 145 29 25 23 29 168 324 20 42 27 26 25 25 82 136 32 31 21 22 35 40 47 25 652 32 28 1082 1037 40 201
internal_value=3.1637e-12 0.000267757 -0.000174573 5.3671e-05 -0.000308857 -0.000205496 0.000236116 0.00079379 -0.000631613 -0.000924225 -0.000273282 -0.000624927 -0.000903305 -0.00141326 -0.000552179 0.000120622 0.000947169 7.13578e-05 -0.000324408 0.000721903 -0.000746715 -0.000408534 4.94815e-05 0.000208376 -0.000607084 0.000126232 -0.000244668 0.000316171 0.000268717 0.000300145
internal_weight=4500 1776 2724 1009 1715 1299 1747 49 416 229 187 187 160 107 161 960 54 906 233 67 166 144 97 673 72 53 1250 1423 1278 1238
internal_count=4500 1776 2724 1009 1715 1299 1747 49 416 229 187 187 160 107 161 960 54 906 233 67 166 144 97 673 72 53 1250 1423 1278 1238
is_linear=0
shrinkage=0.1


Tree=59
num_leaves=31
num_cat=0
split_feature=2 2 0 2 2 2 4 4 4 0 0 2 0 2 2 0 4 4 2 2 0 2 2 2 2 4 4 2 2 2
split_gain=0.0176028 0.0086689 0.00744934 0.00589865 0.0207842 0.0117598 0.00714758 0.0286386 0.00972479 0.00578972 0.00445708 0.0074355 0.0105676 0.00764377 0.00365061 0.00340705 0.00442185 0.00339238 0.00339027 0.00330907 0.00287859 0.00821594 0.00766015 0.00396359 0.00284733 0.00279122 0.00417993 0.00304776 0.0129852 0.0059546
threshold=2173.0000000000005 6980.5000000000009 1665.0000000000002 249.50000000000003 233.50000000000003 192.50000000000003 127.50000000000001 147.50000000000003 109.50000000000001 750.00000000000011 1515.0000000000002 2497.5000000000005 435.00000000000006 2840.5000000000005 274.50000000000006 900.00000000000011 161.50000000000003 251.50000000000003 378.50000000000006 2421.5000000000005 592.50000000000011 2689.5000000000005 2689.5000000000005 2564.5000000000005 392.50000000000006 199.00000000000003 215.50000000000003 1024.5000000000002 1058.5000000000002 1157.5000000000002
decision_type=2 2 2 2 2 2 2 2 2 2 2 2 2 2 2 2 2 2 2 2 2 2 2 2 2 2 2 2 2 2
left_child=2 10 3 4 5 6 8 -8 -1 -7 11 12 -2 20 -5 16 18 24 -16 -12 21 23 -22 -13 -18 -17 -27 -28 -29 -30
right_child=1 -3 -4 14 -6 9 7 -9 -10 -11 19 13 -14 -15 15 25 17 -19 -20 -21 22 -23 -24 -25 -26 26 27 28 29 -31
leaf_value=-0.0004995887572883448 0.0023090839374046296 0.0019564704685512096 -0.0007128468687515124 0.00098750336399140953 -0.0028191650365068412 0.002256802722062592 0.0034328856305884461 -0.0014161151543797541 -0.0026020534220151607 0.00029116852923369491 -0.00091298038333964852 -0.00048920296103460714 0.0005051004739770994 0.00031223967303731811 0.00023143528693860086 -0.00076100339755589056 -0.0013568777790702558 9.4225301725013193e-05 0.001971271530159616 8.6780491186926106e-06 0.00064685621475412823 0.00045737152959191008 -0.00079213229433811993 -0.0022948526657156406 -0.00018092262932479803 0.00098483281981316391 -0.00042546604415641176 0.0022870358565579289 -0.0012273612521391402 -3.959949998204593e-05
leaf_weight=264 39 29 225 34 34 23 21 29 24 43 45 20 194 979 24 78 29 839 21 290 75 32 73 31 71 32 321 23 46 512
leaf_count=264 39 29 225 34 34 23 21 29 24 43 45 20 194 979 24 78 29 839 21 290 75 32 73 31 71 32 321 23 46 512
internal_value=-7.77375e-13 0.000241448 -0.000162011 -0.000111793 -0.000444617 -0.000244779 -0.000483188 0.000620465 -0.000674794 0.000976162 0.000213475 0.000289762 0.000807055 0.000190151 -3.99821e-05 -5.74843e-05 7.50114e-05 2.8605e-05 0.00104336 -0.000115127 -0.000327273 -0.000798658 -6.29151e-05 -0.00158675 -0.00052195 -0.000186314 -0.000138321 -0.000178167 -4.15348e-05 -0.000137515
internal_weight=4500 1807 2693 2468 438 404 338 50 288 66 1778 1443 233 1210 2030 1996 984 939 45 335 231 83 148 51 100 1012 934 902 581 558
internal_count=4500 1807 2693 2468 438 404 338 50 288 66 1778 1443 233 1210 2030 1996 984 939 45 335 231 83 148 51 100 1012 934 902 581 558
is_linear=0
shrinkage=0.1


Tree=60
num_leaves=31
num_cat=0
split_feature=2 2 2 0 0 2 2 2 4 4 4 3 3 2 2 2 2 2 2 2 2 2 4 0 2 2 4 0 0 2
split_gain=0.0144527 0.00885167 0.00737881 0.00704844 0.00482427 0.00467106 0.0168352 0.0095254 0.00578954 0.0231973 0.00787708 0.00485275 0.00328749 0.00662353 0.00610684 0.00342937 0.00631694 0.0059164 0.00306542 0.00306177 0.00595512 0.00293981 0.00313766 0.00287063 0.0027332 0.0119636 0.0036721 0.00494178 0.00283703 0.00251583
threshold=1668.5000000000002 1640.5000000000002 6980.5000000000009 1665.0000000000002 435.00000000000006 249.50000000000003 233.50000000000003 192.50000000000003 127.50000000000001 147.50000000000003 109.50000000000001 33.399991989135749 681.99325561523449 4771.0000000000009 3942.5000000000005 2497.5000000000005 2689.5000000000005 2193.5000000000005 3015.5000000000005 6299.0000000000009 4611.0000000000009 274.50000000000006 755.50000000000011 750.00000000000011 80.500000000000014 70.500000000000014 49.500000000000007 592.50000000000011 1357.5000000000002 1843.5000000000002
decision_type=2 2 2 2 2 2 2 2 2 2 2 2 2 2 2 2 2 2 2 2 2 2 2 2 2 2 2 2 2 2
left_child=1 3 4 5 12 6 7 8 10 -10 24 -9 13 14 15 17 -17 29 -18 20 -6 -7 -23 -22 25 26 27 -1 -29 -2
right_child=2 -3 -4 -5 19 21 -8 11 9 -11 -12 -13 -14 -15 -16 16 18 -19 -20 -21 23 22 -24 -25 -26 -27 -28 28 -30 -31
leaf_value=-0.0020356808304786683 0.0010620795048570501 -0.002276883670128882 0.0017608234638765712 -0.00077992877484852306 4.1350119418503185e-05 0.00088875305381781603 -0.0025372485553174663 0.0019766508848406378 0.0030895971188632152 -0.0012745036157490366 -0.0023418479730025867 0.0002089699134003462 0.0014240549321745193 -0.00088924100184360408 0.001620092842495069 -0.0012146118776722543 0.001158735592940098 0.0021822042122948914 6.153345006921506e-05 -0.00080944773799274117 0.0012703739900340831 -0.00010738624934284126 0.00031099849693067455 0.00040297398905573992 -0.00083332536177370062 0.0019803260008550505 0.00048040939457548253 -6.9675428824404534e-05 -0.0014231232818149562 -0.00011971280375376432
leaf_weight=25 31 20 29 171 1626 34 34 25 21 29 24 41 34 36 45 31 36 24 87 37 48 1337 207 186 109 22 28 59 21 43
leaf_count=25 31 20 29 171 1626 34 34 25 21 29 24 41 34 36 45 31 36 24 87 37 48 1337 207 186 109 22 28 59 21 43
internal_value=-1.13855e-12 -0.000182671 0.00017582 -0.000163519 0.000155517 -0.000111235 -0.000400156 -0.000220301 -0.000434869 0.000558419 -0.000607315 0.000878546 0.000487395 0.00039176 0.000547033 0.000355415 6.11359e-05 0.000817854 0.000382666 9.13109e-05 0.000109229 -3.104e-05 -5.12945e-05 0.000580902 -0.00044963 -0.000179805 -0.00053712 -0.000808462 -0.000424955 0.000375362
internal_weight=4500 2207 2293 2187 2264 2016 438 404 338 50 288 66 367 333 297 252 154 98 123 1897 1860 1578 1544 234 264 155 133 105 80 74
internal_count=4500 2207 2293 2187 2264 2016 438 404 338 50 288 66 367 333 297 252 154 98 123 1897 1860 1578 1544 234 264 155 133 105 80 74
is_linear=0
shrinkage=0.1


Tree=61
num_leaves=31
num_cat=0
split_feature=2 2 2 2 0 2 2 2 2 0 0 4 2 2 2 3 2 0 3 2 2 2 2 2 0 2 2 2 4 3
split_gain=0.0120026 0.0102692 0.0359386 0.00626719 0.00612308 0.00583237 0.0355875 0.00426392 0.00665902 0.00411956 0.0039078 0.00299659 0.00328752 0.00927759 0.00303878 0.00392552 0.00418513 0.00313919 0.00299385 0.00481468 0.00560096 0.0027891 0.00433406 0.00312634 0.00272933 0.00272647 0.00249582 0.00855853 0.00752452 0.00335156
threshold=1157.5000000000002 1058.5000000000002 1024.5000000000002 6980.5000000000009 285.00000000000006 903.50000000000011 878.00000000000011 241.50000000000003 378.50000000000006 435.00000000000006 900.00000000000011 40.500000000000007 702.50000000000011 641.00000000000011 776.00000000000011 94.168346405029311 739.00000000000011 1050.0000000000002 681.99325561523449 4771.0000000000009 3942.5000000000005 4221.0000000000009 6299.0000000000009 4166.0000000000009 750.00000000000011 668.50000000000011 139.50000000000003 163.50000000000003 118.50000000000001 23.306306838989261
decision_type=2 2 2 2 2 2 2 2 2 2 2 2 2 2 2 2 2 2 2 2 2 2 2 2 2 2 2 2 2 2
left_child=1 2 4 9 7 6 11 -1 -9 18 -7 -6 13 26 15 -14 -17 -16 19 20 -2 23 24 -11 -23 -15 28 -28 29 -13
right_child=3 -3 -4 -5 5 10 -8 8 -10 21 -12 12 14 25 17 16 -18 -19 -20 -21 -22 22 -24 -25 -26 -27 27 -29 -30 -31
leaf_value=0.001302843974707158 0.00027384039268211601 -0.0011511750839417801 0.0028859488519006656 0.0015847410974574501 -0.00088418066393540842 -0.00027865802343447803 0.0028235955971271129 -0.0011075924512679745 0.00061553650606323838 2.1192805604848886e-05 -0.001443031598880355 -7.2794048285756549e-06 -0.00011369863696884188 0.0015192878972785755 9.5872262486059655e-05 -0.00083642426126805895 -0.0028351479127104542 -0.00094107154659039494 0.0012816494767321275 -0.00080031690304167575 0.0014580835714392984 0.00096797673135629991 -0.00072850293788203116 -0.0010621927333650766 0.00026934890053172182 0.00028807961419728158 -0.0019314511326442966 -0.00030181872493415641 0.0018144939383048387 -0.0013168642317633267
leaf_weight=38 355 110 38 29 89 49 37 33 70 1976 70 130 21 35 65 22 20 53 34 36 45 70 37 27 278 37 34 618 21 23
leaf_count=38 355 110 38 29 89 49 37 33 70 1976 70 130 21 35 65 22 20 53 34 36 45 70 37 27 278 37 34 618 21 23
internal_value=9.49437e-13 -0.000218493 -0.000150233 0.000122075 -0.000228987 -0.000295704 -0.000229747 0.000397483 6.34661e-05 0.000107233 -0.000963584 -0.000326471 -0.000280469 -0.000202104 -0.000669266 -0.00123003 -0.0017882 -0.000369874 0.000377855 0.000307375 0.000407068 5.39701e-05 0.000300475 6.58901e-06 0.000409877 0.000886584 -0.000297001 -0.0003868 3.94838e-05 -0.000204145
internal_weight=4500 1613 1503 2887 1465 1324 1205 141 103 2858 119 1168 1079 898 181 63 42 118 470 436 400 2388 385 2003 348 72 826 652 174 153
internal_count=4500 1613 1503 2887 1465 1324 1205 141 103 2858 119 1168 1079 898 181 63 42 118 470 436 400 2388 385 2003 348 72 826 652 174 153
is_linear=0
shrinkage=0.1


Tree=62
num_leaves=31
num_cat=0
split_feature=0 2 2 2 2 2 2 0 3 4 4 3 0 2 2 2 3 2 0 2 2 2 2 2 2 2 2 2 2 2
split_gain=0.0102523 0.0105428 0.010426 0.0144177 0.00600394 0.0180215 0.0121675 0.00322663 0.00351594 0.00285838 0.010091 0.00315174 0.00265699 0.00271453 0.00735151 0.00382811 0.00376832 0.00298272 0.00248697 0.00219017 0.00213102 0.00501863 0.0031012 0.0042929 0.00372567 0.00284138 0.00501258 0.00318629 0.00433103 0.00467854
threshold=285.00000000000006 4771.0000000000009 889.50000000000011 917.50000000000011 1024.5000000000002 1058.5000000000002 1157.5000000000002 1515.0000000000002 553.34210205078136 102.50000000000001 152.50000000000003 54.656000137329109 1515.0000000000002 702.50000000000011 641.00000000000011 776.00000000000011 94.168346405029311 805.50000000000011 1200.0000000000002 668.50000000000011 1343.5000000000002 1552.5000000000002 1904.5000000000002 2421.5000000000005 1727.5000000000002 3540.0000000000005 3764.5000000000005 4720.5000000000009 4396.5000000000009 3970.5000000000005
decision_type=2 2 2 2 2 2 2 2 2 2 2 2 2 2 2 2 2 2 2 2 2 2 2 2 2 2 2 2 2 2
left_child=1 9 12 -4 18 -6 -7 8 -8 -1 -11 -12 13 14 -2 16 -15 -17 -5 -16 -9 -22 24 -24 -23 -25 -27 28 29 -28
right_child=2 -3 3 4 5 6 7 20 -10 10 11 -13 -14 15 19 17 -18 -19 -20 -21 21 22 23 25 -26 26 27 -29 -30 -31
leaf_value=0.0013174503294004385 -0.000235068990075538 0.0026663126379606271 0.0020435737226054901 -0.00037447637380811261 0.0023456798208987013 -0.0010708316719018579 5.5806731469231886e-05 0.0005354200464872909 0.00036512873189953988 -0.0016107159235756487 0.0015928604858345353 0.00035254896447807081 -0.00060793371272592858 -0.00022735138991265559 0.0015003207030766194 0.0006965657873079182 -0.0019771406994550491 -0.00054118864252695239 -0.0014219470609746435 0.00029129723552614453 -0.0013979662846505755 -0.00029321721420103589 -0.00079601566114070009 0.00026543223151422702 0.0011802856571267587 -0.0017084861093241235 0.00082055483362637467 -0.00068216892052661493 0.0013369642111852214 -0.0012927074726162987
leaf_weight=29 738 21 36 68 34 97 1635 42 474 26 22 298 223 20 31 25 32 88 34 29 33 32 100 151 37 23 20 53 27 22
leaf_count=29 738 21 36 68 34 97 1635 42 474 26 22 298 223 20 31 25 32 88 34 29 33 32 100 151 37 23 20 53 27 22
internal_value=2.15088e-12 0.000485915 -4.68866e-05 5.47279e-05 2.98846e-05 5.75316e-05 2.92006e-05 6.94811e-05 0.000125327 0.000363813 0.000283884 0.00043782 -0.000296896 -0.00022487 -0.000148526 -0.000594097 -0.00130414 -0.000267349 -0.000723633 0.000915959 -0.000148629 -0.00020632 -0.000121751 -0.00022955 0.000496922 -3.81767e-05 -0.000354349 -9.90605e-05 0.000348834 -0.000286392
internal_weight=4500 396 4104 2918 2882 2780 2746 2649 2109 375 346 320 1186 963 798 165 52 113 102 60 540 498 465 396 69 296 145 122 69 42
internal_count=4500 396 4104 2918 2882 2780 2746 2649 2109 375 346 320 1186 963 798 165 52 113 102 60 540 498 465 396 69 296 145 122 69 42
is_linear=0
shrinkage=0.1


Tree=63
num_leaves=31
num_cat=0
split_feature=3 0 2 2 2 0 1 2 2 2 2 0 0 2 2 2 4 2 4 0 4 3 2 4 4 4 0 1 2 0
split_gain=0.00861777 0.00473648 0.00449101 0.00308662 0.0034986 0.00371147 0.00303466 0.00541918 0.00640242 0.00476935 0.00287973 0.00279249 0.00278438 0.00318323 0.00521905 0.00311323 0.00432078 0.00425788 0.00256461 0.00963961 0.00513786 0.00258683 0.0081259 0.00610106 0.0191571 0.00627921 0.00283162 0.00254153 0.00231811 0.00231515
threshold=285.94415283203131 1200.0000000000002 6980.5000000000009 506.50000000000006 687.00000000000011 1357.5000000000002 5.5000000000000009 241.50000000000003 283.50000000000006 192.50000000000003 3445.5000000000005 1357.5000000000002 285.00000000000006 241.50000000000003 378.50000000000006 1058.5000000000002 393.50000000000006 1397.5000000000002 64.500000000000014 592.50000000000011 74.500000000000014 34.964979171752937 249.50000000000003 102.50000000000001 143.50000000000003 176.50000000000003 750.00000000000011 4.5000000000000009 758.00000000000011 1050.0000000000002
decision_type=2 2 2 2 2 2 2 2 2 2 2 2 2 2 2 2 2 2 2 2 2 2 2 2 2 2 2 2 2 2
left_child=1 10 29 6 5 -5 7 9 -9 -3 12 -10 13 -1 -15 16 -16 -17 19 -14 -20 23 -23 -22 -25 -26 -27 -7 -6 -2
right_child=2 3 -4 4 28 27 -8 8 11 -11 -12 -13 18 14 15 17 -18 -19 20 -21 21 22 -24 24 25 26 -28 -29 -30 -31
leaf_value=0.0011241277336682144 0.00025792957601873787 -0.00055306614244314415 0.0014056204625501716 0.0014991191802740408 -0.0012588460665111517 -0.00085267099091738833 0.00047684239913136348 -0.0027875463264839103 -0.001760562600405968 0.00083376635623911481 0.0011224819511302154 -0.00045841493240380985 -0.0019675318993959633 -0.0010249016009214703 0.00036618297087261456 -0.00098206671555676767 0.0021053058459074236 0.00041121318783067789 0.0015070206164160655 0.00012570531976190537 -0.0008146146807525333 -0.0012520857563746784 -5.8717606024631621e-05 0.0024788506956657588 -0.0016715258486907593 -0.00039141683891001682 0.0010568576498405525 0.00058170378402185941 -0.0002124546810342489 2.7082757633139903e-05
leaf_weight=38 937 143 29 24 22 21 26 21 23 30 22 58 33 33 50 31 20 75 21 66 36 60 1164 39 22 27 27 30 562 810
leaf_count=38 937 143 29 24 22 21 26 21 23 30 22 58 33 33 50 31 20 75 21 66 36 60 1164 39 22 27 27 30 562 810
internal_value=-1.39466e-13 -0.00011174 0.000171385 -0.000290487 -0.000169302 0.000473652 -0.000555804 -0.000653436 -0.00123156 -0.000312575 -1.4463e-05 -0.000828161 -2.88217e-05 0.000282216 0.000129141 0.000345524 0.000863075 3.74454e-06 -8.02105e-05 -0.00057204 -4.53314e-05 -6.904e-05 -0.000117216 0.000321473 0.000677117 -0.000247456 0.00033272 -8.92112e-06 -0.000251874 0.000150897
internal_weight=4500 2724 1776 960 659 75 301 275 102 173 1764 81 1742 247 209 176 70 106 1495 99 1396 1375 1224 151 115 76 54 51 584 1747
internal_count=4500 2724 1776 960 659 75 301 275 102 173 1764 81 1742 247 209 176 70 106 1495 99 1396 1375 1224 151 115 76 54 51 584 1747
is_linear=0
shrinkage=0.1


Tree=64
num_leaves=31
num_cat=0
split_feature=3 0 2 0 2 0 2 1 2 2 2 2 2 2 2 2 0 2 3 3 3 1 2 2 2 2 0 2 2 2
split_gain=0.00730258 0.00507745 0.00385593 0.00355583 0.00301454 0.00804903 0.00546686 0.00332322 0.00264821 0.00480426 0.00223007 0.0135029 0.00981449 0.00320297 0.00244525 0.0033428 0.00216337 0.00339867 0.00425563 0.00698324 0.0065447 0.00339957 0.00214024 0.00590578 0.00295482 0.00196732 0.00187667 0.00185086 0.00363254 0.00917531
threshold=124.94666671752931 592.50000000000011 5987.0000000000009 1515.0000000000002 5013.0000000000009 1050.0000000000002 6299.0000000000009 14.500000000000002 4771.0000000000009 4476.5000000000009 2497.5000000000005 2689.5000000000005 2274.5000000000005 2564.5000000000005 3015.5000000000005 2840.5000000000005 285.00000000000006 130.00000000000003 27.111128807067875 47.448650360107429 71.442611694335952 8.5000000000000018 654.50000000000011 805.50000000000011 1058.5000000000002 3315.0000000000005 285.00000000000006 1205.5000000000002 1058.5000000000002 1024.5000000000002
decision_type=2 2 2 2 2 2 2 2 2 2 2 2 2 2 2 2 2 2 2 2 2 2 2 2 2 2 2 2 2 2
left_child=3 2 8 16 27 7 -7 -6 9 10 12 13 22 -12 15 -13 17 -1 -19 -20 -21 -22 -2 -24 -25 26 -16 28 29 -3
right_child=1 4 -4 -5 5 6 -8 -9 -10 -11 11 14 -14 -15 25 -17 -18 18 19 20 21 -23 23 24 -26 -27 -28 -29 -30 -31
leaf_value=-0.00084744297453890672 0.00094793334958525623 -0.00022909383398785266 0.0014755616762731397 -0.00054212797221756166 0.00075842197680425934 0.00032113720039238355 -0.0012401454489339482 0.0022089351254346019 -0.00051236532497222511 0.0018327116107320761 -0.00044285339716225284 0.00025671116436569718 0.0018401428829705299 -0.0020660304284143833 -0.0010322838593062691 0.001800001470721327 -0.00016905505250602678 0.0017700068896547669 -0.0013595628648710608 0.0022099406621418896 -0.00075036429354804568 0.0009342434593354878 -0.0015013224022550277 0.001051769865859699 0.00015208347972524067 0.00039659134966383978 0.00016007344423666259 1.5808455040510011e-05 -0.00080495926245074609 0.0020063625602051616
leaf_weight=23 39 224 27 240 56 70 33 22 42 20 20 32 43 31 22 25 996 21 22 20 25 23 20 42 279 130 33 1815 85 20
leaf_count=23 39 224 27 240 56 70 33 22 42 20 20 32 43 31 22 25 996 21 22 20 25 23 20 42 279 130 33 1815 85 20
internal_value=-1.25729e-12 8.42791e-05 0.000300732 -0.00019255 9.33507e-06 0.000401232 -0.00017908 0.00116754 0.000259961 0.000304034 0.000261333 4.92827e-05 0.000408214 -0.00142949 0.000360925 0.000933593 -0.000118303 0.000258924 0.000488172 0.000189077 0.000690107 5.68436e-05 0.00024618 0.000165921 0.000269799 0.000184481 -0.000316869 -2.37495e-05 -0.00024198 -4.58597e-05
internal_weight=4500 3130 805 1370 2325 181 103 78 778 736 716 293 423 51 242 57 1130 134 111 90 68 48 380 341 321 185 55 2144 329 244
internal_count=4500 3130 805 1370 2325 181 103 78 778 736 716 293 423 51 242 57 1130 134 111 90 68 48 380 341 321 185 55 2144 329 244
is_linear=0
shrinkage=0.1


Tree=65
num_leaves=31
num_cat=0
split_feature=0 2 2 2 2 2 2 3 4 3 3 0 4 2 2 2 0 2 2 2 2 4 0 2 2 2 0 3 3 4
split_gain=0.00655578 0.00872697 0.00578747 0.0119267 0.00454636 0.0132088 0.00862873 0.00279932 0.0108058 0.0104806 0.00366652 0.00228167 0.00207807 0.00239272 0.00228285 0.00585348 0.00253344 0.00200162 0.0168732 0.00459853 0.00559813 0.00534435 0.00317277 0.0029577 0.00977917 0.00303809 0.00284785 0.00262906 0.00256848 0.00468214
threshold=285.00000000000006 4771.0000000000009 889.50000000000011 917.50000000000011 1024.5000000000002 1058.5000000000002 1157.5000000000002 5.2500000000000009 102.50000000000001 47.448650360107429 71.442611694335952 1665.0000000000002 40.500000000000007 28.500000000000004 702.50000000000011 641.00000000000011 750.00000000000011 241.50000000000003 264.50000000000006 192.50000000000003 139.50000000000003 118.50000000000001 750.00000000000011 425.50000000000006 392.50000000000006 310.00000000000006 900.00000000000011 126.69971084594728 23.306306838989261 64.500000000000014
decision_type=2 2 2 2 2 2 2 2 2 2 2 2 2 2 2 2 2 2 2 2 2 2 2 2 2 2 2 2 2 2
left_child=1 7 12 -4 -5 -6 -7 -1 -9 -10 -11 -8 13 -2 15 17 -17 19 -19 20 21 28 -22 24 25 26 -20 -25 29 -14
right_child=2 -3 3 4 5 6 11 8 9 10 -12 -13 14 -15 -16 16 -18 18 23 -21 22 -23 -24 27 -26 -27 -28 -29 -30 -31
leaf_value=-0.00076738925223859659 -0.0002611556773530847 0.0023723281393315467 0.0018471061329667767 -0.00064008377333212756 0.0019986104192760063 -0.00091093404899044057 8.1757693322154052e-05 0.002606138997653034 -0.0020064026866384666 0.0015996939666696232 0.00026049000989209869 -0.00021638409511473989 -0.00041676776535239649 -0.0013176132137434453 -0.0004925000168279082 0.0017030837771017104 0.00037872700027387162 -0.0027074915223887991 0.0010581295678599013 0.00062895772587045736 -3.4899185592276531e-05 0.0016021470977215188 -0.0013235515817151672 -0.00063022554356447315 0.001296086764926383 -0.00058351607382830584 -0.00030048442276893185 0.00015979045399165312 -0.0010731888054262685 0.00080825690394983852
leaf_weight=24 53 21 36 102 34 97 2361 20 20 22 289 288 78 36 199 20 52 28 27 85 29 21 56 170 51 114 36 56 23 52
leaf_count=24 53 21 36 102 34 97 2361 20 20 22 289 288 78 36 199 20 52 28 27 85 29 21 56 170 51 114 36 56 23 52
internal_value=1.01328e-13 0.000388564 -3.7493e-05 3.82148e-05 1.56193e-05 3.96775e-05 1.54227e-05 0.000277473 0.000348916 0.000212528 0.000355225 4.93436e-05 -0.000223762 -0.000688487 -0.000186059 -0.00011815 0.000746604 -0.000193528 -0.000325038 -9.26261e-06 -0.000218717 0.000106225 -0.000883894 -0.000178102 7.6016e-05 -0.00027553 0.000281779 -0.000434469 -9.90972e-05 7.32421e-05
internal_weight=4500 396 4104 2918 2882 2780 2746 375 351 331 311 2649 1186 89 1097 898 72 826 482 344 259 174 85 454 228 177 63 226 153 130
internal_count=4500 396 4104 2918 2882 2780 2746 375 351 331 311 2649 1186 89 1097 898 72 826 482 344 259 174 85 454 228 177 63 226 153 130
is_linear=0
shrinkage=0.1


Tree=66
num_leaves=31
num_cat=0
split_feature=3 1 0 2 2 2 2 2 2 0 2 0 0 2 2 2 2 2 2 2 2 2 2 2 4 2 0 2 2 2
split_gain=0.00554506 0.00857019 0.00405775 0.00359951 0.0047016 0.00426007 0.00498755 0.00399659 0.0029746 0.00334999 0.00327031 0.00315814 0.00356919 0.00227933 0.00222298 0.00228877 0.00503485 0.00221522 0.00566311 0.00403608 0.0172769 0.00474166 0.00471261 0.002771 0.00247976 0.00237978 0.00211761 0.00556594 0.00358351 0.00254666
threshold=657.66860961914074 13.500000000000002 1515.0000000000002 1926.0000000000002 1981.5000000000002 1843.5000000000002 1802.5000000000002 2043.5000000000002 2497.5000000000005 592.50000000000011 2840.5000000000005 900.00000000000011 1050.0000000000002 2343.5000000000005 53.500000000000007 4841.5000000000009 4396.5000000000009 1625.5000000000002 1668.5000000000002 1414.0000000000002 1442.5000000000002 1365.0000000000002 1532.5000000000002 1477.5000000000002 976.50000000000011 1768.5000000000002 592.50000000000011 2689.5000000000005 2689.5000000000005 2564.5000000000005
decision_type=2 2 2 2 2 2 2 2 2 2 2 2 2 2 2 2 2 2 2 2 2 2 2 2 2 2 2 2 2 2
left_child=2 -2 3 5 -5 6 17 -6 9 13 26 -11 -13 -9 -4 16 -16 19 -19 21 -21 24 23 -22 -1 -20 28 29 -10 -28
right_child=1 -3 14 4 7 -7 -8 8 10 11 -12 12 -14 -15 15 -17 -18 18 25 20 22 -23 -24 -25 -26 -27 27 -29 -30 -31
leaf_value=-6.9116481896652282e-05 0.00024550102044766111 0.0020868063700618224 -0.0011642265617847444 0.0012378091530224897 -0.00086225811704402657 -0.00083978065954727144 0.0013630682891234756 0.0006347667350686 -0.0012754734074486703 -0.00038641559096226879 0.00015195047616349991 0.0013600296806959835 0.00018969267510007793 0.0018454999318751305 -0.00021859600477789761 -0.00097224034236844726 0.0011738118146442705 -0.0016347553147258418 0.0001673857569529238 0.0025235765147954229 0.000112814341991907 -0.0010407587239606075 0.00045879506305179047 -0.0011101773365102088 0.00084895572785171681 -0.0009322059376595112 -0.00031140674938164329 -0.00072692966258798087 0.00018177189103206967 0.00096835767532562993
leaf_weight=1524 260 28 25 38 41 69 25 48 45 59 849 35 102 23 680 37 27 31 81 32 32 50 96 44 30 26 23 65 27 48
leaf_count=1524 260 28 25 38 41 69 25 48 45 59 849 35 102 23 680 37 27 31 81 32 32 50 96 44 30 26 23 65 27 48
internal_value=1.14384e-12 0.000424517 -2.90268e-05 1.73599e-05 0.000140653 -6.74345e-05 -4.03965e-05 0.00011011 0.000140221 0.000438451 6.48873e-05 0.000225261 0.000488684 0.00102698 -0.000236711 -0.000205545 -0.000165421 -5.84267e-05 -0.000444612 -2.89501e-05 0.000390005 -8.22337e-05 -6.93848e-06 -0.000595233 -5.13931e-05 -9.98047e-05 -0.000290481 -5.83207e-05 -0.000729006 0.000553786
internal_weight=4500 288 4212 3443 1403 2040 1971 1365 1324 267 1057 196 137 71 769 744 707 1946 138 1808 204 1604 172 76 1554 107 208 136 72 71
internal_count=4500 288 4212 3443 1403 2040 1971 1365 1324 267 1057 196 137 71 769 744 707 1946 138 1808 204 1604 172 76 1554 107 208 136 72 71
is_linear=0
shrinkage=0.1


Tree=67
num_leaves=31
num_cat=0
split_feature=0 2 2 2 0 2 0 4 2 3 3 3 4 2 4 3 2 2 4 2 3 2 2 0 0 1 1 2 2 2
split_gain=0.00522712 0.00674461 0.00429917 0.00983632 0.00439547 0.00416127 0.00351759 0.00445932 0.0029412 0.00375633 0.00435556 0.00481457 0.00247958 0.00516409 0.00323327 0.00243774 0.00231998 0.00523237 0.00227264 0.00733112 0.00292584 0.00286969 0.00214625 0.00213628 0.00178101 0.00232816 0.00141526 0.00214284 0.00244988 0.00204621
threshold=285.00000000000006 4771.0000000000009 249.50000000000003 233.50000000000003 435.00000000000006 274.50000000000006 592.50000000000011 74.500000000000014 130.00000000000003 27.111128807067875 47.448650360107429 71.442611694335952 143.50000000000003 180.00000000000003 127.50000000000001 502.04142761230474 6299.0000000000009 6763.0000000000009 91.500000000000014 130.00000000000003 33.399991989135749 90.500000000000014 61.000000000000007 1357.5000000000002 1665.0000000000002 7.5000000000000009 3.5000000000000004 1058.5000000000002 1397.5000000000002 2564.5000000000005
decision_type=2 2 2 2 2 2 2 2 2 2 2 2 2 2 2 2 2 2 2 2 2 2 2 2 2 2 2 2 2 2
left_child=1 8 3 4 -2 -4 7 -6 -1 -10 -11 -12 14 -14 18 24 -17 -18 19 21 -20 22 23 -8 -7 -26 -13 -28 -29 -30
right_child=2 -3 5 -5 6 15 12 -9 9 10 11 26 13 -15 -16 16 17 -19 20 -21 -22 -23 -24 -25 25 -27 27 28 29 -31
leaf_value=-0.00084630649374878926 -0.0012519274577951164 0.0020909230280224058 0.001175211031222716 -0.002015547799237538 -0.00028959991090232506 -2.5743794638102143e-05 8.0031853368771935e-05 0.0017968201411089728 0.001617811749019893 -0.0011208851335223616 0.0018358888687725996 -0.00040685130440667105 -0.0019598308884862647 -7.8752162428854991e-06 0.0009595284382359952 0.00019511831341759527 -0.0014978106545405117 0.00027834890399474737 -0.0013413755639168599 0.0017417983821360395 3.9016294821132243e-05 -0.0011085308230136552 0.00059645037034849677 -0.00085440053488127887 -0.00076070833772076175 -0.00011081066987037386 0.0009911930621362842 -0.00058022817729839256 0.00071274321520832019 4.0041725654960971e-05
leaf_weight=23 36 21 30 32 20 2533 63 21 21 22 20 31 23 33 27 753 27 43 34 21 28 31 38 40 77 194 39 35 80 104
leaf_count=23 36 21 30 32 20 2533 63 21 21 22 20 31 23 33 27 753 27 43 34 21 28 31 38 40 77 194 39 35 80 104
internal_value=1.38022e-12 0.000346961 -3.34787e-05 -0.000326229 -0.000195968 2.30454e-06 -9.5666e-05 0.000779054 0.000249299 0.000320887 0.000238605 0.000335397 -0.000201771 -0.000809571 -8.10732e-05 -7.39692e-06 0.000143927 -0.000406741 -0.000191255 -2.20497e-05 -0.000717973 -0.000237403 -4.58787e-05 -0.000282855 -5.1812e-05 -0.000295468 0.000231557 0.000308265 0.000186648 0.000332521
internal_weight=4500 396 4104 447 415 3657 379 41 375 352 331 309 338 56 282 3627 823 70 255 193 62 172 141 103 2804 271 289 258 219 184
internal_count=4500 396 4104 447 415 3657 379 41 375 352 331 309 338 56 282 3627 823 70 255 193 62 172 141 103 2804 271 289 258 219 184
is_linear=0
shrinkage=0.1


Tree=68
num_leaves=31
num_cat=0
split_feature=0 3 3 2 2 2 1 0 2 2 2 2 0 2 2 1 2 2 2 2 2 2 2 2 0 2 2 2 2 2
split_gain=0.00423396 0.0056942 0.00362502 0.00249424 0.00522859 0.00211589 0.0044379 0.00180219 0.00171991 0.00206382 0.00159961 0.00545283 0.00669756 0.00247153 0.00222519 0.0021343 0.00384629 0.00350502 0.00154742 0.0100388 0.0024221 0.00149769 0.00313467 0.00189193 0.00158452 0.0015792 0.00503533 0.00371874 0.0014974 0.00415408
threshold=285.00000000000006 657.66860961914074 124.94666671752931 241.50000000000003 378.50000000000006 1461.5000000000002 13.500000000000002 1665.0000000000002 1042.5000000000002 4841.5000000000009 4611.0000000000009 4720.5000000000009 435.00000000000006 4442.5000000000009 4331.0000000000009 15.500000000000002 6763.0000000000009 5987.0000000000009 889.50000000000011 955.00000000000011 1024.5000000000002 687.00000000000011 776.00000000000011 641.00000000000011 592.50000000000011 1157.5000000000002 1058.5000000000002 1012.5000000000001 2689.5000000000005 2824.5000000000005
decision_type=2 2 2 2 2 2 2 2 2 2 2 2 2 2 2 2 2 2 2 2 2 2 2 2 2 2 2 2 2 2
left_child=1 3 5 -1 -5 6 18 10 -9 -10 13 -12 -13 14 21 16 -14 -17 -2 -20 -21 23 -23 -4 -24 26 27 -26 -27 -30
right_child=2 -3 7 4 -6 -7 -8 8 9 -11 11 12 15 -15 -16 17 -18 -19 19 20 -22 22 24 -25 25 28 -28 -29 29 -31
leaf_value=0.00098820679428938182 -0.00021856832386890989 0.0018757478180553089 0.00017254269492696041 -0.0010618798875701473 0.00026363266306391782 -0.00068445684706890282 0.0010405865167417833 -0.0010322512208443622 -3.5707614330528826e-05 -0.00091463977859045076 0.0016328796774528369 -0.001451917804176143 0.00027835666842292996 -0.00064456780443301886 0.00098451873171143231 0.00040502486658762358 0.0015903199378114481 -0.0012244902474445884 0.0019137068544156277 -0.001147735365278398 -3.2223973031047262e-05 -0.00094955413969177195 0.0002016595784008219 0.0011848647627630271 -0.00026975678092437905 0.00010349127803126206 -0.0012218074859860779 0.0010879913643293548 -0.00081443631507214479 -4.3546638533315609e-06
leaf_weight=38 976 22 80 33 303 76 31 23 244 30 27 24 159 53 25 33 26 22 26 24 103 33 438 24 90 871 44 26 72 524
leaf_count=38 976 22 80 33 303 76 31 23 244 30 27 24 159 53 25 33 26 22 26 24 103 33 438 24 90 871 44 26 72 524
internal_value=1.6855e-13 0.000312265 -3.01308e-05 0.000220296 0.000133448 -0.000173294 -0.000139804 3.15672e-05 -0.000201662 -0.000131941 5.85096e-05 0.000279298 0.000140864 3.033e-05 4.63918e-05 0.000300142 0.000462741 -0.000246781 -0.000172215 0.000123475 -0.000243029 3.57409e-05 1.73791e-05 0.000406155 3.28313e-05 -1.26185e-05 -0.000310937 3.45661e-05 1.9918e-05 -0.000102217
internal_weight=4500 396 4104 374 336 1236 1160 2868 297 274 2571 291 264 2280 2227 240 185 55 1129 153 127 2202 2098 104 2065 1627 160 116 1467 596
internal_count=4500 396 4104 374 336 1236 1160 2868 297 274 2571 291 264 2280 2227 240 185 55 1129 153 127 2202 2098 104 2065 1627 160 116 1467 596
is_linear=0
shrinkage=0.1


Tree=69
num_leaves=31
num_cat=0
split_feature=2 2 4 2 2 0 4 0 2 2 2 2 3 2 2 2 4 4 4 0 3 3 4 0 1 3 4 2 2 2
split_gain=0.00370356 0.00297369 0.00690727 0.00420548 0.00798672 0.00382018 0.00329406 0.00334277 0.00552088 0.00353421 0.00993982 0.0035597 0.00293829 0.00277781 0.00312147 0.00467464 0.00237805 0.00526866 0.00227545 0.00386845 0.00227185 0.0022268 0.00197585 0.00190172 0.0018845 0.00153528 0.00194999 0.00102109 0.00765315 0.00447019
threshold=6980.5000000000009 130.00000000000003 91.500000000000014 80.500000000000014 70.500000000000014 592.50000000000011 106.50000000000001 285.00000000000006 310.00000000000006 249.50000000000003 233.50000000000003 274.50000000000006 23.306306838989261 6299.0000000000009 4611.0000000000009 4720.5000000000009 167.50000000000003 143.50000000000003 49.500000000000007 592.50000000000011 33.399991989135749 624.28744506835949 96.500000000000014 1357.5000000000002 2.5000000000000004 482.69424438476568 1823.5000000000002 392.50000000000006 425.50000000000006 506.50000000000006
decision_type=2 2 2 2 2 2 2 2 2 2 2 2 2 2 2 2 2 2 2 2 2 2 2 2 2 2 2 2 2 2
left_child=1 3 12 4 18 -5 -4 8 -8 10 16 -11 -3 14 25 -16 17 20 19 -1 -9 -15 -7 -21 -10 26 27 -13 -29 -30
right_child=-2 2 6 5 -6 22 7 9 24 11 -12 13 -14 21 15 -17 -18 -19 -20 23 -22 -23 -24 -25 -26 -27 -28 28 29 -31
leaf_value=-0.0016104066427797079 0.0011264362771882964 0.0020867705388809554 -0.0009656372139163847 -0.0019579599290106371 0.0016968234249836078 -0.00084375435678283597 0.0018734480315331548 0.0010132908484956715 -0.00061553375831303696 0.0011445330419788931 -0.0023146243060473354 -0.00029976959930855311 0.00041203693719580768 -0.001576968294393737 0.0014493715321419367 0.00017378261861620002 0.00054200063184268673 -0.0014643120104371901 0.00044506061294669053 0.00013563771406213272 -0.0003034391066696691 -0.00014825093142765885 0.00031560517880799516 -0.000794778042472899 0.00027058497606745758 0.00011716026327361458 -0.0010410136822611095 0.0012029666726819563 -0.0007897153162587158 -3.4212394658377475e-05
leaf_weight=25 29 22 35 24 23 49 21 20 26 27 25 154 20 20 33 222 37 31 32 59 38 24 21 35 312 622 20 49 81 2364
leaf_count=25 29 22 35 24 23 49 21 20 26 27 25 154 20 20 33 222 37 31 32 59 38 24 21 35 312 622 20 49 81 2364
internal_value=-1.36381e-12 -7.30634e-06 1.32873e-05 -0.000330273 -3.91143e-05 -0.000869227 4.07796e-07 8.60255e-06 0.00030017 -1.91842e-05 -0.00049318 6.09298e-07 0.00128928 -7.99642e-06 1.80486e-06 0.000338859 -0.000131782 -0.000411894 -0.000303529 -0.00050483 0.000150606 -0.000797668 -0.000495946 -0.000210794 0.000202422 -2.43194e-05 -5.7303e-05 -4.98732e-05 -3.44425e-05 -5.92413e-05
internal_weight=4500 4471 4203 268 174 94 4161 4126 359 3767 151 3616 42 3589 3545 255 126 89 151 119 58 44 70 94 338 3290 2668 2648 2494 2445
internal_count=4500 4471 4203 268 174 94 4161 4126 359 3767 151 3616 42 3589 3545 255 126 89 151 119 58 44 70 94 338 3290 2668 2648 2494 2445
is_linear=0
shrinkage=0.1


Tree=70
num_leaves=31
num_cat=0
split_feature=0 2 2 2 2 3 2 4 2 3 2 3 2 2 0 2 2 2 2 2 2 2 2 2 0 2 2 0 2 0
split_gain=0.00347197 0.0169195 0.00402137 0.00293227 0.00246741 0.00759549 0.00436951 0.00197042 0.0017677 0.00337186 0.00200437 0.00197372 0.00176634 0.00632686 0.00233786 0.00174293 0.00367199 0.00547339 0.00198711 0.00480252 0.00232009 0.00153896 0.00391899 0.00178945 0.00134217 0.00116665 0.00828008 0.00260791 0.00529745 0.00331542
threshold=1050.0000000000002 6763.0000000000009 6299.0000000000009 2437.0000000000005 5410.5000000000009 681.99325561523449 6121.0000000000009 19.000000000000004 4771.0000000000009 566.84851074218761 4611.0000000000009 791.24826049804699 4166.0000000000009 3970.5000000000005 592.50000000000011 2255.0000000000005 2173.0000000000005 2116.0000000000005 2043.5000000000002 1981.5000000000002 1802.5000000000002 2689.5000000000005 2812.0000000000005 2564.5000000000005 1515.0000000000002 2497.5000000000005 2312.5000000000005 900.00000000000011 2689.5000000000005 592.50000000000011
decision_type=2 2 2 2 2 2 2 2 2 2 2 2 2 2 2 2 2 2 2 2 2 2 2 2 2 2 2 2 2 2
left_child=1 4 3 7 8 6 -6 -2 10 -10 11 12 13 25 -15 16 17 18 19 20 -9 23 -23 -5 -17 26 -1 28 29 -27
right_child=2 -3 -4 21 5 -7 -8 15 9 -11 -12 -13 -14 14 -16 24 -18 -19 -20 -21 -22 22 -24 -25 -26 27 -28 -29 -30 -31
leaf_value=1.6149785260708845e-05 -0.0011500711244298144 0.0029768005915684626 -0.0011912768261302545 7.3928707508380188e-06 0.00065231632145766464 0.0022358180992125116 -0.0011368471829752839 -0.00015218129805953776 0.00018847303275067948 -0.0011932324565185066 0.00098174703845237978 0.00077801885038045139 -0.00042102131901409882 0.00058400691531670208 0.002022096823202446 -0.00025236815243296604 0.00095534514953361663 -0.0016111138897249478 0.00052847269556798927 -0.0014353106164240413 0.00038335652024298645 -0.000997764155202146 9.3609332656050741e-05 0.00085877869837881575 -0.0010498607104333739 -0.0012381455236500187 0.0011207859679672485 -0.00062576145439113427 0.00016288767961994573 0.00015406311979929274
leaf_weight=1533 20 20 33 47 39 21 21 1002 38 33 23 36 83 26 20 51 31 25 46 28 88 35 549 52 36 50 71 82 335 26
leaf_count=1533 20 20 33 47 39 21 21 1002 38 33 23 36 83 26 20 51 31 25 46 28 88 35 549 52 36 50 71 82 335 26
internal_value=1.19326e-13 8.00964e-05 -9.63274e-05 -7.83507e-05 5.63237e-05 0.000598997 2.61091e-05 -0.000165003 3.76665e-05 -0.000453728 5.29352e-05 4.3491e-05 3.16119e-05 4.91427e-05 0.00120926 -0.000149929 -0.000119091 -0.000147104 -0.000115661 -0.000142164 -0.000108945 9.00055e-05 2.82017e-05 0.000454585 -0.000582365 2.36942e-05 6.50458e-05 -0.000110845 -8.11256e-06 -0.000761864
internal_weight=4500 2457 2043 2010 2437 81 60 1327 2356 71 2285 2262 2226 2143 46 1307 1220 1189 1164 1118 1090 683 584 99 87 2097 1604 493 411 76
internal_count=4500 2457 2043 2010 2437 81 60 1327 2356 71 2285 2262 2226 2143 46 1307 1220 1189 1164 1118 1090 683 584 99 87 2097 1604 493 411 76
is_linear=0
shrinkage=0.1


Tree=71
num_leaves=31
num_cat=0
split_feature=0 2 2 2 3 4 1 4 4 4 2 2 0 2 2 4 2 1 4 0 0 3 1 2 0 2 4 2 2 2
split_gain=0.0029754 0.00507499 0.00242482 0.00454332 0.00235701 0.00267151 0.00428846 0.00334076 0.0029904 0.00255596 0.0034899 0.00661689 0.00335532 0.00360506 0.00469633 0.00417154 0.00320015 0.00239534 0.00195275 0.00224192 0.00188232 0.00188053 0.00211592 0.00168515 0.00163133 0.00147728 0.00186668 0.00143612 0.0015699 0.00125281
threshold=285.00000000000006 4771.0000000000009 241.50000000000003 378.50000000000006 86.567306518554702 225.50000000000003 6.5000000000000009 143.50000000000003 254.50000000000003 189.50000000000003 241.50000000000003 274.50000000000006 435.00000000000006 192.50000000000003 139.50000000000003 118.50000000000001 213.50000000000003 5.5000000000000009 176.50000000000003 900.00000000000011 1200.0000000000002 90.790500640869155 7.5000000000000009 163.50000000000003 1665.0000000000002 641.00000000000011 199.00000000000003 1042.5000000000002 4841.5000000000009 2421.5000000000005
decision_type=2 2 2 2 2 2 2 2 2 2 2 2 2 2 2 2 2 2 2 2 2 2 2 2 2 2 2 2 2 2
left_child=1 2 -1 -4 5 6 9 -8 17 10 12 -12 -2 14 15 -14 -15 -7 19 -13 -11 22 -6 -16 -23 -9 -27 -26 29 -29
right_child=4 -3 3 -5 21 8 7 25 -10 20 11 18 13 16 23 -17 -18 -19 -20 -21 -22 24 -24 -25 27 26 -28 28 -30 -31
leaf_value=0.00093431984025396794 -0.0010083773842033668 0.0017745529611905416 -0.0010227594619870862 0.00021264109342203149 0.0012207648958320971 -0.0016938552241622202 0.0015350829544477165 -0.00042784653347916905 -0.00022827871781933378 9.0710894760882682e-06 -0.0022728060926411951 0.00070582312061257359 -7.9754829443842381e-05 0.0015825061811483466 -0.0014608324786391238 0.0013951032228284195 3.3277532396217187e-05 -0.00045072139511185308 -0.0011029089860433792 -0.00057274353225693635 0.0011056981738268709 2.8538920941159955e-05 -0.00011761165972399926 -0.00047443477852475766 -0.00086793731912621303 -5.6672298815101395e-05 0.0012222217540034937 -0.00028584433375904438 -0.00082635507084584479 0.00015241608753810459
leaf_weight=38 39 21 33 304 27 31 25 25 130 45 23 24 221 24 29 21 30 31 24 32 24 2868 21 43 30 25 21 128 30 133
leaf_count=38 39 21 33 304 27 31 25 25 130 45 23 24 221 24 29 21 30 31 24 32 24 2868 21 43 30 25 21 128 30 133
internal_value=9.05271e-13 0.000261772 0.000177056 9.16672e-05 -2.52587e-05 -0.000171691 -7.80717e-05 0.000540945 -0.000500823 -0.000180707 -0.000257988 -0.000777984 -0.000126392 -3.29212e-05 -0.000162718 4.82287e-05 0.000721824 -0.00107229 -0.000348223 -2.47864e-05 0.000390507 1.3962e-05 0.000635225 -0.000871734 4.61089e-06 0.000190897 0.000527171 -0.000209176 -0.000141262 -6.25162e-05
internal_weight=4500 396 375 337 4104 867 675 96 192 579 510 103 407 368 314 242 54 62 80 56 69 3237 48 72 3189 71 46 321 291 261
internal_count=4500 396 375 337 4104 867 675 96 192 579 510 103 407 368 314 242 54 62 80 56 69 3237 48 72 3189 71 46 321 291 261
is_linear=0
shrinkage=0.1


Tree=72
num_leaves=31
num_cat=0
split_feature=2 2 4 2 2 0 4 2 2 2 0 2 0 2 3 4 0 0 0 2 2 2 4 0 1 2 3 3 4 3
split_gain=0.00285589 0.00217549 0.00581704 0.00373728 0.00629906 0.00325194 0.00256201 0.00293578 0.00256962 0.0109277 0.00527126 0.00325622 0.00250393 0.00459804 0.00230662 0.00184983 0.00332477 0.00174833 0.00144903 0.00273925 0.00890146 0.00350596 0.00211395 0.00457311 0.00580992 0.00236372 0.00195086 0.00217859 0.00397556 0.00465489
threshold=6980.5000000000009 130.00000000000003 91.500000000000014 80.500000000000014 70.500000000000014 592.50000000000011 106.50000000000001 152.50000000000003 249.50000000000003 233.50000000000003 592.50000000000011 274.50000000000006 900.00000000000011 192.50000000000003 23.306306838989261 49.500000000000007 592.50000000000011 1200.0000000000002 435.00000000000006 4771.0000000000009 5469.0000000000009 3970.5000000000005 459.50000000000006 592.50000000000011 4.5000000000000009 687.00000000000011 37.489942550659187 67.126049041748061 347.50000000000006 119.50871658325197
decision_type=2 2 2 2 2 2 2 2 2 2 2 2 2 2 2 2 2 2 2 2 2 2 2 2 2 2 2 2 2 2
left_child=1 3 14 4 15 -5 -4 -8 9 10 -9 -10 -12 -14 -3 16 -1 -7 19 21 -21 26 23 24 -20 -26 -13 -28 -29 -30
right_child=-2 2 6 5 -6 17 7 8 11 -11 12 18 13 -15 -16 -17 -18 -19 22 20 -22 -23 -24 -25 25 -27 27 28 29 -31
leaf_value=-0.0014494543913751842 0.00098916270131855426 0.0018887572360902348 -0.0008525874518922398 -0.0017952260144132499 0.0015334726295449124 -2.6013217184965202e-05 0.0011587036085653711 0.0014658695319667459 0.0010361721498831627 -0.0021123688419659933 -0.0012499603574334679 0.0010478904745303392 -0.00079919607736103767 0.00084612251684478858 0.00040491934632882478 0.00043195024663873484 -0.00015191480363034528 -0.0010405549590861232 -0.0021430832985788583 -0.0021647821390070022 0.00078301772453068285 0.0010197705757665509 2.6286194994700073e-05 -8.2498832622181862e-05 0.00056342440133448689 -0.00080663686085779987 -0.00065403209347907152 0.00075058660468641219 -0.0012534269265382103 9.9824131096950365e-05
leaf_weight=25 29 22 35 24 23 41 22 21 31 30 21 22 35 33 20 32 94 29 25 20 21 47 2413 744 20 34 37 89 27 434
leaf_count=25 29 22 35 24 23 41 22 21 31 30 21 22 35 33 20 32 94 29 25 20 21 47 2413 744 20 34 37 89 27 434
internal_value=1.54048e-12 -6.41595e-06 1.11983e-05 -0.000282657 -8.18433e-06 -0.000790724 -6.21155e-07 6.6059e-06 4.29936e-07 -0.00042062 4.07661e-05 1.53005e-05 -0.000295494 -7.32642e-07 0.00118217 -0.000243006 -0.000424507 -0.000446323 7.25398e-06 0.000138041 -0.000654933 0.000187602 -2.09162e-05 -0.000159312 -0.000882712 -0.000299207 0.000123379 8.87294e-05 0.000138697 2.05665e-05
internal_weight=4500 4471 4203 268 174 94 4161 4126 4104 140 110 3964 89 68 42 151 119 70 3933 697 41 656 3236 823 79 54 609 587 550 461
internal_count=4500 4471 4203 268 174 94 4161 4126 4104 140 110 3964 89 68 42 151 119 70 3933 697 41 656 3236 823 79 54 609 587 550 461
is_linear=0
shrinkage=0.1


Tree=73
num_leaves=31
num_cat=0
split_feature=0 2 2 2 4 1 2 4 2 4 3 2 2 2 2 2 0 2 2 2 2 2 0 4 4 2 3 0 2 0
split_gain=0.00265876 0.00305303 0.00285019 0.00198326 0.0142268 0.0116426 0.01295 0.00477993 0.00363279 0.00579413 0.00560393 0.00353437 0.00252731 0.00542253 0.0029597 0.00261651 0.00247032 0.00225081 0.00209109 0.00453164 0.00387952 0.0021743 0.00766239 0.00181171 0.00172612 0.00268025 0.0041226 0.00449455 0.00218902 0.0028799
threshold=750.00000000000011 5987.0000000000009 36.500000000000007 241.50000000000003 127.50000000000001 2.5000000000000004 112.50000000000001 80.500000000000014 524.00000000000011 130.50000000000003 50.671190261840827 425.50000000000006 758.00000000000011 793.50000000000011 641.00000000000011 569.50000000000011 435.00000000000006 337.50000000000006 1058.5000000000002 1157.5000000000002 992.50000000000011 903.50000000000011 435.00000000000006 269.50000000000006 185.50000000000003 139.50000000000003 27.111128807067875 1357.5000000000002 120.00000000000001 900.00000000000011
decision_type=2 2 2 2 2 2 2 2 2 2 2 2 2 2 2 2 2 2 2 2 2 2 2 2 2 2 2 2 2 2
left_child=1 2 -1 4 5 6 -4 -7 9 -5 17 23 14 -14 15 -10 -16 -11 20 -20 21 22 -15 -12 25 28 27 -27 29 -2
right_child=24 -3 3 8 -6 7 -8 -9 12 10 11 -13 13 18 16 -17 -18 -19 19 -21 -22 -23 -24 -25 -26 26 -28 -29 -30 -31
leaf_value=-0.0011039243076629646 0.0008721245848573745 0.0010136198278309571 -2.2757793681658046e-06 0.0011396485674512488 0.002206824883801996 0.00014649957551487856 -0.002970356472291141 0.0022801139813271305 0.00090415901459681884 -0.0021288217486401732 -9.0039182768398258e-05 -0.00094542341263915758 -0.0015549130039289594 0.0018816783370521782 0.0019680896776580171 -0.00042019843306791567 0.00045177303476347816 -0.00071775896183680745 -0.00086758170602843165 0.00010918789764340386 0.001740561391592824 -0.00041581634379161351 -0.00041375441272093941 0.0010619939112802967 -2.6588750521805298e-05 -0.0024125335782411556 -0.00026131619667725271 -0.00042807405255734917 0.00087455849503525183 -0.00029565892282301534
leaf_weight=20 25 36 49 22 35 21 21 21 26 26 43 38 20 26 22 35 21 20 50 949 21 33 33 20 2497 21 162 25 26 136
leaf_count=20 25 36 49 22 35 21 21 21 26 26 43 38 20 26 22 35 21 20 50 949 21 33 33 20 2497 21 162 25 26 136
internal_value=-8.44516e-14 0.000103084 8.22316e-05 9.75171e-05 0.000446998 -0.000102947 -0.0008927 0.00121331 6.09522e-05 -0.000373906 -0.000600425 -0.000183742 0.000120411 7.70685e-05 0.000592177 0.000144282 0.00122756 -0.00151532 0.000106421 6.03005e-05 0.000514156 0.000234215 0.000597792 0.000275686 -5.73162e-05 -0.00025156 -0.000498549 -0.00133402 2.31659e-05 -0.000114326
internal_weight=4500 1608 1572 1552 147 112 70 42 1405 169 147 101 1236 1132 104 61 43 46 1112 999 113 92 59 63 2892 395 208 46 187 161
internal_count=4500 1608 1572 1552 147 112 70 42 1405 169 147 101 1236 1132 104 61 43 46 1112 999 113 92 59 63 2892 395 208 46 187 161
is_linear=0
shrinkage=0.1


Tree=74
num_leaves=31
num_cat=0
split_feature=0 2 2 3 3 1 3 2 0 2 3 2 2 2 0 0 2 0 0 3 0 2 2 2 4 2 2 2 0 2
split_gain=0.00224906 0.0123617 0.00362739 0.0020451 0.00199442 0.00166458 0.00196106 0.00161735 0.00257476 0.00155342 0.0062863 0.00382002 0.00145476 0.00455795 0.00357247 0.00452787 0.00534015 0.0021353 0.0021149 0.00185389 0.00141969 0.00184618 0.00326358 0.00139146 0.00126772 0.00119581 0.00649856 0.00198378 0.00213794 0.00302978
threshold=1050.0000000000002 6763.0000000000009 6299.0000000000009 41.293861389160163 33.399991989135749 3.5000000000000004 15.298281669616701 4396.5000000000009 1200.0000000000002 5410.5000000000009 681.99325561523449 6121.0000000000009 4166.0000000000009 3970.5000000000005 285.00000000000006 900.00000000000011 4476.5000000000009 592.50000000000011 750.00000000000011 791.24826049804699 1357.5000000000002 4720.5000000000009 5064.5000000000009 4720.5000000000009 19.000000000000004 2497.5000000000005 2312.5000000000005 2824.5000000000005 900.00000000000011 3015.5000000000005
decision_type=2 2 2 2 2 2 2 2 2 2 2 2 2 2 2 2 2 2 2 2 2 2 2 2 2 2 2 2 2 2
left_child=1 9 3 4 5 6 24 -5 -9 12 11 -11 13 19 -14 16 -16 -15 23 25 -10 -22 -23 -18 -2 26 -1 -27 29 -29
right_child=2 -3 -4 7 -6 -7 -8 8 20 10 -12 -13 14 17 15 -17 18 -19 -20 -21 21 22 -24 -25 -26 27 -28 28 -30 -31
leaf_value=1.7751350674203702e-05 -0.00098233116519622857 0.002540458451258019 -0.0011174582034458801 -5.3279341741655647e-05 -0.0012441439871591603 0.00047452022564747112 -0.0012626614041870371 -0.00056470489071216436 0.0011386794727933683 0.00053906218232348182 0.0019638238042326913 -0.001133825436478392 -0.0013277895694885117 0.00043928973923007455 -0.00075242965428445202 -0.0011207378313713434 0.0016618816132125047 0.0018136691045947376 -4.6059590697820695e-05 0.00078613380828755912 0.00090786440380136765 -0.0010656219557859004 0.00046449760329383228 0.00063224241233131447 -0.00013268499439686505 -0.00042476000055264077 0.00099636362312184525 0.000771186773661235 -0.00054016953247904389 -3.7581612401560925e-05
leaf_weight=1533 20 20 33 1620 22 28 21 29 26 39 21 21 26 26 39 32 21 20 28 32 34 20 46 35 144 147 71 58 58 230
leaf_count=1533 20 20 33 1620 22 28 21 29 26 39 21 21 26 26 39 32 21 20 28 32 34 20 46 35 144 147 71 58 58 230
internal_value=-1.14108e-12 6.44653e-05 -7.75288e-05 -6.04553e-05 -0.000337676 -0.00024405 -0.000352806 -2.37529e-05 0.000284846 4.41453e-05 0.000474733 -4.64485e-05 2.93416e-05 5.20098e-05 -0.000243053 -6.1097e-05 0.000214582 0.00103685 0.000663552 3.07311e-05 0.000480377 0.000309218 8.2501e-07 0.00101836 -0.0002363 1.92037e-05 6.1069e-05 -0.000117007 1.37434e-05 0.000125295
internal_weight=4500 2457 2043 2010 235 213 185 1775 155 2437 81 60 2356 2175 181 155 123 46 84 2129 126 100 66 56 164 2097 1604 493 346 288
internal_count=4500 2457 2043 2010 235 213 185 1775 155 2437 81 60 2356 2175 181 155 123 46 84 2129 126 100 66 56 164 2097 1604 493 346 288
is_linear=0
shrinkage=0.1


Tree=75
num_leaves=31
num_cat=0
split_feature=0 2 4 4 3 2 3 0 2 2 4 2 0 3 2 2 2 4 4 3 2 1 3 2 2 2 2 2 2 2
split_gain=0.00215754 0.00487433 0.00235781 0.00674429 0.00312425 0.00166419 0.00267299 0.00243293 0.00185696 0.00304766 0.00125823 0.0057032 0.00499469 0.00347162 0.00174938 0.00560296 0.00609375 0.00340929 0.0127174 0.0033709 0.00333244 0.00265911 0.00149199 0.00138732 0.00134697 0.00122273 0.00243003 0.00117554 0.00167457 0.00195184
threshold=285.00000000000006 4771.0000000000009 102.50000000000001 152.50000000000003 54.656000137329109 6299.0000000000009 697.89688110351574 1050.0000000000002 4611.0000000000009 4720.5000000000009 64.500000000000014 90.500000000000014 592.50000000000011 9.949747562408449 249.50000000000003 203.50000000000003 180.00000000000003 127.50000000000001 143.50000000000003 9.949747562408449 274.50000000000006 2.5000000000000004 50.671190261840827 28.500000000000004 130.00000000000003 4442.5000000000009 4331.0000000000009 641.00000000000011 1058.5000000000002 1397.5000000000002
decision_type=2 2 2 2 2 2 2 2 2 2 2 2 2 2 2 2 2 2 2 2 2 2 2 2 2 2 2 2 2 2
left_child=1 2 -1 -4 -5 8 7 -7 10 -10 12 -12 -2 23 15 16 17 19 -19 -13 -16 22 -17 -14 -21 26 -22 -6 -29 -30
right_child=5 -3 3 4 27 6 -8 -9 9 -11 11 14 13 -15 20 21 -18 18 -20 24 25 -23 -24 -25 -26 -27 -28 28 29 -31
leaf_value=0.0010060050793730751 -0.0014009462680074981 0.0017054818293434524 -0.0014815903062788914 0.0013431313886857507 -0.00043620529052402292 -0.00032718243975458401 0.00036364248129151143 -0.0017712622508406642 0.0011448531849027582 0.00011489444793066167 0.001403495332592034 -0.0016285197791294195 0.0001220977464665497 0.0009409620830034516 0.0010390869398058083 -0.0010303388255124446 0.0011954709992601743 0.0022546329114231326 -0.0010007939264011969 -0.00077024321635016596 -1.9591623432473813e-05 -0.0015656241087410123 0.00017650212449509475 -0.00060524074760607736 0.00018214923461941495 -0.00046695049046926827 0.0008999241717713726 0.00082472616424118838 -0.00058293804350132881 0.00021060753265302507
leaf_weight=29 33 21 26 22 35 28 24 20 33 222 28 25 46 29 30 20 36 21 28 27 3211 39 21 61 33 60 29 35 37 191
leaf_count=29 33 21 26 22 35 28 24 20 33 222 28 25 46 29 30 20 36 21 28 27 3211 39 21 61 33 60 29 35 37 191
internal_value=-4.99722e-13 0.00022291 0.000139886 6.72922e-05 0.000193139 -2.15089e-05 -0.000498041 -0.000928882 -1.29994e-05 0.000248183 -3.06328e-05 -1.81413e-05 -0.000297317 -2.95242e-05 -2.92602e-05 -0.000284385 4.03728e-05 -0.000269952 0.000394389 -0.000652925 -1.01067e-05 -0.000974495 -0.000412201 -0.000292553 -0.000246427 -1.96448e-05 -1.13614e-05 0.00010824 0.000180695 8.18304e-05
internal_weight=4500 396 375 346 320 4104 72 48 4032 255 3777 3608 169 136 3580 250 170 134 49 85 3330 80 41 107 60 3300 3240 298 263 228
internal_count=4500 396 375 346 320 4104 72 48 4032 255 3777 3608 169 136 3580 250 170 134 49 85 3330 80 41 107 60 3300 3240 298 263 228
is_linear=0
shrinkage=0.1


Tree=76
num_leaves=31
num_cat=0
split_feature=2 0 2 2 1 2 1 3 1 2 0 2 2 4 1 2 4 2 4 4 2 2 3 0 3 0 4 4 0 2
split_gain=0.00231502 0.00151562 0.00105066 0.00190533 0.00158605 0.00167954 0.00147073 0.000997823 0.00157011 0.00126308 0.00115401 0.00205041 0.00197743 0.0112855 0.00910041 0.00992063 0.00407658 0.00282126 0.00607501 0.0048461 0.00690196 0.00415579 0.0024652 0.00234022 0.00190161 0.00106307 0.00103134 0.00434341 0.00339087 0.00175919
threshold=6980.5000000000009 1665.0000000000002 2421.5000000000005 2116.0000000000005 12.500000000000002 3540.0000000000005 12.500000000000002 553.34210205078136 13.500000000000002 6299.0000000000009 750.00000000000011 36.500000000000007 241.50000000000003 127.50000000000001 2.5000000000000004 112.50000000000001 80.500000000000014 378.50000000000006 172.50000000000003 251.50000000000003 524.00000000000011 456.50000000000006 21.168293952941898 592.50000000000011 50.671190261840827 285.00000000000006 347.50000000000006 388.50000000000006 435.00000000000006 654.50000000000011
decision_type=2 2 2 2 2 2 2 2 2 2 2 2 2 2 2 2 2 2 2 2 2 2 2 2 2 2 2 2 2 2
left_child=1 7 3 6 -4 -6 -3 10 25 -10 11 -1 13 14 15 -13 -16 22 -19 20 -20 -21 -14 24 -24 -9 28 -28 -23 -29
right_child=-2 2 4 -5 5 -7 -8 8 9 -11 -12 12 17 -15 16 -17 -18 18 19 21 -22 26 23 -25 -26 -27 27 29 -30 -31
leaf_value=-0.00094142749629099853 0.00089058266201955745 -0.00031141006306175507 0.00032552817729083474 -0.0010948849230252174 0.00022879108709115398 -0.00069808628580611423 0.00050304048869293189 -0.00040803764582267917 0.00086174770187092374 -2.372144323696072e-05 -5.3137281275550001e-05 1.6393357108594202e-05 -0.0014113985197830269 0.001992473255709878 0.00011378780861074728 -0.0025814374274064212 0.0020841826917603612 0.0016899463542200547 -0.0023500781622715298 0.0014878973076563507 -8.9320915696375522e-06 0.00091768393868510174 -0.001322255637132912 0.00071877013635457843 -9.9913459271192559e-05 0.00011939534989143693 -0.00091285281836779022 0.00091059721680358048 -0.0002627033892794215 5.9749526450264167e-05
leaf_weight=20 29 196 80 28 34 46 25 42 49 24 2124 49 22 35 21 21 21 23 20 21 34 53 20 20 35 424 46 25 45 868
leaf_count=20 29 196 80 28 34 46 25 42 49 24 2124 49 22 35 21 21 21 23 20 21 34 53 20 20 35 424 46 25 45 868
internal_value=3.35023e-13 -5.77654e-06 -0.000189262 -0.00031774 1.06824e-05 -0.000304163 -0.000219278 1.26984e-05 0.000139411 0.000570635 -6.68785e-06 6.38329e-05 7.84125e-05 0.000425082 -6.4728e-05 -0.000762956 0.00109899 3.70485e-05 8.12874e-05 4.80148e-05 -0.000876023 9.51774e-05 -0.000480592 -0.000207556 -0.000544402 7.18585e-05 6.69739e-05 3.47564e-05 0.000375669 8.35695e-05
internal_weight=4500 4471 409 249 160 80 221 4062 539 73 3523 1399 1379 147 112 70 42 1232 1135 1112 54 1058 97 75 55 466 1037 939 98 893
internal_count=4500 4471 409 249 160 80 221 4062 539 73 3523 1399 1379 147 112 70 42 1232 1135 1112 54 1058 97 75 55 466 1037 939 98 893
is_linear=0
shrinkage=0.1


Tree=77
num_leaves=31
num_cat=0
split_feature=2 0 2 2 2 1 3 2 0 1 2 2 3 0 0 2 2 2 2 2 2 2 2 2 0 0 2 2 2 4
split_gain=0.00187516 0.00128053 0.00147587 0.00277535 0.00274944 0.00406141 0.00542438 0.00247764 0.00242417 0.002004 0.00177849 0.00136801 0.00574813 0.00132816 0.00168208 0.00124252 0.00284109 0.00223157 0.00172136 0.00172046 0.00293736 0.00469481 0.00225378 0.00121594 0.0064529 0.00440969 0.00159986 0.00480638 0.0026505 0.00233524
threshold=6980.5000000000009 1200.0000000000002 506.50000000000006 687.00000000000011 241.50000000000003 5.5000000000000009 37.489942550659187 192.50000000000003 1357.5000000000002 4.5000000000000009 758.00000000000011 5987.0000000000009 624.28744506835949 1357.5000000000002 1515.0000000000002 4396.5000000000009 4018.5000000000005 5987.0000000000009 4195.0000000000009 3876.0000000000005 3540.0000000000005 3725.5000000000005 3221.5000000000005 4720.5000000000009 435.00000000000006 900.00000000000011 3315.0000000000005 3149.5000000000005 3374.0000000000005 1029.5000000000002
decision_type=2 2 2 2 2 2 2 2 2 2 2 2 2 2 2 2 2 2 2 2 2 2 2 2 2 2 2 2 2 2
left_child=1 11 4 8 7 6 -6 -3 -4 -10 -5 23 -13 -8 -15 16 19 -17 -18 20 22 -22 -12 26 -25 -26 27 -1 -28 -30
right_child=-2 2 3 10 5 -7 13 -9 9 -11 15 12 -14 14 -16 17 18 -19 -20 -21 21 -23 -24 24 25 -27 28 -29 29 -31
leaf_value=3.4275971266396574e-05 0.00080152440370574339 -0.00020575107437952492 0.0013886994818070285 -0.00095768665789612648 -0.0021829881928861141 0.00059492620745335123 -0.0011887719528749585 0.00074397407930946969 -0.00057929918097908656 0.0006943903836266448 -7.1917493547592087e-05 -0.0005640165575851615 0.001467452127641688 0.0004696333110110746 -0.00065652463324820725 0.00040966794823559574 -0.0013830437163750713 -0.00068960451290794563 -0.00023233916125228952 0.00075311132688791712 -0.0015700523654231802 0.00025889560161158442 0.00052591527618300036 -0.0015902314644210555 0.00057466275529409559 -0.00073477272961143883 0.0012963512732478029 -0.00081317838069652141 0.00094053520405265904 8.0061568163311976e-05
leaf_weight=2225 29 143 24 22 25 22 20 34 21 30 868 26 30 21 36 115 26 22 26 26 32 25 68 29 69 41 22 69 35 319
leaf_count=2225 29 143 24 22 25 22 20 34 21 30 868 26 30 21 36 115 26 22 26 26 32 25 68 29 69 41 22 69 35 319
internal_value=-3.5153e-13 -5.19888e-06 -7.66784e-05 -3.0639e-05 -0.000276285 -0.000637374 -0.000903164 -2.3318e-05 0.000559936 0.00016993 -6.66497e-05 3.48696e-05 0.00052427 -0.000487637 -0.000241624 -5.04222e-05 -8.66951e-05 0.000233142 -0.000807691 -4.99024e-05 -7.09279e-05 -0.000767882 -2.84852e-05 2.51129e-05 -0.000263242 8.66004e-05 4.01247e-05 8.78584e-06 0.000231325 0.000165137
internal_weight=4500 4471 1606 1305 301 124 102 177 75 51 1230 2865 56 77 57 1208 1071 137 52 1019 993 57 936 2809 139 110 2670 2294 376 354
internal_count=4500 4471 1606 1305 301 124 102 177 75 51 1230 2865 56 77 57 1208 1071 137 52 1019 993 57 936 2809 139 110 2670 2294 376 354
is_linear=0
shrinkage=0.1


Tree=78
num_leaves=31
num_cat=0
split_feature=0 2 3 2 3 2 3 0 3 3 4 4 2 2 2 2 2 0 1 2 2 2 2 2 3 2 4 0 0 0
split_gain=0.00175413 0.00454085 0.00192761 0.00816406 0.0029742 0.00189522 0.00180941 0.00189129 0.00132294 0.00117141 0.00108001 0.00183474 0.00167416 0.00237042 0.00528678 0.00163459 0.00170757 0.000871205 0.000890904 0.00094031 0.00144086 0.000880077 0.00139947 0.000846565 0.00652509 0.00535768 0.00399488 0.00632884 0.00290839 0.00552464
threshold=285.00000000000006 4720.5000000000009 5.2500000000000009 241.50000000000003 52.966377258300788 6299.0000000000009 697.89688110351574 1050.0000000000002 502.04142761230474 89.032199859619155 441.50000000000006 351.50000000000006 1266.5000000000002 1926.0000000000002 2564.5000000000005 3621.5000000000005 3125.5000000000005 1665.0000000000002 7.5000000000000009 241.50000000000003 130.00000000000003 553.00000000000011 889.50000000000011 249.50000000000003 31.991316795349125 233.50000000000003 152.50000000000003 750.00000000000011 435.00000000000006 592.50000000000011
decision_type=2 2 2 2 2 2 2 2 2 2 2 2 2 2 2 2 2 2 2 2 2 2 2 2 2 2 2 2 2 2
left_child=1 2 -1 -4 -5 8 7 -7 17 -6 11 -11 -12 -14 -15 16 -16 23 19 20 -19 -21 -23 24 28 -26 27 -25 -2 -30
right_child=5 -3 3 4 9 6 -8 -9 -10 10 12 -13 13 14 15 -17 -18 18 -20 21 -22 22 -24 26 25 -27 -28 -29 29 -31
leaf_value=-0.00074810247848896942 -0.00094763189181685463 0.0015971861959604376 0.0019583220884669575 -0.00097873834803557176 0.00083862239711875609 -0.00035189324865184194 0.00018102511215450554 -0.0016251189241302201 0.00010921868947571419 0.00024836127084845136 0.00086547169879439391 -0.00084864947159076116 -0.000551080265026742 0.0013016362161579311 7.0600697900108819e-05 0.00045149552170187235 -0.00094463228645812105 -0.00059262249572202561 -5.7687550336773601e-05 -0.0011645627607192314 0.00048100987460929901 0.00026936191992717797 -0.00075950897962917606 0.0021081817106080604 -0.0004873603219110294 -0.0023106386041035877 -1.9650426575518469e-05 3.567429361637773e-05 0.001391749799068114 1.0003481706433455e-05
leaf_weight=24 25 22 24 26 22 28 24 20 753 31 31 30 46 37 37 36 30 25 194 21 25 20 39 23 83 20 2495 41 33 235
leaf_count=24 25 22 24 26 22 28 24 20 753 31 31 30 46 37 37 36 30 25 194 21 25 20 39 23 83 20 2495 41 33 235
internal_value=-6.08169e-13 0.000200993 0.000118864 0.000178313 4.72693e-05 -1.9394e-05 -0.000527928 -0.000882404 -1.03131e-05 0.00013619 8.06017e-05 -0.000291152 0.000185104 7.17094e-05 0.00027634 -9.19699e-05 -0.000383981 -3.77627e-05 -0.000193429 -0.000395998 -5.58063e-05 -0.000608618 -0.000410739 -2.06947e-05 -0.000156757 -0.000841395 3.60692e-07 0.000780482 8.39173e-05 0.000180144
internal_weight=4500 396 374 350 326 4104 72 48 4032 300 278 61 217 186 140 103 67 3279 324 130 50 80 59 2955 396 103 2559 64 293 268
internal_count=4500 396 374 350 326 4104 72 48 4032 300 278 61 217 186 140 103 67 3279 324 130 50 80 59 2955 396 103 2559 64 293 268
is_linear=0
shrinkage=0.1


Tree=79
num_leaves=31
num_cat=0
split_feature=2 2 4 4 2 4 2 2 2 3 4 4 3 0 4 4 0 4 3 4 1 4 2 2 2 2 0 4 1 2
split_gain=0.00170204 0.000948993 0.00183586 0.00182761 0.0031181 0.00285436 0.00116466 0.0213095 0.00862968 0.00337573 0.00437723 0.0131129 0.00920734 0.00554314 0.00162525 0.00115924 0.00327886 0.00133125 0.00226709 0.00155509 0.0026537 0.00217737 0.00150513 0.00521595 0.00278733 0.00422338 0.00277739 0.00215384 0.0014726 0.00121488
threshold=6980.5000000000009 36.500000000000007 44.500000000000007 64.500000000000014 70.500000000000014 74.500000000000014 241.50000000000003 264.50000000000006 223.50000000000003 48.874311447143562 127.50000000000001 143.50000000000003 37.489942550659187 592.50000000000011 85.500000000000014 156.50000000000003 900.00000000000011 199.00000000000003 62.996776580810554 221.50000000000003 4.5000000000000009 241.50000000000003 425.50000000000006 378.50000000000006 524.00000000000011 553.00000000000011 592.50000000000011 294.50000000000006 5.5000000000000009 378.50000000000006
decision_type=2 2 2 2 2 2 2 2 2 2 2 2 2 2 2 2 2 2 2 2 2 2 2 2 2 2 2 2 2 2
left_child=1 -1 -3 4 -4 -5 8 -8 9 10 12 -12 13 -7 -15 16 29 18 -17 20 -19 28 23 26 -24 -26 -23 -27 -21 -9
right_child=-2 2 3 5 -6 6 7 15 -10 -11 11 -13 -14 14 -16 17 -18 19 -20 21 -22 22 24 -25 25 27 -28 -29 -30 -31
leaf_value=-0.00035767088029145576 0.00076362714412268895 0.00069312370615080008 -0.0011257381524621068 0.00090273833168404453 0.00020295751239631719 -0.0020990937003675342 -0.002473906448909215 0.000490908943510686 0.0016152306519821602 -0.0010029829185148101 0.0027044432177005906 -0.00030613343726891356 0.0012774825221934026 0.00034655567858583083 -0.00064259106942620792 -0.00011725360721660157 -0.00030476631453404062 -0.00020541755038721023 -0.0012878174785458084 -0.0011555217396191978 0.001023287118527477 -0.00098530388204380874 -0.00068664166995450484 0.0013794900501047128 0.0012762360006140976 -0.00044686276493145142 0.00031133811442246817 1.0982491563753236e-05 -0.00011110016537174859 0.0015275884731090629
leaf_weight=75 29 38 38 35 33 22 35 26 37 31 23 39 31 26 46 78 39 32 21 27 39 24 59 35 26 106 53 3350 27 20
leaf_count=75 29 38 38 35 33 22 35 26 37 31 23 39 31 26 46 78 39 32 21 27 39 24 59 35 26 106 53 3350 27 20
internal_value=1.44885e-12 -4.95307e-06 1.06463e-06 -4.96984e-06 -0.000508175 3.3641e-06 -4.03903e-06 -1.72582e-05 0.000203166 -3.64969e-05 0.000123723 0.000810693 -0.000217015 -0.000709881 -0.000285399 4.4436e-06 0.000369759 -3.56563e-06 -0.000365555 5.92006e-06 0.000469505 -2.95895e-06 6.35914e-06 0.000367284 -5.05672e-06 6.49225e-06 -9.281e-05 -3.06022e-06 -0.000633311 0.000941639
internal_weight=4500 4471 4396 4358 71 4287 4252 3997 255 218 187 62 125 94 72 3962 85 3877 99 3778 71 3707 3653 112 3541 3482 77 3456 54 46
internal_count=4500 4471 4396 4358 71 4287 4252 3997 255 218 187 62 125 94 72 3962 85 3877 99 3778 71 3707 3653 112 3541 3482 77 3456 54 46
is_linear=0
shrinkage=0.1


Tree=80
num_leaves=31
num_cat=0
split_feature=0 1 4 4 3 2 0 0 3 1 2 1 2 2 2 2 1 2 4 1 4 2 2 2 2 2 4 0 1 0
split_gain=0.00150856 0.00385841 0.00178555 0.00531672 0.00338007 0.0017418 0.00174918 0.00275543 0.00109824 0.00129223 0.000879568 0.0030088 0.00174575 0.00172418 0.00223679 0.00172215 0.00151569 0.00238917 0.00342821 0.00172806 0.000857293 0.000786494 0.00503178 0.00556521 0.00368016 0.00323776 0.00350726 0.00573385 0.00388732 0.0065991
threshold=285.00000000000006 14.500000000000002 102.50000000000001 152.50000000000003 54.656000137329109 6299.0000000000009 750.00000000000011 1200.0000000000002 566.84851074218761 13.500000000000002 3125.5000000000005 10.500000000000002 3908.5000000000005 1926.0000000000002 2454.5000000000005 2689.5000000000005 3.5000000000000004 1266.5000000000002 393.50000000000006 9.5000000000000018 1678.0000000000002 249.50000000000003 203.50000000000003 180.00000000000003 274.50000000000006 139.50000000000003 64.500000000000014 592.50000000000011 1.5000000000000002 900.00000000000011
decision_type=2 2 2 2 2 2 2 2 2 2 2 2 2 2 2 2 2 2 2 2 2 2 2 2 2 2 2 2 2 2
left_child=1 2 -1 -4 -5 8 -7 -8 21 20 13 -12 -13 16 -15 -16 -6 18 -18 -19 -10 22 23 25 -23 26 27 -2 29 -28
right_child=5 -3 3 4 10 6 7 -9 9 -11 11 12 -14 14 15 -17 17 19 -20 -21 -22 24 -24 -25 -26 -27 28 -29 -30 -31
leaf_value=0.0008369142251843909 -0.0014482535045772238 0.0011444842219996071 -0.0013539387119145922 0.0013298174609768798 -0.00071386050383028183 -0.0012025553160735095 0.00063293793886576018 -0.00088369716884335512 -0.00055574900554347553 0.00067123445474951554 -0.0011412888080230914 -0.00038619475949200848 0.0009192476421594621 0.0012638404706699982 -0.00054081965437425042 0.00075577005161903805 -0.00014516685912848259 -0.00092484844574536166 0.0012636990511729835 0.0002834195108152926 0.00011493302498696902 0.0010918666880267362 -0.00087081360374213551 0.001167403326709629 -2.1072091334507737e-05 -0.00074653844757408688 0.0022872462501860964 4.0557253211133049e-05 -0.00032628126475693929 0.00015812304183192603
leaf_weight=29 32 38 26 22 28 24 23 25 20 41 25 21 20 27 21 20 39 29 31 20 405 30 80 37 3089 67 24 135 35 37
leaf_count=29 32 38 26 22 28 24 23 25 20 41 25 21 20 27 21 20 39 29 31 20 405 30 80 37 3089 67 24 135 35 37
internal_value=-7.49757e-13 0.000186394 8.46968e-05 1.8392e-05 0.00013615 -1.79853e-05 -0.000505503 -0.000156976 -9.27968e-06 0.000135093 4.26953e-05 -0.000276627 0.000250606 0.00014072 0.000557086 9.16631e-05 -5.18853e-05 0.000103874 0.000478759 -0.000431678 8.33715e-05 -2.81462e-05 -0.0001522 4.44573e-06 -1.03673e-05 -0.000125946 3.21511e-05 -0.000244724 0.000513798 0.000995811
internal_weight=4500 396 358 329 303 4104 72 48 4032 466 281 66 41 215 68 41 147 119 70 49 425 3566 447 367 3119 330 263 167 96 61
internal_count=4500 396 358 329 303 4104 72 48 4032 466 281 66 41 215 68 41 147 119 70 49 425 3566 447 367 3119 330 263 167 96 61
is_linear=0
shrinkage=0.1


Tree=81
num_leaves=31
num_cat=0
split_feature=2 0 2 2 2 3 4 4 4 2 2 4 4 0 4 0 2 2 0 4 0 4 1 2 4 4 0 2 2 2
split_gain=0.00156995 0.000872451 0.000751297 0.00675152 0.0106702 0.00594147 0.00255724 0.00853557 0.00547084 0.00343899 0.00208934 0.00265417 0.00144835 0.00340632 0.00230817 0.0021656 0.00172645 0.00292724 0.00137456 0.00134648 0.0021264 0.00155421 0.00170566 0.00292415 0.00164486 0.00301956 0.00165335 0.0014364 0.00620432 0.00258355
threshold=6980.5000000000009 1665.0000000000002 180.00000000000003 241.50000000000003 264.50000000000006 18.819660186767582 127.50000000000001 147.50000000000003 109.50000000000001 139.50000000000003 223.50000000000003 130.50000000000003 64.500000000000014 435.00000000000006 74.500000000000014 900.00000000000011 70.500000000000014 53.500000000000007 1357.5000000000002 156.50000000000003 900.00000000000011 199.00000000000003 5.5000000000000009 506.50000000000006 225.50000000000003 241.50000000000003 1200.0000000000002 425.50000000000006 378.50000000000006 524.00000000000011
decision_type=2 2 2 2 2 2 2 2 2 2 2 2 2 2 2 2 2 2 2 2 2 2 2 2 2 2 2 2 2 2
left_child=1 2 6 5 -5 -4 8 -8 9 12 11 -7 13 -1 -14 -16 17 18 -15 20 -6 22 -21 -24 26 -26 -23 28 -27 -29
right_child=-2 -3 3 4 19 10 7 -9 -10 -11 -12 -13 14 16 15 -17 -18 -19 -20 21 -22 24 23 -25 25 27 -28 29 -30 -31
leaf_value=-0.0011379769369999975 0.00073339921996350697 -0.00014396893111418924 0.0022449167819855657 -0.0017378934406276263 0.00086303699684757039 0.00074242042563855656 0.0020854835625505074 -0.00076891415691617037 -0.001760177264738807 -0.0011852745777340952 0.0011168592822893213 -0.00072984643064349561 0.0011584182677615901 0.0003713795732437575 0.00065670669957233426 -0.00074640616076067097 0.00077202136421369188 -0.0011505341903433543 -0.00057838676380924888 0.00010537282170844266 -0.00019845370406983422 0.00011160809378025635 -0.0017174211927340366 -0.00020165615024909911 -0.00087842909744818148 -0.00012999530820682569 0.0010542285962340731 -0.00067341322126925334 0.0015187979781661521 1.7909362352561395e-05
leaf_weight=29 29 409 23 35 46 25 20 22 22 27 27 24 25 64 22 22 27 22 20 40 32 49 20 35 38 74 30 55 33 3154
leaf_count=29 29 409 23 35 46 25 20 22 22 27 27 24 25 64 22 22 27 22 20 40 32 49 20 35 38 74 30 55 33 3154
internal_value=1.94187e-13 -4.75701e-06 9.26015e-06 2.18792e-05 -2.75785e-07 0.000836692 -0.000137309 0.000590323 -0.000246454 -0.000117377 0.000410518 2.13101e-05 7.44208e-06 -0.000155975 0.000391117 -4.48497e-05 5.81457e-05 -0.000123691 0.000145245 1.65896e-05 0.000427554 7.50367e-06 -0.000391489 -0.000752843 1.85448e-05 7.92152e-06 0.000469565 1.80787e-05 0.000378511 6.06058e-06
internal_weight=4500 4471 4062 3740 3641 99 322 42 280 258 76 49 231 162 69 44 133 106 84 3606 78 3528 95 55 3433 3354 79 3316 107 3209
internal_count=4500 4471 4062 3740 3641 99 322 42 280 258 76 49 231 162 69 44 133 106 84 3606 78 3528 95 55 3433 3354 79 3316 107 3209
is_linear=0
shrinkage=0.1


Tree=82
num_leaves=31
num_cat=0
split_feature=2 0 2 3 2 0 0 2 0 2 2 2 2 2 2 1 4 4 0 2 2 2 2 2 2 0 2 2 2 2
split_gain=0.00127166 0.00077785 0.00116937 0.00441341 0.00135205 0.00364809 0.00573034 0.00193166 0.00372191 0.00427337 0.00264825 0.00514122 0.0023141 0.00287871 0.00365145 0.0014432 0.00142084 0.00135633 0.00124174 0.00205456 0.00121048 0.00118571 0.00110241 0.00226042 0.00158438 0.00188863 0.00141891 0.00226939 0.00380672 0.0019286
threshold=6980.5000000000009 1200.0000000000002 5987.0000000000009 624.28744506835949 4442.5000000000009 900.00000000000011 285.00000000000006 3621.5000000000005 750.00000000000011 4090.5000000000005 3970.5000000000005 3804.0000000000005 3517.0000000000005 3315.0000000000005 3149.5000000000005 11.500000000000002 1722.5000000000002 1584.5000000000002 750.00000000000011 5276.5000000000009 2497.5000000000005 2812.0000000000005 4396.5000000000009 4018.5000000000005 4581.0000000000009 1357.5000000000002 3876.0000000000005 3540.0000000000005 3725.5000000000005 3221.5000000000005
decision_type=2 2 2 2 2 2 2 2 2 2 2 2 2 2 2 2 2 2 2 2 2 2 2 2 2 2 2 2 2 2
left_child=1 2 4 -4 7 6 -6 12 9 15 11 -10 13 14 16 -9 17 -1 19 -8 -18 -22 23 26 -24 -26 27 29 -29 -3
right_child=-2 22 3 -5 5 -7 18 8 10 -11 -12 -13 -14 -15 -16 -17 20 -19 -20 -21 21 -23 24 -25 25 -27 -28 28 -30 -31
leaf_value=1.647214140573468e-05 0.00066005930287027352 -7.6674799340388305e-05 -0.00047417817135842947 0.0013058794185053558 -0.0014283460469662467 -0.00087731988145397274 0.00091108299038408086 -0.00022266885451972487 0.0013909348385641352 -0.00082887903812330814 0.0012837680132589395 -0.00080130717352680536 -0.00073357160152049696 0.00071391849865379969 -0.00070995198795993728 0.00069905999259373076 0.000714531598309547 -0.00077288287737412086 -0.00011054612525806921 -0.00023850044526625426 -0.00033014142120211751 0.00042573145735647755 0.00096841534731261772 -0.00073283306634178971 0.0008265314134769142 -0.00015716407973884365 0.00067040066686996184 -0.001415455495043716 0.0002314469958655536 0.00046999852550952181
leaf_weight=2065 29 1266 26 30 22 61 53 25 20 44 51 23 41 59 69 53 53 22 41 22 36 49 23 52 25 89 26 32 25 68
leaf_count=2065 29 1266 26 30 22 61 53 25 20 44 51 23 41 59 69 53 53 22 41 22 36 49 23 52 25 89 26 32 25 68
internal_value=1.89518e-13 -4.28131e-06 2.69476e-05 0.000479424 1.7927e-05 -0.000233327 5.13361e-05 3.7084e-05 0.000323489 -4.08788e-05 0.000796391 0.00021834 1.12429e-05 2.4221e-05 6.48247e-06 0.000403634 2.87e-05 8.1512e-06 0.000331965 0.000573872 0.000339463 0.000105597 -5.99916e-05 -8.52932e-05 0.000211308 5.85586e-05 -6.15303e-05 -7.52112e-05 -0.00069313 -4.88084e-05
internal_weight=4500 4471 2865 56 2809 199 138 2610 216 122 94 43 2394 2353 2294 78 2225 2087 116 75 138 85 1606 1469 137 114 1417 1391 57 1334
internal_count=4500 4471 2865 56 2809 199 138 2610 216 122 94 43 2394 2353 2294 78 2225 2087 116 75 138 85 1606 1469 137 114 1417 1391 57 1334
is_linear=0
shrinkage=0.1


Tree=83
num_leaves=31
num_cat=0
split_feature=0 2 2 2 3 3 2 2 0 0 4 3 4 4 2 2 2 2 2 2 2 2 3 3 2 2 2 0 2 2
split_gain=0.00139239 0.00385233 0.00195865 0.00174174 0.00339234 0.00341046 0.00472032 0.00189997 0.00133078 0.00218735 0.00117981 0.00182312 0.00161647 0.00124146 0.00156225 0.00204759 0.0013143 0.00108595 0.000942254 0.00235018 0.00126727 0.00184624 0.000874081 0.00131752 0.000915375 0.000848544 0.000839597 0.000774945 0.00187662 0.00133243
threshold=285.00000000000006 4720.5000000000009 6299.0000000000009 130.00000000000003 27.111128807067875 47.448650360107429 425.50000000000006 610.50000000000011 750.00000000000011 1200.0000000000002 330.50000000000006 137.60986328125003 554.50000000000011 751.50000000000011 2564.5000000000005 2116.0000000000005 3841.0000000000005 1616.0000000000002 4611.0000000000009 4720.5000000000009 4442.5000000000009 4331.0000000000009 482.69424438476568 513.29443359375011 4952.0000000000009 3125.5000000000005 4531.0000000000009 1200.0000000000002 4018.5000000000005 4195.0000000000009
decision_type=2 2 2 2 2 2 2 2 2 2 2 2 2 2 2 2 2 2 2 2 2 2 2 2 2 2 2 2 2 2
left_child=1 3 18 -1 -5 -6 -7 -8 -4 -10 -9 -12 -13 -14 15 17 25 -15 20 -20 21 27 -21 -24 -25 -16 -22 -2 -29 -30
right_child=2 -3 8 4 5 6 7 10 9 -11 11 12 13 14 16 -17 -18 -19 19 22 26 -23 23 24 -26 -27 -28 28 29 -31
leaf_value=-0.00073960929218193762 1.769306343232542e-05 0.0014650651338425551 -0.0011422513557287554 0.0013910447819701708 -0.0011226116483819416 0.001544225046856572 -0.00088489953908720052 0.00084511390665457367 0.00047353886715743859 -0.00087774324556812654 -0.00068029336719613136 0.00099777472648947024 -0.00044693402482693815 0.00066209594698865776 7.9216222317578906e-05 0.0014182121648264002 0.00049852780066430571 -0.00034543772286269817 0.00096541030727552652 0.00059420929359880071 -0.00083832863451642622 0.00078152610101448058 -0.00069070217502303433 -0.00033848475816343222 0.00021340979046796145 -0.00064555190952627793 -8.9760750114660851e-05 -5.5377237059386358e-05 -0.0011761720686291274 -0.00010521011163724498
leaf_weight=23 2224 22 24 21 22 23 20 21 23 25 29 21 37 23 30 20 29 20 33 27 31 29 25 39 131 35 29 1417 26 21
leaf_count=23 2224 22 24 21 22 23 20 21 23 25 29 21 37 23 30 20 29 20 33 27 31 29 25 39 131 35 29 1417 26 21
internal_value=-3.19637e-13 0.000179073 -1.7279e-05 0.000103426 0.000158668 8.02439e-05 0.000166162 5.49501e-05 -0.000534253 -0.000230254 0.000125882 6.3981e-05 0.000164372 7.41578e-05 0.000196963 0.000582281 -6.12822e-05 0.000193476 -8.04728e-06 0.000178002 -2.06082e-05 -1.32488e-05 6.09544e-05 -1.28809e-05 8.67987e-05 -0.000311044 -0.000476521 -1.94984e-05 -7.59969e-05 -0.000697657
internal_weight=4500 396 4104 374 351 330 308 285 72 48 265 244 215 194 157 63 94 43 4032 255 3777 3717 222 195 170 65 60 3688 1464 47
internal_count=4500 396 4104 374 351 330 308 285 72 48 265 244 215 194 157 63 94 43 4032 255 3777 3717 222 195 170 65 60 3688 1464 47
is_linear=0
shrinkage=0.1


Tree=84
num_leaves=31
num_cat=0
split_feature=2 2 2 2 4 4 1 4 3 4 4 0 4 2 2 0 2 3 0 3 3 2 4 4 3 1 3 2 4 4
split_gain=0.00120282 0.000647404 0.0016741 0.00333851 0.00408529 0.00360917 0.00300492 0.00228725 0.00188202 0.00151451 0.00165297 0.00717688 0.00180659 0.00529155 0.00444954 0.00355756 0.00284968 0.00270881 0.00174954 0.00100295 0.00270201 0.00269194 0.00242439 0.00613046 0.00202034 0.00118561 0.00112664 0.00114427 0.00245657 0.000712668
threshold=6980.5000000000009 36.500000000000007 80.500000000000014 130.00000000000003 91.500000000000014 80.500000000000014 1.5000000000000002 49.500000000000007 23.306306838989261 106.50000000000001 123.50000000000001 1200.0000000000002 167.50000000000003 241.50000000000003 264.50000000000006 1200.0000000000002 223.50000000000003 34.964979171752937 592.50000000000011 67.126049041748061 58.670976638793952 758.00000000000011 189.50000000000003 264.50000000000006 71.442611694335952 5.5000000000000009 84.208507537841811 492.50000000000006 229.50000000000003 106.50000000000001
decision_type=2 2 2 2 2 2 2 2 2 2 2 2 2 2 2 2 2 2 2 2 2 2 2 2 2 2 2 2 2 2
left_child=1 -1 6 5 8 -4 7 -3 -5 -6 11 -11 14 16 15 17 -14 -12 -16 20 21 22 -15 -24 -21 -22 27 -26 -29 -7
right_child=-2 2 3 4 9 29 -8 -9 -10 10 12 -13 13 19 18 -17 -18 -19 -20 24 25 -23 23 -25 26 -27 -28 28 -30 -31
leaf_value=-0.00029549267269127693 0.00064194492939538485 -0.00084973922598042661 -0.0012445539588508028 0.0016241817555220969 -0.00066032341199128753 0.00036951502668671312 0.0011691253265941187 0.00041872188527453222 0.00028385558049194516 0.0016171134383122473 -0.00072870255001665409 -0.00086313121719285848 0.00041256409342167901 0.00045202398005957632 0.00083933500249663167 -8.7477964111850741e-05 0.0019535823071782942 -0.0022838806622617301 -0.00014654798950586054 0.00080912001656308291 -0.0003154316734123443 0.00073625972137152627 -0.001979800884410824 5.9646822815268954e-06 -0.00074428817084154638 -0.0013172757895922082 9.0485776554554759e-06 0.00079590171204156092 -0.00040189814432385141 -0.00039338220115799533
leaf_weight=75 29 21 45 22 35 25 34 44 20 28 24 20 30 33 27 33 20 21 54 31 21 36 22 53 39 27 3517 23 67 24
leaf_count=75 29 21 45 22 35 25 34 44 20 28 24 20 30 33 27 33 20 21 54 31 21 36 22 53 39 27 3517 23 67 24
internal_value=-7.49702e-13 -4.16381e-06 8.06539e-07 -8.56038e-06 4.62152e-06 -0.00059796 0.000407369 8.91137e-06 0.000985931 -5.28355e-06 2.73019e-07 0.000583678 -6.59394e-06 6.81261e-06 -0.000337036 -0.000876117 0.00102897 -0.00145445 0.00018208 -6.39699e-06 -0.000229208 -1.26205e-05 -0.000262247 -0.000576527 5.23739e-06 -0.000878969 -1.59759e-06 -0.00029185 -9.57937e-05 -4.14892e-06
internal_weight=4500 4471 4396 4297 4203 94 99 65 42 4161 4126 48 4078 3919 159 78 50 45 81 3869 192 144 108 75 3677 48 3646 129 90 49
internal_count=4500 4471 4396 4297 4203 94 99 65 42 4161 4126 48 4078 3919 159 78 50 45 81 3869 192 144 108 75 3677 48 3646 129 90 49
is_linear=0
shrinkage=0.1


Tree=85
num_leaves=31
num_cat=0
split_feature=0 3 4 3 2 2 2 2 2 2 3 3 1 2 2 2 2 2 4 0 3 0 3 1 2 3 2 2 2 2
split_gain=0.00109057 0.00336915 0.00188735 0.00468572 0.00176716 0.00161193 0.00121989 0.000813595 0.00117379 0.00221529 0.000933909 0.0023461 0.00140218 0.000802255 0.00475184 0.00373551 0.00326539 0.00210049 0.00265428 0.00456967 0.00298482 0.00354382 0.00207909 0.00170789 0.00129995 0.0011482 0.00102669 0.000694361 0.00349266 0.00260971
threshold=285.00000000000006 649.16323852539074 102.50000000000001 33.399991989135749 6299.0000000000009 425.50000000000006 6763.0000000000009 596.50000000000011 1058.5000000000002 1397.5000000000002 502.04142761230474 386.04205322265631 12.500000000000002 249.50000000000003 203.50000000000003 180.00000000000003 274.50000000000006 139.50000000000003 64.500000000000014 592.50000000000011 23.306306838989261 1200.0000000000002 9.949747562408449 2.5000000000000004 163.50000000000003 50.671190261840827 28.500000000000004 2916.5000000000005 2972.0000000000005 2646.5000000000005
decision_type=2 2 2 2 2 2 2 2 2 2 2 2 2 2 2 2 2 2 2 2 2 2 2 2 2 2 2 2 2 2
left_child=1 2 -1 -4 13 -5 -6 -7 -9 -10 11 12 -11 14 15 17 -15 18 19 -2 21 -20 26 25 -19 -16 -21 29 -29 -18
right_child=4 -3 3 5 6 7 -8 8 9 10 -12 -13 -14 16 23 -17 27 24 20 22 -22 -23 -24 -25 -26 -27 -28 28 -30 -31
leaf_value=0.0008523115340283076 -0.0012753994215927379 0.0012159248398217774 -0.0014349606089083301 0.00079237119249639008 -0.0010075668057683727 -0.00052402840665308756 -0.00016831211166369708 0.00057578117412049323 -0.00070170993230452667 0.00035371810096732683 -0.00025899357307935134 0.00096006371006498938 -0.00038845273096661044 0.0010481480305315927 -0.00092281485747662366 0.00097217042466336107 1.7890625308996762e-06 -0.0010212588932036477 0.0013874222930498059 0.00020387657606751538 -0.00053449792764655765 -1.678184430602414e-05 0.00080398351098571368 -0.00130492910124863 -0.00014020011904270204 0.00013589471498216016 -0.00042406453988708863 0.0010986596220845968 3.6977613300969141e-05 -0.00037891589775263597
leaf_weight=29 32 28 21 31 29 24 43 41 38 57 45 36 46 30 20 37 2350 34 41 46 23 32 29 39 33 21 60 32 978 195
leaf_count=29 32 28 21 31 29 24 43 41 38 57 45 36 46 30 20 37 2350 34 41 46 23 32 29 39 33 21 60 32 978 195
internal_value=1.06951e-12 0.000158481 7.80229e-05 1.17858e-05 -1.5292e-05 0.000107326 -0.000506345 3.33312e-05 8.41929e-05 -6.59589e-06 0.00013696 0.000265147 2.22632e-05 -6.52318e-06 -0.000132847 1.93786e-05 9.22771e-06 -8.74496e-05 3.98899e-05 -0.000200975 0.000458894 0.000771881 5.37035e-05 -0.000831184 -0.000587305 -0.000380549 -0.000151562 4.60453e-07 7.06151e-05 -2.73809e-05
internal_weight=4500 396 368 339 4104 318 72 287 263 222 184 139 103 4032 447 367 3585 330 263 167 96 73 135 80 67 41 106 3555 1010 2545
internal_count=4500 396 368 339 4104 318 72 287 263 222 184 139 103 4032 447 367 3585 330 263 167 96 73 135 80 67 41 106 3555 1010 2545
is_linear=0
shrinkage=0.1


Tree=86
num_leaves=31
num_cat=0
split_feature=2 1 3 1 1 2 2 2 2 2 2 2 1 3 0 2 2 2 2 2 2 0 2 2 2 2 2 3 0 2
split_gain=0.0011026 0.00245955 0.00440145 0.00233052 0.00741634 0.00273759 0.00222946 0.00206488 0.00168451 0.00138535 0.000912639 0.00140718 0.000944132 0.000989308 0.000796098 0.00155416 0.00112693 0.00188189 0.00308344 0.00151667 0.00107926 0.0010441 0.00100992 0.00268193 0.00183508 0.0023474 0.00289023 0.0016935 0.00139107 0.00362984
threshold=5064.5000000000009 11.500000000000002 690.72988891601574 15.500000000000002 14.500000000000002 5782.5000000000009 6121.0000000000009 4771.0000000000009 4611.0000000000009 4952.0000000000009 4442.5000000000009 4331.0000000000009 14.500000000000002 581.18374633789074 1200.0000000000002 4018.5000000000005 3876.0000000000005 3540.0000000000005 3725.5000000000005 3221.5000000000005 4195.0000000000009 1515.0000000000002 3621.5000000000005 3725.5000000000005 3517.0000000000005 3315.0000000000005 3149.5000000000005 612.57165527343761 750.00000000000011 4090.5000000000005
decision_type=2 2 2 2 2 2 2 2 2 2 2 2 2 2 2 2 2 2 2 2 2 2 2 2 2 2 2 2 2 2
left_child=7 -2 3 4 5 -3 -5 8 10 -9 11 14 13 -12 22 16 17 19 -19 -16 -17 -21 24 -24 25 26 -1 28 29 -25
right_child=1 2 -4 6 -6 -7 -8 9 -10 -11 12 -13 -14 -15 15 20 -18 18 -20 21 -22 -23 23 27 -26 -27 -28 -29 -30 -31
leaf_value=2.2937796820902867e-05 -0.00046004347711649918 0.00040206442165072079 0.0016734830656154689 0.00022243305754203062 0.00161742046119697 -0.00084992954601353454 -0.001162894951578762 -0.00085427042757449585 0.00058125950638394876 -4.8370340664405377e-06 -0.0011001699275094206 0.00065792769819381655 0.00015254279344596646 -0.00013851077994331718 -6.0854704520424086e-05 -0.0010631574823771817 0.000604295706748067 -0.0012729748564652256 0.00020923740114085375 4.3446977007468896e-05 -9.9291715222144783e-05 0.00082748036859839249 0.0010971447550541453 0.00039339548484999148 -0.00065562899691674209 0.00064199649426944052 -0.00063422592964185328 -0.00073338616480627533 0.0005706750686527574 -0.0010363861637765345
leaf_weight=2225 43 40 23 26 36 31 21 48 49 32 23 32 22 20 1266 26 26 32 25 35 21 33 31 56 41 59 69 22 61 26
leaf_count=2225 43 40 23 26 36 31 21 48 49 32 23 32 22 20 1266 26 26 32 25 35 21 33 31 56 41 59 69 22 61 26
internal_value=-6.84935e-13 0.00021833 0.000383133 0.000190418 0.000448242 -0.000144581 -0.000396543 -1.12226e-05 -1.63639e-06 -0.000514497 -8.51712e-06 -2.60313e-06 -0.00038028 -0.000652887 -7.81699e-06 -6.67584e-05 -4.79937e-05 -6.01861e-05 -0.000622882 -3.61428e-05 -0.000632494 0.000423934 2.54997e-05 0.000243736 7.63242e-06 1.91895e-05 3.17132e-06 8.33987e-05 0.000209058 -5.99499e-05
internal_weight=4500 220 177 154 107 71 47 4280 4200 80 4151 4086 65 43 4054 1464 1417 1391 57 1334 47 68 2590 196 2394 2353 2294 165 143 82
internal_count=4500 220 177 154 107 71 47 4280 4200 80 4151 4086 65 43 4054 1464 1417 1391 57 1334 47 68 2590 196 2394 2353 2294 165 143 82
is_linear=0
shrinkage=0.1


Tree=87
num_leaves=31
num_cat=0
split_feature=2 0 3 3 0 4 2 2 2 3 2 4 2 4 3 4 4 2 2 0 2 2 2 2 2 4 2 2 2 2
split_gain=0.0010023 0.00716161 0.00461816 0.000770746 0.000513385 0.00110022 0.00309429 0.00189883 0.00445989 0.00623267 0.00457169 0.00206444 0.00469993 0.00459528 0.00754738 0.00155434 0.00117784 0.000758081 0.00340757 0.00511453 0.0011645 0.00118677 0.00110768 0.010503 0.00388226 0.0022861 0.00166612 0.00167534 0.00188856 0.00167906
threshold=5987.0000000000009 1050.0000000000002 624.28744506835949 661.89041137695324 750.00000000000011 49.500000000000007 80.500000000000014 130.00000000000003 241.50000000000003 18.819660186767582 203.50000000000003 130.50000000000003 392.50000000000006 264.50000000000006 50.671190261840827 185.50000000000003 35.500000000000007 4090.5000000000005 4221.0000000000009 285.00000000000006 5276.5000000000009 4531.0000000000009 1397.5000000000002 1461.5000000000002 1304.5000000000002 819.50000000000011 1640.5000000000002 1843.5000000000002 1894.0000000000002 1768.5000000000002
decision_type=2 2 2 2 2 2 2 2 2 2 2 2 2 2 2 2 2 2 2 2 2 2 2 2 2 2 2 2 2 2
left_child=4 2 -2 -3 5 16 -7 -8 9 -9 -11 -10 13 14 -13 -14 -1 22 -19 -20 21 -21 24 -24 25 -17 -25 29 -29 -28
right_child=1 3 -4 -5 -6 6 7 8 11 10 -12 12 15 -15 -16 17 -18 18 19 20 -22 -23 23 26 -26 -27 27 28 -30 -31
leaf_value=3.9810462065203035e-05 -4.8014665177712842e-05 -0.00097048824687522874 0.0017428099072680601 -0.00015144347460591234 -3.288464840810361e-05 0.001258121804511618 -0.00071437526458987231 0.0021816322662862545 0.00093358040200352361 -0.00070885339519009003 0.0013021628992282786 -0.0028219227422960104 0.00079642077379739264 0.0002317982072781888 -0.00037375899983624767 -4.0466912373324638e-05 -0.00099603809815432352 -0.0012478924493771048 -0.0012275796663016082 -1.6876061933792451e-05 -0.00024621795101583386 0.00087303661932039303 0.0019644690460215012 -0.00039211173840643225 -0.0010217719364496029 0.00093086552089796627 0.00024348569114898477 -0.00084096240246688708 8.5636006238813046e-05 0.0012856480808378283
leaf_weight=23 24 27 36 20 2821 21 33 23 24 26 20 20 27 32 34 356 21 25 25 22 22 47 30 75 39 26 52 23 504 22
leaf_count=23 24 27 36 20 2821 21 33 23 24 26 20 20 27 32 34 356 21 25 25 22 22 47 30 75 39 26 52 23 504 22
internal_value=4.51413e-13 0.0003024 0.00102648 -0.000621959 -7.36552e-06 3.84293e-05 5.26257e-05 3.58271e-05 5.26227e-05 0.000837545 0.000165502 1.40749e-05 -1.90493e-06 -0.000717776 -0.00128049 4.56355e-05 -0.000454572 2.96488e-05 -0.000188951 3.92686e-05 0.000387304 0.000589296 5.6998e-05 0.000133555 -7.13844e-05 2.56447e-05 5.23011e-05 0.00010776 4.51962e-05 0.000553318
internal_weight=4500 107 60 47 4393 1572 1528 1507 1474 69 46 1405 1381 86 54 1295 44 1268 141 116 91 69 1127 706 421 382 676 601 527 74
internal_count=4500 107 60 47 4393 1572 1528 1507 1474 69 46 1405 1381 86 54 1295 44 1268 141 116 91 69 1127 706 421 382 676 601 527 74
is_linear=0
shrinkage=0.1


Tree=88
num_leaves=31
num_cat=0
split_feature=0 2 2 3 2 4 0 1 4 3 2 2 2 2 2 4 0 1 0 3 3 1 2 2 2 2 2 2 2 2
split_gain=0.000907589 0.00327924 0.00167216 0.00153066 0.00655854 0.00224468 0.00113247 0.00158442 0.000786862 0.0020418 0.00070699 0.00414813 0.00300832 0.00276443 0.00184849 0.00214992 0.00388318 0.0024004 0.00441534 0.00169075 0.00144718 0.00492716 0.000979976 0.000798953 0.000652245 0.00168273 0.00294432 0.000998401 0.000878166 0.00200921
threshold=285.00000000000006 4720.5000000000009 6299.0000000000009 5.2500000000000009 241.50000000000003 167.50000000000003 750.00000000000011 14.500000000000002 347.50000000000006 134.16706085205081 249.50000000000003 203.50000000000003 180.00000000000003 274.50000000000006 139.50000000000003 64.500000000000014 592.50000000000011 1.5000000000000002 900.00000000000011 9.949747562408449 31.991316795349125 2.5000000000000004 163.50000000000003 28.500000000000004 1266.5000000000002 1926.0000000000002 2454.5000000000005 3841.0000000000005 3125.5000000000005 2689.5000000000005
decision_type=2 2 2 2 2 2 2 2 2 2 2 2 2 2 2 2 2 2 2 2 2 2 2 2 2 2 2 2 2 2
left_child=1 3 10 -1 -5 -6 -4 -8 -7 -10 11 12 14 -12 15 16 -2 18 -17 23 -13 -22 -16 -18 -11 -26 -27 28 29 -28
right_child=2 -3 6 4 5 8 7 -9 9 24 13 20 -14 -15 22 17 19 -19 -20 -21 21 -23 -24 -25 25 26 27 -29 -30 -31
leaf_value=-0.00069777730920274437 -0.0011654038904453047 0.0013310631483115934 -0.0010524923913180829 0.0017231691347357509 -0.00094211066658001245 0.00043259289094800448 -0.00069675455399971855 0.00046860809496138248 -0.00081290877725998011 0.00049762445828997043 0.00096527705589930218 -0.00014562437031418086 0.00087325702841406234 1.2989967915578776e-06 -0.00092334074844770565 0.0018540395382539527 0.00018824738432633004 -0.0002412325255240181 0.00011247204745666601 0.00073639549036983983 -6.3621009646270131e-05 -0.0019594282871272803 -0.00015836321364269789 -0.00036568794252768086 -0.00049238721862227821 0.0011221428821694905 -0.00057898844584680935 0.00048256046981711332 -0.00056239412861523806 0.00072896292816343098
leaf_weight=24 32 22 24 24 23 53 28 20 27 36 30 25 37 3555 34 24 46 35 37 29 26 29 33 60 46 28 23 29 37 24
leaf_count=24 32 22 24 24 23 53 28 20 27 36 30 25 37 3555 34 24 46 35 37 29 26 29 33 60 46 28 23 29 37 24
internal_value=-1.93765e-13 0.000144575 -1.39503e-05 7.4782e-05 0.000127757 1.03039e-05 -0.000491622 -0.000211187 8.25993e-05 8.40072e-06 -5.4204e-06 -0.000124007 1.82203e-05 9.36576e-06 -7.76474e-05 4.18096e-05 -0.000174966 0.000418909 0.000797679 5.98042e-05 -0.000776477 -0.00106323 -0.000546561 -0.000125301 0.000107842 3.28034e-05 0.000204142 -2.3327e-05 -0.000197979 8.89016e-05
internal_weight=4500 396 4104 374 350 326 72 48 303 250 4032 447 367 3585 330 263 167 96 61 135 80 55 67 106 223 187 141 113 84 47
internal_count=4500 396 4104 374 350 326 72 48 303 250 4032 447 367 3585 330 263 167 96 61 135 80 55 67 106 223 187 141 113 84 47
is_linear=0
shrinkage=0.1


Tree=89
num_leaves=31
num_cat=0
split_feature=2 1 2 2 2 3 1 4 4 2 2 4 4 0 4 2 2 2 2 3 0 4 4 4 2 1 4 2 4 4
split_gain=0.000987278 0.000550287 0.00202846 0.00535899 0.00242833 0.0030884 0.00195912 0.0016868 0.00168095 0.0125161 0.00901776 0.00465982 0.00379977 0.00300351 0.00508546 0.00134497 0.00115379 0.00209049 0.0013424 0.00204317 0.00178279 0.000826792 0.000783383 0.00231105 0.00213186 0.00123552 0.00288463 0.00809664 0.00139864 0.000702337
threshold=6980.5000000000009 2.5000000000000004 241.50000000000003 264.50000000000006 192.50000000000003 33.399991989135749 3.5000000000000004 118.50000000000001 127.50000000000001 120.00000000000001 152.50000000000003 152.50000000000003 241.50000000000003 1050.0000000000002 180.50000000000003 295.50000000000006 443.50000000000006 392.50000000000006 776.00000000000011 400.46803283691412 1050.0000000000002 325.50000000000006 64.500000000000014 74.500000000000014 61.000000000000007 1.5000000000000002 40.500000000000007 28.500000000000004 19.000000000000004 156.50000000000003
decision_type=2 2 2 2 2 2 2 2 2 2 2 2 2 2 2 2 2 2 2 2 2 2 2 2 2 2 2 2 2 2
left_child=1 8 4 -4 5 6 -3 -6 9 22 -10 -12 13 14 -13 -14 17 21 20 -20 -18 -17 24 -24 25 26 27 28 -1 -5
right_child=-2 2 3 29 7 -7 -8 -9 10 -11 11 12 15 -15 -16 16 18 -19 19 -21 -22 -23 23 -25 -26 -27 -28 -29 -30 -31
leaf_value=-0.00035497261194029342 0.00058158990878868719 -0.00084918391185055957 -0.0015250443797254854 0.00029195849769859619 0.0014879433943187233 0.0010729372159056809 0.00041247589157137558 0.00029296370644477153 0.0020103107449937273 -0.0023230946036400619 -0.0015620432863943279 5.3130323596468036e-05 -0.00095445299527703109 -9.5063599042727486e-05 0.0021797799758370155 0.00025085295254195279 -0.0013583330487523674 0.0010300450963855144 0.00044058246425457154 -0.00068519614004409438 -8.3942733111880017e-05 -0.00061611232734073637 0.0011424072313820945 -0.00013704346526234685 -0.0010136717189452612 0.00062640940677374606 0.00060402875569707257 -0.0022234943982766711 0.00068303968093823644 -4.8581556206091764e-07
leaf_weight=27 29 32 23 84 27 21 20 21 22 27 20 22 22 35 23 22 23 21 38 28 21 22 20 48 25 25 34 20 25 3673
leaf_count=27 29 32 23 84 27 21 20 21 22 27 20 22 22 35 23 22 23 21 38 28 21 22 20 48 25 25 34 20 25 3673
internal_value=2.89639e-13 -3.77233e-06 9.63807e-06 -3.26347e-06 0.000412678 4.94153e-05 -0.00036393 0.00096514 -9.55513e-05 -0.000289148 5.67775e-05 -8.79287e-05 1.85056e-05 0.000599707 0.00114008 -0.000217515 -0.000124872 0.000209158 -0.000322253 -3.70206e-05 -0.000750101 -0.00018263 -4.39852e-05 0.000239266 -0.000167453 -5.9614e-06 -0.000155105 -0.000513586 0.000144072 6.05273e-06
internal_weight=4500 4471 3901 3780 121 73 52 48 570 251 319 297 277 80 45 197 175 65 110 66 44 44 224 68 156 131 106 72 52 3757
internal_count=4500 4471 3901 3780 121 73 52 48 570 251 319 297 277 80 45 197 175 65 110 66 44 44 224 68 156 131 106 72 52 3757
is_linear=0
shrinkage=0.1


Tree=90
num_leaves=31
num_cat=0
split_feature=2 0 3 3 1 2 2 2 2 4 4 2 2 4 4 0 4 4 2 2 3 0 2 0 0 0 2 2 4 4
split_gain=0.00087942 0.00612451 0.00368563 0.000662657 0.00040978 0.00167857 0.00431508 0.00196695 0.00263515 0.00136631 0.00136157 0.010138 0.00730438 0.00377445 0.00307781 0.00243284 0.00411922 0.00118616 0.0009218 0.00107965 0.00165496 0.00147006 0.000766705 0.00125866 0.000664326 0.00129171 0.00143613 0.00232178 0.000586987 0.00189113
threshold=5987.0000000000009 1050.0000000000002 624.28744506835949 661.89041137695324 2.5000000000000004 241.50000000000003 264.50000000000006 192.50000000000003 139.50000000000003 118.50000000000001 127.50000000000001 120.00000000000001 152.50000000000003 152.50000000000003 241.50000000000003 1050.0000000000002 180.50000000000003 273.50000000000006 443.50000000000006 776.00000000000011 400.46803283691412 1050.0000000000002 378.50000000000006 750.00000000000011 435.00000000000006 1050.0000000000002 70.500000000000014 45.000000000000007 156.50000000000003 139.50000000000003
decision_type=2 2 2 2 2 2 2 2 2 2 2 2 2 2 2 2 2 2 2 2 2 2 2 2 2 2 2 2 2 2
left_child=4 2 -2 -3 10 7 -7 8 -6 -9 11 24 -12 -14 15 16 -15 -16 22 21 -21 -20 23 -19 -1 26 27 -26 29 -8
right_child=1 3 -4 -5 5 6 28 9 -10 -11 12 -13 13 14 17 -17 -18 18 19 20 -22 -23 -24 -25 25 -27 -28 -29 -30 -31
leaf_value=-0.00043313147939948572 -7.0393686958899101e-06 -0.00089472317809445991 0.0015927924684041904 -0.00013527769275242462 0.0006210855882416486 -0.0013725399039685726 -7.2747957269062426e-05 0.00133914909178943 -0.00058156194148718246 0.00026366732670881206 0.0018092796079475773 -0.0020907851005042043 -0.0014058389770798384 4.781729552302171e-05 -0.0008878291759174318 -8.5557236702048364e-05 0.0019618019988031491 -0.0006145580492946985 -0.0012224997641802158 0.0003965242169981234 -0.00061667652553296657 -5.0241224671481183e-05 0.00066819464237513875 0.00045624060224761946 0.00049109610911857865 -0.00021811234132046499 0.00080889857457285485 -0.00083893310345177139 -4.6550688607668484e-06 0.0009337838507365502
leaf_weight=36 24 27 36 20 38 23 56 27 35 21 22 27 20 22 22 35 23 21 23 38 28 20 22 23 35 97 35 21 3595 28
leaf_count=36 24 27 36 20 38 23 56 27 35 21 22 27 20 22 22 35 23 21 23 38 28 20 22 23 35 97 35 21 3595 28
internal_value=-1.78289e-13 0.000283257 0.00095286 -0.000571555 -6.89927e-06 4.89388e-06 -7.08572e-06 0.00037141 4.44738e-05 0.000868626 -8.59961e-05 -0.000260234 5.10997e-05 -7.91358e-05 1.6655e-05 0.000539737 0.00102608 -0.000195764 -0.000108761 -0.000287352 -3.33185e-05 -0.000677263 0.000186183 -5.48224e-05 -3.95867e-05 3.5773e-05 0.000306398 -7.66485e-06 1.45069e-06 0.000262763
internal_weight=4500 107 60 47 4393 3823 3702 121 73 48 570 251 319 297 277 80 45 197 175 109 66 43 66 44 224 188 91 56 3679 84
internal_count=4500 107 60 47 4393 3823 3702 121 73 48 570 251 319 297 277 80 45 197 175 109 66 43 66 44 224 188 91 56 3679 84
is_linear=0
shrinkage=0.1


Tree=91
num_leaves=31
num_cat=0
split_feature=0 1 2 4 4 3 0 1 1 3 2 2 3 3 2 3 3 2 2 1 2 2 2 1 3 0 0 0 1 2
split_gain=0.000792909 0.00288959 0.00168608 0.00149238 0.00292159 0.00270857 0.00108243 0.00141411 0.00078131 0.00119013 0.00126615 0.000901273 0.000750265 0.00107449 0.00090966 0.000713699 0.000917671 0.000712618 0.000663045 0.000580374 0.000564127 0.00124392 0.00115697 0.000670313 0.00080945 0.000691714 0.000602439 0.00133769 0.000562877 0.000524386
threshold=285.00000000000006 14.500000000000002 6299.0000000000009 96.500000000000014 152.50000000000003 54.656000137329109 750.00000000000011 14.500000000000002 7.5000000000000009 122.08095550537111 1266.5000000000002 836.50000000000011 127.92492675781251 179.98114013671878 2564.5000000000005 566.84851074218761 591.39990234375011 1966.5000000000002 3621.5000000000005 11.500000000000002 2193.5000000000005 2497.5000000000005 2092.5000000000005 7.5000000000000009 628.68426513671886 1357.5000000000002 750.00000000000011 1050.0000000000002 5.5000000000000009 4720.5000000000009
decision_type=2 2 2 2 2 2 2 2 2 2 2 2 2 2 2 2 2 2 2 2 2 2 2 2 2 2 2 2 2 2
left_child=1 3 15 -1 -5 -6 -4 -8 9 -7 11 -11 -10 -14 17 -2 19 -15 -16 -17 22 -22 -18 25 26 -23 -25 -28 -12 -26
right_child=2 -3 6 4 5 8 7 -9 12 10 28 -13 13 14 18 16 20 -19 -20 -21 21 23 -24 24 29 -27 27 -29 -30 -31
leaf_value=0.00080879329858968654 -1.968282707687701e-05 0.00096425823438422466 -0.001041034157969989 -0.00093225384292553283 0.0011555341252295131 -0.00082950957682138924 -0.00067725558203944407 0.00042369629256427287 0.00060826391818409326 -8.5745849223299456e-05 -4.5598484866786748e-05 0.00084178078992408706 -0.00063775759073905649 9.9215944210300229e-05 -0.0002704277372977231 0.00017743999179043441 0.00017623798560816796 0.00092397420716720682 0.00030195519935017836 0.00078516426049948991 0.0005358899544543502 -0.00037218692420591497 -0.00084418879923759966 -0.00057157759077935705 0.00054518068197411393 0.0002111179782238243 0.00064431325687716416 -0.00027664940343643336 -0.00078686408808044644 0.00011335896323902434
leaf_weight=24 3566 38 24 31 22 24 28 20 28 22 20 20 20 20 50 33 25 22 34 30 55 68 20 21 49 29 24 46 21 66
leaf_count=24 3566 38 24 31 22 24 28 20 28 22 20 20 20 20 50 33 25 22 34 30 55 68 20 21 49 29 24 46 21 66
internal_value=7.74687e-13 0.000135133 -1.30391e-05 4.71253e-05 -7.60532e-06 8.69957e-05 -0.000492695 -0.000218526 3.33787e-06 -0.0002093 -2.99628e-05 0.000355934 0.000134098 4.31623e-05 0.000151245 -4.47386e-06 0.000111911 0.000531232 -3.87489e-05 0.000466833 5.64265e-05 9.83735e-05 -0.000277285 1.89563e-05 0.00012102 -0.000197797 -0.000101819 3.91092e-05 -0.000425271 0.000297353
internal_weight=4500 396 4104 358 334 303 72 48 281 107 83 42 174 146 126 4032 466 42 84 63 403 358 45 303 206 97 91 70 41 115
internal_count=4500 396 4104 358 334 303 72 48 281 107 83 42 174 146 126 4032 466 42 84 63 403 358 45 303 206 97 91 70 41 115
is_linear=0
shrinkage=0.1


Tree=92
num_leaves=31
num_cat=0
split_feature=2 0 2 2 2 0 2 0 2 0 2 2 1 3 1 4 4 2 2 2 2 0 3 2 2 0 2 2 2 2
split_gain=0.000883787 0.00515607 0.00307663 0.000691951 0.00043063 0.00737177 0.00199344 0.00148151 0.00118993 0.000878827 0.000787768 0.00113658 0.000747467 0.000769569 0.000579428 0.000556679 0.00120692 0.0011633 0.00187855 0.0010428 0.000889988 0.00123694 0.000875991 0.000852692 0.00456645 0.0014986 0.00119456 0.000866373 0.000816034 0.00179753
threshold=5987.0000000000009 1050.0000000000002 6763.0000000000009 6763.0000000000009 4720.5000000000009 435.00000000000006 4611.0000000000009 750.00000000000011 5013.0000000000009 1200.0000000000002 4442.5000000000009 4331.0000000000009 14.500000000000002 581.18374633789074 13.500000000000002 1964.5000000000002 1823.5000000000002 3517.0000000000005 3351.0000000000005 3652.5000000000005 2497.5000000000005 1050.0000000000002 697.89688110351574 3571.5000000000005 3517.0000000000005 1200.0000000000002 3725.5000000000005 3315.0000000000005 3149.5000000000005 3198.0000000000005
decision_type=2 2 2 2 2 2 2 2 2 2 2 2 2 2 2 2 2 2 2 2 2 2 2 2 2 2 2 2 2 2
left_child=4 2 -2 -3 6 -6 10 -7 -9 14 11 15 13 -12 -10 16 23 18 20 -19 21 -17 -22 24 27 26 -25 28 -1 -30
right_child=1 3 -4 -5 5 7 -8 8 9 -11 12 -13 -14 -15 -16 17 -18 19 -20 -21 22 -23 -24 25 -26 -27 -28 -29 29 -31
leaf_value=-1.1611553633693553e-05 0.00039199905465466146 -0.00010841290495591239 0.0019110368523979561 -0.00087598105213449655 -0.0016266215535669572 0.00063687865652191714 0.00077423155766375589 -0.00045756008291892637 -0.00054380338004280239 0.00046157869965890832 -0.00098852040347359752 0.00059305498180037839 0.00012262387105941097 -0.0001403576834127307 0.00016871954199450557 0.00085730517907491467 -0.00049624836079391788 -0.00072859405823375869 0.00085647925400890695 -3.1199269818949639e-06 0.00010444771519203264 2.044198450963258e-05 -0.00049396217725570168 0.001017375864709417 -0.0015281304069867474 -0.00018974667331788406 0.00024029225090556349 0.00040053332824027167 -0.00099617229274439603 4.4877007065562881e-05
leaf_weight=3278 40 23 20 24 29 39 33 49 21 46 23 32 22 20 25 33 52 23 41 143 116 38 31 27 20 58 74 50 27 43
leaf_count=3278 40 23 20 24 29 39 33 49 21 46 23 32 22 20 25 33 52 23 41 143 116 38 31 27 20 58 74 50 27 43
internal_value=1.04705e-12 0.000283959 0.000898345 -0.000500363 -6.91638e-06 -0.000147002 8.12169e-08 9.13809e-05 -5.95015e-05 0.000152508 -6.07319e-06 -5.78667e-07 -0.000351468 -0.000594026 -0.000156563 -5.26448e-06 -1.79457e-05 0.000103018 0.00023547 -0.000103637 0.000118674 0.000409407 -2.17476e-05 -1.09925e-05 -2.1523e-05 0.00021538 0.000448027 -1.26554e-05 -1.8826e-05 -0.000356671
internal_weight=4500 107 60 47 4393 209 4184 180 141 92 4151 4086 65 43 46 4054 3629 425 259 166 218 71 147 3577 3418 159 101 3398 3348 70
internal_count=4500 107 60 47 4393 209 4184 180 141 92 4151 4086 65 43 46 4054 3629 425 259 166 218 71 147 3577 3418 159 101 3398 3348 70
is_linear=0
shrinkage=0.1


Tree=93
num_leaves=31
num_cat=0
split_feature=2 0 2 2 2 3 2 2 4 3 0 4 4 3 3 4 2 2 2 2 2 2 2 2 2 2 2 2 2 2
split_gain=0.00084851 0.000479343 0.000469531 0.00334395 0.00324426 0.00310319 0.00116155 0.00183682 0.00311889 0.00713775 0.0152499 0.00429959 0.00392969 0.0021664 0.00187913 0.00255127 0.00383117 0.00151601 0.000887122 0.00550367 0.00339845 0.0037452 0.00208388 0.00551362 0.00346821 0.00363141 0.0199544 0.00486346 0.0132023 0.00667329
threshold=6980.5000000000009 1665.0000000000002 249.50000000000003 233.50000000000003 295.50000000000006 48.874311447143562 192.50000000000003 80.500000000000014 127.50000000000001 37.489942550659187 435.00000000000006 147.50000000000003 85.500000000000014 21.168293952941898 5.2500000000000009 40.500000000000007 28.500000000000004 213.50000000000003 392.50000000000006 425.50000000000006 506.50000000000006 536.50000000000011 641.00000000000011 687.00000000000011 776.00000000000011 903.50000000000011 878.00000000000011 1024.5000000000002 1058.5000000000002 1157.5000000000002
decision_type=2 2 2 2 2 2 2 2 2 2 2 2 2 2 2 2 2 2 2 2 2 2 2 2 2 2 2 2 2 2
left_child=1 2 3 6 5 -4 7 14 9 10 -9 -10 13 -12 15 16 -1 -8 -6 -20 -21 -22 -23 -24 -25 26 -26 -27 -29 -30
right_child=-2 -3 4 -5 18 -7 17 8 11 -11 12 -13 -14 -15 -16 -17 -18 -19 19 20 21 22 23 24 25 27 -28 28 29 -31
leaf_value=0.00013139420100510596 0.00053916965241961436 -0.00010668518308729509 0.00013292142766436972 -0.0010433574789203703 -0.00024128413164622282 0.0014845653912775091 0.000866993536692462 -0.0031659406215033452 0.0014628212765923569 0.0011384793195507623 0.00081438826844884799 -0.0004160186637128736 -0.0010651121612927699 -0.00050107969575384189 0.00087835971033200621 0.00055969178721745861 -0.0013797891931608321 -9.1984867108027069e-05 0.0010364704946158991 -0.00062077163589534864 0.0010303978743549022 -0.00040773428413943955 0.0010220604757907696 -0.00062711709035177007 -0.00010667853023986654 -0.00063648010100612147 0.0026327613400473427 0.0018980492044844339 -0.00080542125472857153 2.720428700152158e-05
leaf_weight=51 29 409 41 34 140 29 32 23 21 21 31 29 37 21 30 49 25 34 52 86 36 118 54 85 122 117 34 37 100 2573
leaf_count=51 29 409 41 34 140 29 32 23 21 21 31 29 37 21 30 49 25 34 52 86 36 118 54 85 122 117 34 37 100 2573
internal_value=-5.51089e-13 -3.49719e-06 6.89274e-06 -9.09028e-05 1.87124e-05 0.000692888 -1.07457e-05 -8.56733e-05 -0.000300217 -0.000553341 -0.000870557 0.000373094 -0.000277368 0.000283142 0.000167626 -2.94982e-06 -0.000365706 0.000372974 5.43376e-06 1.55511e-05 -2.39474e-07 1.60504e-05 4.77992e-06 2.03714e-05 2.74065e-06 2.06883e-05 0.000490379 -5.23023e-06 2.2023e-05 -3.94519e-06
internal_weight=4500 4471 4062 438 3624 70 404 338 183 133 112 50 89 52 155 125 76 66 3554 3414 3362 3276 3240 3122 3068 2983 156 2827 2710 2673
internal_count=4500 4471 4062 438 3624 70 404 338 183 133 112 50 89 52 155 125 76 66 3554 3414 3362 3276 3240 3122 3068 2983 156 2827 2710 2673
is_linear=0
shrinkage=0.1


Tree=94
num_leaves=31
num_cat=0
split_feature=0 2 2 4 4 3 0 1 3 3 3 2 2 2 2 2 2 2 2 2 2 2 2 1 2 2 0 0 2 2
split_gain=0.000822307 0.00277749 0.00171088 0.00140602 0.00231565 0.00212118 0.00117438 0.00117282 0.00081806 0.00215726 0.000998239 0.000637962 0.00820812 0.00219473 0.00792601 0.00379185 0.00284402 0.00944727 0.00886947 0.00555322 0.00439752 0.00433457 0.00276978 0.00203085 0.00390783 0.00286526 0.00240177 0.00186164 0.00184632 0.00241819
threshold=285.00000000000006 4720.5000000000009 6299.0000000000009 96.500000000000014 152.50000000000003 54.656000137329109 750.00000000000011 14.500000000000002 386.04205322265631 510.16758728027349 301.10723876953131 889.50000000000011 917.50000000000011 1024.5000000000002 1058.5000000000002 1157.5000000000002 1461.5000000000002 1532.5000000000002 1414.0000000000002 1365.0000000000002 1580.5000000000002 1668.5000000000002 1625.5000000000002 11.500000000000002 1247.0000000000002 1304.5000000000002 900.00000000000011 1200.0000000000002 717.50000000000011 641.00000000000011
decision_type=2 2 2 2 2 2 2 2 2 2 2 2 2 2 2 2 2 2 2 2 2 2 2 2 2 2 2 2 2 2
left_child=1 3 11 -1 -5 -6 -4 -8 10 -10 -7 28 -13 -14 -15 -16 18 -18 19 23 -19 22 -22 24 26 -26 -17 -20 29 -2
right_child=2 -3 6 4 5 8 7 -9 9 -11 -12 12 13 14 15 16 17 20 27 -21 21 -23 -24 -25 25 -27 -28 -29 -30 -31
leaf_value=0.00081381981484203924 -6.0280813751162163e-05 0.0012295654869045724 -0.0010676020717558762 -0.00080250891774231873 0.0010502532251517882 6.4083602199348933e-06 -0.00062863610718133197 0.00037399891181848943 0.00084417354297236155 -0.00014382246448375931 -0.00065622980742213819 0.0015214248767329588 -0.00045356182856944629 0.0015361624352140902 -0.00061411904429143163 -0.00065601665151246522 -0.0011701144883799303 0.00092698697609683647 0.0020270898392231299 -0.00089458167922388469 -0.00018588331681119441 2.5248819588610127e-05 -0.0013395798109693141 -0.00035728398541409875 0.00146990667811668 0.00037585781820881597 0.00035365057131076037 0.00082236960227854311 -0.00035649950207034881 0.00049434824358349737
leaf_weight=24 915 22 24 31 22 181 28 20 39 51 26 36 102 34 97 38 69 52 29 49 46 2032 38 42 43 54 62 23 185 86
leaf_count=24 915 22 24 31 22 181 28 20 39 51 26 36 102 34 97 38 69 52 29 49 46 2032 38 42 43 54 62 23 185 86
internal_value=-5.31074e-13 0.000137615 -1.32787e-05 7.3383e-05 2.26102e-05 0.000102794 -0.000496448 -0.000210872 3.2612e-05 0.000284309 -7.68216e-05 -4.65064e-06 2.10274e-05 1.80524e-06 1.89572e-05 -3.34143e-07 2.27691e-05 -1.81867e-05 0.000292234 7.52069e-05 1.84752e-05 -3.85116e-06 -0.000707794 0.000274034 0.00040863 0.000860849 -3.0023e-05 0.00149423 -6.62693e-05 -1.26304e-05
internal_weight=4500 396 4104 374 350 319 72 48 297 90 207 4032 2846 2810 2708 2674 2577 2237 340 288 2168 2116 84 239 197 97 100 52 1186 1001
internal_count=4500 396 4104 374 350 319 72 48 297 90 207 4032 2846 2810 2708 2674 2577 2237 340 288 2168 2116 84 239 197 97 100 52 1186 1001
is_linear=0
shrinkage=0.1


Tree=95
num_leaves=31
num_cat=0
split_feature=2 4 4 2 0 3 0 2 2 4 2 2 2 2 3 3 4 4 2 1 2 0 4 2 2 3 2 3 0 2
split_gain=0.000788259 0.000384495 0.00273261 0.00365102 0.00244625 0.0019283 0.00187096 0.00181406 0.0149962 0.00288256 0.00261106 0.00163179 0.00575875 0.00560206 0.00194604 0.00223263 0.00335377 0.00466098 0.00361956 0.00235167 0.00263256 0.00382972 0.00158472 0.00156818 0.00142569 0.00262286 0.00164466 0.00139503 0.00137485 0.00128829
threshold=6980.5000000000009 446.50000000000006 505.50000000000006 776.00000000000011 592.50000000000011 165.62522888183597 1515.0000000000002 903.50000000000011 878.00000000000011 383.50000000000006 1024.5000000000002 241.50000000000003 264.50000000000006 223.50000000000003 48.874311447143562 37.489942550659187 127.50000000000001 106.50000000000001 152.50000000000003 3.5000000000000004 80.500000000000014 592.50000000000011 49.500000000000007 1094.5000000000002 717.50000000000011 94.168346405029311 793.50000000000011 9.949747562408449 1050.0000000000002 641.00000000000011
decision_type=2 2 2 2 2 2 2 2 2 2 2 2 2 2 2 2 2 2 2 2 2 2 2 2 2 2 2 2 2 2
left_child=1 5 4 -4 23 7 -6 8 9 11 -9 13 -13 14 15 16 17 19 -18 20 22 -22 -1 -3 29 26 -26 -23 -11 -14
right_child=-2 2 3 -5 6 -7 -8 10 -10 28 -12 12 24 -15 -16 -17 18 -19 -20 -21 21 27 -24 -25 25 -27 -28 -29 -30 -31
leaf_value=-0.00012744162088589898 0.00051967450899296792 0.0017196265794336798 -0.0010057849993851656 7.8963518658970254e-06 -5.5383272072419439e-05 -0.00097323862520914354 0.00083034221633252771 -0.00082674091536617084 0.0025566081425337042 0.0010550326448200004 -0.0001042692806739645 -0.0013928171363659205 -8.0966840116850894e-05 0.0012625309947022314 -0.00078281173576420597 0.00074846129874686087 0.001757920125965029 -0.0014736192639684305 5.3039993244138634e-05 0.0007726820694628142 -0.0017447804217226805 -0.00083607566054772842 0.00053347739815832876 0.00048235608098496285 0.00068446111928840937 -0.0010342814147796683 -0.00048031787122858484 0.00016453246215333869 0.00010528752331824595 0.0004278921438006884
leaf_weight=120 29 20 36 2729 86 22 33 61 23 35 278 36 446 37 31 40 20 25 33 31 22 22 52 21 22 42 27 38 27 56
leaf_count=120 29 20 36 2729 86 22 33 61 23 35 278 36 446 37 31 40 20 25 33 31 22 22 52 21 22 42 27 38 27 56
internal_value=-3.8005e-13 -3.37074e-06 1.79491e-05 -5.30167e-06 0.000419752 -4.37075e-05 0.000190238 -3.02891e-05 2.80654e-05 -2.19832e-05 -0.000234272 -5.93758e-05 -0.000164771 8.13748e-05 -1.93228e-05 3.94071e-05 -3.87256e-05 -0.000164407 0.000696391 -4.95636e-05 -0.000149916 -0.000616178 7.23711e-05 0.0010859 -9.02184e-05 -0.000454398 4.26441e-05 -0.000202357 0.000641434 -2.42017e-05
internal_weight=4500 4471 2925 2765 160 1546 119 1524 1185 1162 339 1100 629 471 434 403 363 310 53 285 254 82 172 41 593 91 49 60 62 502
internal_count=4500 4471 2925 2765 160 1546 119 1524 1185 1162 339 1100 629 471 434 403 363 310 53 285 254 82 172 41 593 91 49 60 62 502
is_linear=0
shrinkage=0.1


Tree=96
num_leaves=31
num_cat=0
split_feature=0 3 2 4 3 2 0 0 2 2 2 2 4 4 2 4 3 3 2 4 0 0 3 3 3 2 2 2 1 2
split_gain=0.000698562 0.00243576 0.00151891 0.00138982 0.00269699 0.00143373 0.000925122 0.00109089 0.00057239 0.00379336 0.00319112 0.00211567 0.00317276 0.00212177 0.0025036 0.00192245 0.00128063 0.00240162 0.000998695 0.00243171 0.00279961 0.000807584 0.000554331 0.00184419 0.000761216 0.00057385 0.00210975 0.00174852 0.00135348 0.00101254
threshold=285.00000000000006 649.16323852539074 6299.0000000000009 102.50000000000001 33.399991989135749 425.50000000000006 750.00000000000011 1200.0000000000002 249.50000000000003 203.50000000000003 274.50000000000006 180.00000000000003 130.50000000000003 109.50000000000001 130.00000000000003 152.50000000000003 47.448650360107429 29.42881011962891 90.500000000000014 64.500000000000014 592.50000000000011 1050.0000000000002 386.04205322265631 502.04142761230474 304.30772399902349 1058.5000000000002 641.00000000000011 1397.5000000000002 12.500000000000002 1926.0000000000002
decision_type=2 2 2 2 2 2 2 2 2 2 2 2 2 2 2 2 2 2 2 2 2 2 2 2 2 2 2 2 2 2
left_child=1 3 8 -1 -5 -6 -4 -8 9 11 -10 12 13 14 18 -14 17 -11 19 20 -2 -20 24 -24 25 26 -7 -27 29 -29
right_child=2 -3 6 4 5 22 7 -9 10 16 -12 -13 15 -15 -16 -17 -18 -19 21 -21 -22 -23 23 -25 -26 27 -28 28 -30 -31
leaf_value=0.00072286965752999975 -0.0010419102796974283 0.0010259528601246919 -0.00097442595676208537 -0.0010960119188807552 0.00072014287805124641 -0.0004036316618502107 0.00028299189915465515 -0.00067129111289978031 0.0010362319610430859 -0.00035786134381355213 5.2816450520258918e-07 0.00074224344110965885 -0.0014747747280837401 0.00091145308106206364 0.00085511376322568243 -0.00016722326928919013 -0.00029243173008176702 -0.0018354580553519061 -0.00017892089827607077 0.00083711505337110542 3.9045492055930564e-05 -0.00097659146393363539 0.00072364617737595192 -0.00021586801300549675 -0.00061395650554914034 -0.00074799649891621597 0.00077653863664829377 5.1378337491769349e-05 -0.00032922011443401854 0.0010059913479744864
leaf_weight=29 30 28 24 21 31 28 23 25 30 22 3555 37 23 27 29 22 36 22 30 28 119 22 39 45 24 34 33 25 39 20
leaf_count=29 30 28 24 21 31 28 23 25 30 22 3555 37 23 27 29 22 36 22 30 28 119 22 39 45 24 34 33 25 39 20
internal_value=-9.60611e-13 0.000126839 -1.22388e-05 5.8428e-05 1.58782e-06 7.40708e-05 -0.000467496 -0.000214031 -4.10925e-06 -0.000110812 9.19514e-06 2.51975e-05 -5.51985e-05 6.80113e-05 -2.02559e-05 -0.000835527 -0.000734757 -0.00109666 -0.000131111 -1.79191e-05 -0.000178597 -0.000516397 4.28604e-06 0.000220335 -8.51135e-05 -1.42072e-05 0.000234821 -0.000142942 0.000101961 0.000475651
internal_weight=4500 396 4104 368 339 318 72 48 4032 447 3585 367 330 285 258 45 80 44 229 177 149 52 287 84 203 179 61 118 84 45
internal_count=4500 396 4104 368 339 318 72 48 4032 447 3585 367 330 285 258 45 80 44 229 177 149 52 287 84 203 179 61 118 84 45
is_linear=0
shrinkage=0.1


Tree=97
num_leaves=31
num_cat=0
split_feature=2 0 3 3 2 0 2 0 2 0 2 2 2 2 0 0 0 4 2 3 3 3 2 3 2 2 4 2 2 2
split_gain=0.000864568 0.00449589 0.00269032 0.000675084 0.000432609 0.0065696 0.00159734 0.00119203 0.000969211 0.000725321 0.000672227 0.000893199 0.00182103 0.000875752 0.00264273 0.002008 0.000743862 0.000860228 0.00270529 0.00669111 0.00265535 0.00366362 0.00188687 0.00452216 0.00189233 0.00156037 0.00245263 0.00078346 0.00651283 0.00290962
threshold=5987.0000000000009 1050.0000000000002 624.28744506835949 661.89041137695324 4720.5000000000009 435.00000000000006 4611.0000000000009 750.00000000000011 5013.0000000000009 1200.0000000000002 4442.5000000000009 4221.0000000000009 4166.0000000000009 3942.5000000000005 1200.0000000000002 750.00000000000011 750.00000000000011 185.50000000000003 130.00000000000003 27.111128807067875 67.126049041748061 34.964979171752937 378.50000000000006 47.448650360107429 233.50000000000003 80.500000000000014 49.500000000000007 3517.0000000000005 3571.5000000000005 3405.5000000000005
decision_type=2 2 2 2 2 2 2 2 2 2 2 2 2 2 2 2 2 2 2 2 2 2 2 2 2 2 2 2 2 2
left_child=4 2 -2 -3 6 -6 10 -7 -9 -10 11 12 13 16 15 -15 17 18 25 -20 21 -19 23 24 -21 26 -1 29 -29 -18
right_child=1 3 -4 -5 5 7 -8 8 9 -11 -12 -13 -14 14 -16 -17 27 20 19 22 -22 -23 -24 -25 -26 -27 -28 28 -30 -31
leaf_value=-0.00032852702948730442 3.4451428412770231e-05 -0.00077772010974715361 0.0014013006762575565 -1.1187133495695888e-05 -0.0015440458411768337 0.00056710304044640795 0.00069315498068604168 -0.00041679888221254685 -0.00014699416873475496 0.00041457220314718461 -0.00032439752472922782 0.00037038258633401714 -0.0007349034984037965 0.0001432786212877973 -0.00044357333108564491 0.0012657397560542451 -4.0698857962527475e-05 -6.0405928997096381e-05 0.0017055741335830783 -0.00017241055320482701 4.9864507063814137e-05 -0.0017402812777436339 0.00070788081707980706 0.00089290547997128075 -0.0014995362340760906 -0.00069928540607280517 0.0010060426934311788 -0.0018474608871408484 4.0240424628050449e-05 0.00087792564316519677
leaf_weight=40 24 27 36 20 29 39 33 49 46 46 65 64 34 34 32 30 2318 37 35 22 1119 20 34 24 21 36 21 22 108 35
leaf_count=40 24 27 36 20 29 39 33 49 46 46 65 64 34 34 32 30 2318 37 35 22 1119 20 34 24 21 36 21 22 108 35
internal_value=-2.65828e-13 0.000280855 0.000854561 -0.000451536 -6.84076e-06 -0.000147248 1.72895e-07 7.77915e-05 -5.755e-05 0.000133789 -5.33624e-06 -2.60617e-07 -6.15847e-06 5.45011e-08 0.00029843 0.000669432 -7.30523e-06 5.07301e-05 0.00022627 0.00051404 1.59505e-05 -0.000649836 0.000101133 -0.00020677 -0.000820542 -0.000177201 0.000130915 -4.02379e-05 -0.000279217 -2.70347e-05
internal_weight=4500 107 60 47 4393 209 4184 180 141 92 4151 4086 4022 3988 96 64 3892 1409 233 136 1176 57 101 67 43 97 61 2483 130 2353
internal_count=4500 107 60 47 4393 209 4184 180 141 92 4151 4086 4022 3988 96 64 3892 1409 233 136 1176 57 101 67 43 97 61 2483 130 2353
is_linear=0
shrinkage=0.1


Tree=98
num_leaves=31
num_cat=0
split_feature=2 1 2 3 0 2 2 2 2 3 4 3 2 3 4 1 0 2 2 2 4 3 2 4 2 3 4 3 2 2
split_gain=0.000712251 0.000367303 0.00168592 0.000972053 0.00141432 0.00105663 0.000811479 0.000639797 0.00125793 0.000825083 0.00119331 0.000719674 0.000773796 0.000717785 0.00114774 0.000884515 0.00197385 0.000727699 0.000700695 0.00222554 0.00134192 0.000557044 0.000502306 0.000490215 0.000739989 0.000696608 0.000667629 0.000473504 0.00192956 0.0073957
threshold=6980.5000000000009 13.500000000000002 1461.5000000000002 581.18374633789074 1050.0000000000002 5782.5000000000009 1668.5000000000002 2646.5000000000005 2812.0000000000005 505.09704589843756 926.50000000000011 516.02780151367199 5013.0000000000009 237.4194259643555 813.50000000000011 14.500000000000002 1050.0000000000002 1966.5000000000002 4090.5000000000005 3908.5000000000005 1661.5000000000002 529.50790405273449 4018.5000000000005 1127.0000000000002 3517.0000000000005 400.46803283691412 1647.5000000000002 183.84635162353518 903.50000000000011 878.00000000000011
decision_type=2 2 2 2 2 2 2 2 2 2 2 2 2 2 2 2 2 2 2 2 2 2 2 2 2 2 2 2 2 2
left_child=1 27 -3 5 -5 6 -4 13 -9 10 -10 22 21 14 15 16 -8 -17 19 23 -20 -13 -11 -12 25 -25 -26 28 29 -1
right_child=-2 2 3 4 -6 -7 7 8 9 11 18 12 -14 -15 -16 17 -18 -19 20 -21 -22 -23 -24 24 26 -27 -28 -29 -30 -31
leaf_value=-2.2011676617547845e-05 0.00049398489424894599 0.00070771268142858683 -0.00049336777544037129 0.0008056210842874458 -0.00021209271289990284 -0.00068828238846353176 -0.00069709356215878814 -0.00062176224574531352 0.00035838401733516629 0.00093751712702214727 -0.00043877137251674078 -0.0005220701686994289 0.00049595555644303278 0.00060483586424679215 -0.00061014059065200854 0.00076234225850973472 0.00042593055404722692 0.00017383723308078268 -2.4016415092932146e-06 0.00095597599982284005 -0.00077486781705043875 0.00015925424619733048 0.00025228234128166075 -7.315166841158871e-05 -2.3001845440138943e-07 0.00062437551373891028 -0.00079022255151357974 1.7806912096619673e-05 -0.00021805731679714704 0.0017155297691933812
leaf_weight=1217 29 38 30 36 22 22 29 33 55 20 46 24 26 34 20 34 34 55 46 20 44 24 23 41 23 22 20 1898 510 25
leaf_count=1217 29 38 30 36 22 22 29 33 55 20 46 24 26 34 20 34 34 55 46 20 44 24 23 41 23 22 20 1898 510 25
internal_value=1.92848e-13 -3.20411e-06 5.72304e-05 2.56616e-05 0.000419592 -5.85281e-06 1.55035e-05 3.81872e-05 -2.65701e-05 1.86864e-05 -6.50795e-05 0.000245642 5.65846e-05 0.000184991 0.000101999 0.000195701 -9.10171e-05 0.000398659 -0.000153975 -3.56783e-05 -0.000380052 -0.000181408 0.000570996 -0.000166159 -4.78556e-05 0.000170429 -0.000367668 -1.67977e-05 -5.42861e-05 1.2963e-05
internal_weight=4500 4471 821 783 58 725 703 673 467 434 317 117 74 206 172 152 63 89 262 172 90 48 43 152 106 63 43 3650 1752 1242
internal_count=4500 4471 821 783 58 725 703 673 467 434 317 117 74 206 172 152 63 89 262 172 90 48 43 152 106 63 43 3650 1752 1242
is_linear=0
shrinkage=0.1


Tree=99
num_leaves=31
num_cat=0
split_feature=2 1 1 2 2 0 0 3 0 0 2 2 2 1 3 3 0 2 2 2 2 0 0 2 2 0 0 2 4 2
split_gain=0.000624851 0.00355577 0.00348863 0.00223321 0.000401021 0.00618288 0.00155055 0.00159531 0.00113146 0.00122671 0.000827373 0.000515279 0.000780962 0.000655282 0.000612031 0.00050834 0.000457563 0.00111878 0.000888104 0.00321056 0.000811704 0.000906637 0.00077725 0.000758252 0.000629347 0.00306353 0.00372504 0.00109853 0.00247161 0.00168056
threshold=5987.0000000000009 15.500000000000002 13.500000000000002 6492.0000000000009 4771.0000000000009 435.00000000000006 900.00000000000011 547.09054565429699 1200.0000000000002 1515.0000000000002 4611.0000000000009 4442.5000000000009 4331.0000000000009 14.500000000000002 581.18374633789074 540.16284179687511 1200.0000000000002 4018.5000000000005 3725.5000000000005 3540.0000000000005 3198.0000000000005 1515.0000000000002 1515.0000000000002 4195.0000000000009 3970.5000000000005 750.00000000000011 435.00000000000006 3804.0000000000005 2045.0000000000002 3621.5000000000005
decision_type=2 2 2 2 2 2 2 2 2 2 2 2 2 2 2 2 2 2 2 2 2 2 2 2 2 2 2 2 2 2
left_child=4 2 3 -2 10 -6 7 -7 -8 -10 11 12 16 14 -13 -12 24 18 19 20 -18 -22 -20 -19 27 26 -26 29 -29 -1
right_child=1 -3 -4 -5 5 6 8 -9 9 -11 15 13 -14 -15 -16 -17 17 23 22 -21 21 -23 -24 -25 25 -27 -28 28 -30 -31
leaf_value=9.5714187611532343e-06 0.00069845823396462957 -0.000729533372746768 0.0012722217088785806 -0.00077803791611499732 -0.0015501842066576637 0.0011174517702556841 -0.00056989838791196242 7.0611719510870404e-05 0.0005900946797518028 -0.00028383506546055692 0.00010623292196564412 -0.00086241925499685448 0.00049235910482821061 0.00016039125039242209 -0.00010603577829897404 0.00075162652292815242 -4.268661395808861e-05 -0.00088926112489739009 -3.6713531183825887e-05 -0.0010375097246651422 -4.733613797627088e-05 0.00065756162782943447 0.0007454148002175821 -8.1357758712588958e-05 0.0006184636206550447 0.00087138362513441189 -0.0011257023778744042 0.00018369009766112349 -0.0012153569365973059 0.00058969290196318096
leaf_weight=2394 20 28 38 21 27 24 40 37 29 36 26 23 32 22 20 23 1261 26 24 32 37 36 27 21 24 45 25 28 23 51
leaf_count=2394 20 28 38 21 27 24 40 37 29 36 26 23 32 22 20 23 1261 26 24 32 37 36 27 21 24 45 25 28 23 51
internal_value=-7.08769e-13 0.000238765 0.000581959 -5.77959e-05 -5.81558e-06 -0.00014676 8.15074e-05 0.000482483 -0.00015144 0.000106072 6.61164e-07 -4.16106e-06 2.82715e-07 -0.000283504 -0.000510613 0.000409173 -3.60146e-06 -4.82866e-05 -3.23658e-05 -4.76628e-05 -2.39183e-05 0.000300285 0.000377354 -0.000528283 2.16569e-05 0.000275668 -0.000271417 1.20907e-05 -0.000447253 2.16721e-05
internal_weight=4500 107 79 41 4393 193 166 61 105 65 4200 4151 4086 65 43 49 4054 1464 1417 1366 1334 73 51 47 2590 94 49 2496 51 2445
internal_count=4500 107 79 41 4393 193 166 61 105 65 4200 4151 4086 65 43 49 4054 1464 1417 1366 1334 73 51 47 2590 94 49 2496 51 2445
is_linear=0
shrinkage=0.1


end of trees

feature_importances:
Column_2=1550
Column_0=888
Column_4=274
Column_3=198
Column_1=90

parameters:
[boosting: gbdt]
[objective: regression]
[metric: l2]
[tree_learner: serial]
[device_type: cpu]
[data_sample_strategy: bagging]
[data: ]
[valid: ]
[num_iterations: 100]
[learning_rate: 0.1]
[num_leaves: 31]
[num_threads: 16]
[seed: 0]
[deterministic: 0]
[force_col_wise: 0]
[force_row_wise: 0]
[histogram_pool_size: -1]
[max_depth: -1]
[min_data_in_leaf: 20]
[min_sum_hessian_in_leaf: 0.001]
[bagging_fraction: 1]
[pos_bagging_fraction: 1]
[neg_bagging_fraction: 1]
[bagging_freq: 0]
[bagging_seed: 3]
[bagging_by_query: 0]
[feature_fraction: 1]
[feature_fraction_bynode: 1]
[feature_fraction_seed: 2]
[extra_trees: 0]
[extra_seed: 6]
[early_stopping_round: 0]
[early_stopping_min_delta: 0]
[first_metric_only: 0]
[max_delta_step: 0]
[lambda_l1: 0]
[lambda_l2: 0]
[linear_lambda: 0]
[min_gain_to_split: 0]
[drop_rate: 0.1]
[max_drop: 50]
[skip_drop: 0.5]
[xgboost_dart_mode: 0]
[uniform_drop: 0]
[drop_seed: 4]
[top_rate: 0.2]
[other_rate: 0.1]
[min_data_per_group: 100]
[max_cat_threshold: 32]
[cat_l2: 10]
[cat_smooth: 10]
[max_cat_to_onehot: 4]
[top_k: 20]
[monotone_constraints: ]
[monotone_constraints_method: basic]
[monotone_penalty: 0]
[feature_contri: ]
[forcedsplits_filename: ]
[refit_decay_rate: 0.9]
[cegb_tradeoff: 1]
[cegb_penalty_split: 0]
[cegb_penalty_feature_lazy: ]
[cegb_penalty_feature_coupled: ]
[path_smooth: 0]
[interaction_constraints: ]
[verbosity: 1]
[saved_feature_importance_type: 0]
[use_quantized_grad: 0]
[num_grad_quant_bins: 4]
[quant_train_renew_leaf: 0]
[stochastic_rounding: 1]
[linear_tree: 0]
[max_bin: 255]
[max_bin_by_feature: ]
[min_data_in_bin: 3]
[bin_construct_sample_cnt: 200000]
[data_random_seed: 1]
[is_enable_sparse: 1]
[enable_bundle: 1]
[use_missing: 1]
[zero_as_missing: 0]
[feature_pre_filter: 1]
[pre_partition: 0]
[two_round: 0]
[header: 0]
[label_column: ]
[weight_column: ]
[group_column: ]
[ignore_column: ]
[categorical_feature: ]
[forcedbins_filename: ]
[precise_float_parser: 0]
[parser_config_file: ]
[objective_seed: 5]
[num_class: 1]
[is_unbalance: 0]
[scale_pos_weight: 1]
[sigmoid: 1]
[boost_from_average: 1]
[reg_sqrt: 0]
[alpha: 0.9]
[fair_c: 1]
[poisson_max_delta_step: 0.7]
[tweedie_variance_power: 1.5]
[lambdarank_truncation_level: 30]
[lambdarank_norm: 1]
[label_gain: ]
[lambdarank_position_bias_regularization: 0]
[eval_at: ]
[multi_error_top_k: 1]
[auc_mu_weights: ]
[num_machines: 1]
[local_listen_port: 12400]
[time_out: 120]
[machine_list_filename: ]
[machines: ]
[gpu_platform_id: -1]
[gpu_device_id: -1]
[gpu_use_dp: 0]
[num_gpu: 1]

end of parameters

pandas_categorical:null
