tree
version=v4
num_class=1
num_tree_per_iteration=1
label_index=0
max_feature_idx=8
objective=regression
feature_names=Column_0 Column_1 Column_2 Column_3 Column_4 Column_5 Column_6 Column_7 Column_8
feature_infos=[210:1740] [1:16] [10:8178] [0:1013] [10:2048] [1:256] [30:119960] [0:891.19256591796875] [30:2048]
tree_sizes=2781 2802 2798 2808 2814 2811 2811 2820 2824 2823 2829 2832 2827 2825 2835 2833 2833 2839 2836 2852 2851 2856 2854 2868 2878 2888 2888 2887 2895 2890 2891 2895 2894 2904 2916 2918 2934 2908 2923 2920 2931 2917 2942 2957 2944 2944 2933 2961 2944 2946 2954 2923 2940 2951 2938 2974 2948 2956 2977 2925 2939 2956 2928 2941 2934 2914 2936 2919 2929 2924 2933 2920 2938 2922 2918 2952 2918 2925 2965 2920 2908 2944 2952 2925 2944 2942 2932 2920 2901 2942 2930 2922 2927 2904 2921 2949 2908 2916 2938 2936

Tree=0
num_leaves=31
num_cat=0
split_feature=2 0 0 2 2 2 0 0 2 2 0 0 2 0 5 2 0 2 0 2 5 2 2 2 2 0 0 2 0 6
split_gain=3711.87 1254.87 887.963 458.064 357.109 201.452 145.468 106.308 90.6481 90.3392 76.758 63.9883 55.6578 55.0781 54.0911 44.0874 38.2418 35.7275 33.1336 26.6756 24.8855 22.9598 21.3022 16.7158 16.2126 13.9583 12.0731 11.6416 11.2942 9.96477
threshold=1388.5000000000002 592.50000000000011 592.50000000000011 601.50000000000011 3101.5000000000005 601.50000000000011 285.00000000000006 1050.0000000000002 2771.0000000000005 215.50000000000003 1050.0000000000002 1050.0000000000002 136.50000000000003 285.00000000000006 115.50000000000001 2910.5000000000005 285.00000000000006 2025.5000000000002 1050.0000000000002 4214.5000000000009 99.500000000000014 1973.0000000000002 4807.5000000000009 4284.5000000000009 936.50000000000011 435.00000000000006 1050.0000000000002 1073.5000000000002 285.00000000000006 40677.500000000007
decision_type=2 2 2 2 2 2 2 2 2 2 2 2 2 2 2 2 2 2 2 2 2 2 2 2 2 2 2 2 2 2
left_child=2 6 5 9 7 12 15 21 25 14 22 27 20 -7 -4 -2 -14 -9 -11 -12 -1 -3 -6 -10 -13 -8 -16 -5 -22 -20
right_child=1 4 3 11 10 13 8 17 23 18 19 24 16 -15 26 -17 -18 -19 29 -21 28 -23 -24 -25 -26 -27 -28 -29 -30 -31
leaf_value=-0.95975705785086396 -0.67263147587476013 -0.82256699113114795 -1.0347696417837446 -0.87713467303847259 -0.75165284590584291 -0.73211832094753793 -0.72695695258818316 -0.86677499730054064 -0.69792942290248505 -0.92420239437599006 -0.80033722478270664 -0.92582976097749481 -0.79903622266092467 -0.80228532937906816 -0.94985703357426987 -0.61056104928817079 -0.86585856458817023 -0.8334174710756681 -0.98365100447239529 -0.7669483262549911 -0.84088026506474522 -0.78822114653667408 -0.71121019336936464 -0.65838768138617065 -0.89819265920534752 -0.76123658400573435 -0.98992657615870039 -0.84697195980143269 -0.90714881723186847 -0.95427104652229799
leaf_weight=67 279 314 281 330 440 172 218 540 294 289 511 351 127 320 122 194 263 792 207 450 41 512 185 168 537 261 196 209 69 261
leaf_count=67 279 314 281 330 440 172 218 540 294 289 511 351 127 320 122 194 263 792 207 450 41 512 185 168 537 261 196 209 69 261
internal_value=-0.8281 -0.772674 -0.902511 -0.932167 -0.802986 -0.824577 -0.692414 -0.829463 -0.715154 -0.973786 -0.766961 -0.892619 -0.865205 -0.777755 -1.0028 -0.647173 -0.844098 -0.846941 -0.950826 -0.784702 -0.911712 -0.801278 -0.739682 -0.683551 -0.909117 -0.745635 -0.974554 -0.865439 -0.882449 -0.967266
internal_weight=9000 5158 3842 2783 3744 1059 1414 2158 941 1356 1586 1427 567 492 599 473 390 1332 757 961 177 826 625 462 888 479 318 539 110 468
internal_count=9000 5158 3842 2783 3744 1059 1414 2158 941 1356 1586 1427 567 492 599 473 390 1332 757 961 177 826 625 462 888 479 318 539 110 468
is_linear=0
shrinkage=1


Tree=1
num_leaves=31
num_cat=0
split_feature=2 0 0 2 2 2 0 0 2 0 0 2 0 0 2 6 2 2 0 2 2 2 2 2 5 2 2 6 2 0
split_gain=3013.49 1093.97 661.534 344.722 305.738 131.774 124.688 89.1888 84.8092 71.585 53.7412 50.8091 44.6239 42.2936 42.0143 32.7017 32.2072 30.0582 27.8063 25.0262 23.0603 22.9604 20.8834 14.1931 13.9638 13.9247 13.1339 12.978 12.5191 9.74304
threshold=1253.5000000000002 592.50000000000011 592.50000000000011 2842.0000000000005 446.50000000000006 503.50000000000006 285.00000000000006 1050.0000000000002 2728.0000000000005 1050.0000000000002 1050.0000000000002 119.50000000000001 285.00000000000006 285.00000000000006 2556.5000000000005 48446.000000000007 1891.5000000000002 4083.5000000000005 900.00000000000011 136.50000000000003 1791.5000000000002 4284.5000000000009 717.00000000000011 4171.5000000000009 127.50000000000001 1952.5000000000002 168.50000000000003 39178.000000000007 781.50000000000011 435.00000000000006
decision_type=2 2 2 2 2 2 2 2 2 2 2 2 2 2 2 2 2 2 2 2 2 2 2 2 2 2 2 2 2 2
left_child=2 6 5 7 11 13 14 20 25 21 28 15 -7 26 -2 -4 -9 -11 -13 24 -3 -5 -12 -10 -15 -8 -1 -20 -6 -14
right_child=1 3 4 9 10 12 8 16 23 17 22 18 29 19 -16 -17 -18 -19 27 -21 -22 -23 -24 -25 -26 -27 -28 -29 -30 -31
leaf_value=-0.030504188829497115 0.13222680606004847 -0.0032215152308579112 -0.19628395143121777 0.062018917702339797 -0.061892889196222482 0.077775814444382002 0.054777407640534827 -0.041688647976723212 0.1155226993891928 0.020508713613271067 -0.10576032241870617 -0.090839627291026875 0.028942646077844539 -0.13187566317360977 0.19014222736159961 -0.13565716424828056 -0.010344617338587847 0.053621010473261968 -0.15360623344910884 -0.03924853121973218 0.030900841201003004 0.099215125295351148 -0.073207531743417917 0.15101933015359414 -0.062180995235317629 0.087509392830543223 0.025525728751886259 -0.12238437755976195 -0.030763729775961215 -0.0060425117012022789
leaf_weight=73 262 323 202 444 220 161 264 580 288 616 290 190 178 58 240 159 754 494 226 209 512 265 615 185 57 256 98 324 313 144
leaf_count=73 262 323 202 444 220 161 264 580 288 616 290 190 178 58 240 159 754 494 226 209 512 265 615 185 57 256 98 324 313 144
internal_value=6.10786e-11 0.0463437 -0.0722497 0.018995 -0.0991668 -0.00236989 0.119298 -0.00792927 0.0987641 0.0510998 -0.0688029 -0.138825 0.03479 -0.038629 0.159915 -0.169581 -0.0239725 0.0352452 -0.12382 -0.0598643 0.0177014 0.0759216 -0.0836388 0.129406 -0.0973313 0.0708916 0.00160652 -0.135214 -0.0436125 0.0132971
internal_weight=9000 5483 3517 3988 2539 978 1495 2169 993 1819 1438 1101 483 495 502 361 1334 1110 740 324 835 709 905 473 115 520 171 550 533 322
internal_count=9000 5483 3517 3988 2539 978 1495 2169 993 1819 1438 1101 483 495 502 361 1334 1110 740 324 835 709 905 473 115 520 171 550 533 322
is_linear=0
shrinkage=0.1


Tree=2
num_leaves=31
num_cat=0
split_feature=2 0 0 2 2 0 2 2 2 2 2 0 2 0 5 0 0 0 0 5 0 0 2 2 0 0 2 2 6 2
split_gain=2442.27 831.919 582.414 302.37 206.674 165.295 134.363 60.2048 56.5421 56.1532 45.8746 45.7971 39.3706 32.5973 32.3231 30.1826 25.9406 24.6644 22.8365 20.5082 19.4311 17.0845 14.5336 12.5622 12.3796 9.45369 9.16557 9.13768 8.08582 7.87187
threshold=1388.5000000000002 750.00000000000011 592.50000000000011 552.50000000000011 2649.5000000000005 435.00000000000006 642.50000000000011 3433.5000000000005 3433.5000000000005 158.50000000000003 3861.5000000000005 1050.0000000000002 168.50000000000003 285.00000000000006 115.50000000000001 1200.0000000000002 285.00000000000006 1050.0000000000002 285.00000000000006 99.500000000000014 1200.0000000000002 1200.0000000000002 908.50000000000011 2090.5000000000005 285.00000000000006 435.00000000000006 1851.5000000000002 849.50000000000011 42948.000000000007 1973.0000000000002
decision_type=2 2 2 2 2 2 2 2 2 2 2 2 2 2 2 2 2 2 2 2 2 2 2 2 2 2 2 2 2 2
left_child=2 5 6 9 15 8 12 23 18 14 20 27 19 -8 -4 -3 -14 -11 29 -1 -6 -12 -13 -7 -10 -21 -17 -5 -19 -2
right_child=1 4 3 11 10 7 13 -9 24 17 21 22 16 -15 -16 26 -18 28 -20 25 -22 -23 -24 -25 -26 -27 -28 -29 -30 -31
leaf_value=-0.10546533419688542 0.10935463200012843 0.003220338398882366 -0.1749161605813862 -0.04876462997916417 0.037732539695992502 0.034324494424050278 0.07928195678017623 0.1038647940188098 0.18635132667866161 -0.082562497192789408 0.069610024787694139 -0.082672212243080134 0.027773761311173442 0.023660885544350033 -0.12216528334876982 -0.039215392647844974 -0.027490465722940779 -0.13233036989588373 0.091918983303132612 -0.019708540401465836 0.0093724376218306416 0.040891114935346938 -0.057297282882783775 0.062862959592490192 0.1445938337099302 -0.074978453407482229 -0.017624940325985414 -0.021951447066768034 -0.10668479123689834 0.14140620338466933
leaf_weight=75 120 633 226 195 449 264 163 326 141 319 393 375 125 298 239 314 265 223 305 84 523 438 567 371 143 49 526 365 274 212
leaf_count=75 120 633 226 195 449 264 163 326 141 319 393 375 125 298 239 314 265 223 305 84 523 438 567 371 143 49 526 365 274 212
internal_value=1.41107e-11 0.0449587 -0.0603584 -0.084376 0.0145192 0.0979448 0.00275853 0.0689321 0.128218 -0.120068 0.0372217 -0.0539354 -0.0285161 0.0433273 -0.147803 -0.0132694 -0.00977757 -0.104263 0.111673 -0.0636508 0.0224729 0.054473 -0.0673988 0.0509981 0.165326 -0.0400711 -0.0256957 -0.0312882 -0.118192 0.129821
internal_weight=9000 5158 3842 2783 3276 1882 1059 961 921 1281 1803 1502 598 461 465 1473 390 816 637 208 972 831 942 635 284 133 840 560 497 332
internal_count=9000 5158 3842 2783 3276 1882 1059 961 921 1281 1803 1502 598 461 465 1473 390 816 637 208 972 831 942 635 284 133 840 560 497 332
is_linear=0
shrinkage=0.1


Tree=3
num_leaves=31
num_cat=0
split_feature=2 0 0 2 2 0 0 2 2 2 5 2 0 0 2 0 2 0 2 0 5 2 0 2 0 2 2 0 0 2
split_gain=1984.76 726.481 441.262 224.93 203.571 142.526 68.6748 56.9362 56.2524 52.0827 43.7164 41.5784 35.6747 26.4927 23.279 19.4068 18.3984 16.7824 16.146 14.9926 14.6039 11.9824 11.97 11.3025 10.8669 10.7785 9.33442 8.82402 7.22458 6.71894
threshold=1253.5000000000002 750.00000000000011 435.00000000000006 382.50000000000006 2556.5000000000005 435.00000000000006 900.00000000000011 2649.5000000000005 240.50000000000003 3043.5000000000005 62.500000000000007 3750.5000000000005 750.00000000000011 1200.0000000000002 703.50000000000011 285.00000000000006 717.00000000000011 1200.0000000000002 158.50000000000003 1200.0000000000002 99.500000000000014 3999.5000000000005 285.00000000000006 734.50000000000011 1200.0000000000002 1675.0000000000002 1772.5000000000002 1357.5000000000002 285.00000000000006 5388.5000000000009
decision_type=2 2 2 2 2 2 2 2 2 2 2 2 2 2 2 2 2 2 2 2 2 2 2 2 2 2 2 2 2 2
left_child=2 5 8 10 13 9 23 -7 20 15 18 17 -12 26 -8 -2 -10 -6 -4 -13 -1 -9 -11 -5 -14 -15 -3 -16 -18 -21
right_child=1 4 3 6 11 7 14 21 16 22 12 19 24 25 27 -17 28 -19 -20 29 -22 -23 -24 -25 -26 -27 -28 -29 -30 -31
leaf_value=-0.072478824487475099 0.11212995398961581 -0.013408963790571294 -0.16888284443969459 -0.040443592156589152 0.032355409376161604 0.036269609978370532 -0.085985290848073506 0.069921400632177083 0.01372305711000643 0.16180806692037208 -0.062510461416376298 0.061891213800918547 -0.096996586850366079 -0.042282632107918078 -0.045528947715849984 0.076479189263449779 0.070307816666061604 0.0063333088829970064 -0.12039546343616975 0.029259538394592478 -0.012301489205037033 0.10110791466452861 0.12543093816654102 -0.012153744085854483 -0.12318444332419254 -0.019393450927065643 0.0098936262149719473 -0.067171146400234236 0.035240194714094841 0.057295682361083372
leaf_weight=61 325 329 142 256 461 515 420 280 246 177 199 418 296 312 368 288 118 536 133 361 119 220 185 315 341 604 360 386 117 112
leaf_count=61 325 329 142 256 461 515 420 280 246 177 199 418 296 312 368 288 118 536 133 361 119 220 185 315 341 604 360 386 117 112
internal_value=-1.3949e-10 0.0376106 -0.0586348 -0.0756754 0.010136 0.085836 -0.0532828 0.0596065 0.0149928 0.113142 -0.110846 0.0323945 -0.0994695 -0.0160471 -0.067118 0.0953805 0.0328385 0.0183656 -0.145433 0.0480924 -0.0326949 0.0836435 0.143218 -0.0248371 -0.111016 -0.0271898 -0.00123345 -0.0566084 0.0528486 0.0358981
internal_weight=9000 5483 3517 2856 3493 1990 1745 1015 661 975 1111 1888 836 1605 1174 613 481 997 275 891 180 500 362 571 637 916 689 754 235 473
internal_count=9000 5483 3517 2856 3493 1990 1745 1015 661 975 1111 1888 836 1605 1174 613 481 997 275 891 180 500 362 571 637 916 689 754 235 473
is_linear=0
shrinkage=0.1


Tree=4
num_leaves=31
num_cat=0
split_feature=2 0 0 2 2 2 0 0 2 2 0 0 5 0 0 2 2 0 2 2 2 2 2 2 2 2 5 0 0 0
split_gain=1608.93 530.809 414.523 220.366 141.124 99.0421 57.7793 46.3499 46.1234 36.1245 32.9535 30.0903 27.5661 27.0702 26.3719 19.3352 18.8576 16.4986 16.3196 13.4584 10.8832 9.30679 8.53062 8.39908 8.32998 8.09848 7.65825 6.76954 6.55164 6.26251
threshold=1483.5000000000002 592.50000000000011 592.50000000000011 615.50000000000011 3151.5000000000005 601.50000000000011 285.00000000000006 900.00000000000011 252.50000000000003 3180.0000000000005 1050.0000000000002 1200.0000000000002 145.50000000000003 285.00000000000006 285.00000000000006 3682.5000000000005 119.50000000000001 1357.5000000000002 2251.5000000000005 5139.0000000000009 4912.5000000000009 1073.5000000000002 1073.5000000000002 73.500000000000014 1973.0000000000002 90.500000000000014 151.50000000000003 1357.5000000000002 1357.5000000000002 1050.0000000000002
decision_type=2 2 2 2 2 2 2 2 2 2 2 2 2 2 2 2 2 2 2 2 2 2 2 2 2 2 2 2 2 2
left_child=2 6 5 8 7 13 15 -3 12 24 20 22 25 23 -7 -2 26 -10 28 -12 -6 -13 -5 -1 -8 -4 -15 -20 -9 -14
right_child=1 4 3 11 10 14 9 18 17 -11 19 21 29 16 -16 -17 -18 -19 27 -21 -22 -23 -24 -25 -26 -27 -28 -29 -30 -31
leaf_value=-0.035591192914810228 0.1088055265661496 0.026319261121257782 -0.14784426745578383 -0.035941056228051826 0.051241295622889274 0.064665737302647422 0.043001480996608735 -0.0081439810500820286 -0.065957150253273505 0.10204126243888488 0.023086474687582462 -0.06553883554099442 -0.071786082657900721 -0.097846243996173143 0.018994375239650335 0.15617635445348149 -0.026432771180774885 -0.097715217475743257 0.012226316326471363 0.052361591324210172 0.081540303557743277 -0.043607492894317312 -0.0148052347114881 0.017006478510451634 0.069480397942903879 -0.11882081675957137 -0.040693818797936314 -0.0069196304012616094 -0.026484903953520652 -0.1022022464058616
leaf_weight=38 335 539 169 434 442 194 175 367 447 353 731 385 110 64 363 116 277 258 377 200 162 389 341 151 370 223 37 362 415 176
leaf_count=38 335 539 169 434 442 194 175 367 447 353 731 385 110 64 363 116 277 258 377 200 162 389 341 151 370 223 37 362 415 176
internal_value=-1.73976e-13 0.0382963 -0.0466807 -0.0664744 0.0182245 0.00495188 0.0917864 0.00112156 -0.0954882 0.0771198 0.041177 -0.0405699 -0.11411 -0.0244695 0.0349015 0.12099 -0.0399199 -0.0775793 -0.0078078 0.0293754 0.0593679 -0.0545165 -0.0266413 0.00643129 0.060978 -0.131333 -0.0769092 0.00284765 -0.0178773 -0.0905037
internal_weight=9000 4944 4056 2932 3595 1124 1349 2060 1383 898 1535 1549 678 567 557 451 378 705 1521 931 604 774 775 189 545 392 101 739 782 286
internal_count=9000 4944 4056 2932 3595 1124 1349 2060 1383 898 1535 1549 678 567 557 451 378 705 1521 931 604 774 775 189 545 392 101 739 782 286
is_linear=0
shrinkage=0.1


Tree=5
num_leaves=31
num_cat=0
split_feature=2 0 0 2 2 0 0 2 2 2 5 2 2 0 0 0 2 6 2 2 2 0 2 2 0 0 2 6 0 5
split_gain=1307.98 488.688 290.657 148.943 138.357 97.5185 51.1958 38.4866 37.2117 37.0409 30.6417 26.5173 21.508 18.8028 14.5995 14.2517 12.0118 10.9798 10.4863 10.2379 10.1236 9.79693 8.76356 8.31532 7.20405 6.78773 6.70853 6.68754 5.79619 5.73085
threshold=1239.5000000000002 750.00000000000011 435.00000000000006 292.50000000000006 2649.5000000000005 435.00000000000006 900.00000000000011 2665.5000000000005 226.50000000000003 2603.5000000000005 115.50000000000001 4384.0000000000009 627.50000000000011 1357.5000000000002 1357.5000000000002 1050.0000000000002 781.50000000000011 23323.000000000004 4544.5000000000009 1740.5000000000002 703.50000000000011 285.00000000000006 111.50000000000001 4490.5000000000009 1200.0000000000002 285.00000000000006 1740.5000000000002 45168.500000000007 750.00000000000011 96.500000000000014
decision_type=2 2 2 2 2 2 2 2 2 2 2 2 2 2 2 2 2 2 2 2 2 2 2 2 2 2 2 2 2 2
left_child=2 5 8 10 13 9 20 -7 17 21 22 14 29 19 -6 -12 -10 -1 25 -3 -5 -2 -4 -9 -13 -11 -15 -14 -24 -8
right_child=1 4 3 6 11 7 12 23 16 18 15 24 27 26 -16 -17 -18 -19 -20 -21 -22 -23 28 -25 -26 -27 -28 -29 -30 -31
leaf_value=-0.070689020202156491 0.085806974903085184 -0.015236310838158448 -0.13129598953221974 -0.036272879003775342 0.027858208561347988 0.029353639924201577 -0.089867262890238969 0.059475767172895003 0.013649217780624258 0.11706005097752777 -0.060645354817353607 0.058157098822055324 -0.057786809907830444 -0.036594762701009004 0.0058007153173299476 -0.095088501659131824 0.046027029819648575 -0.01295208418910669 0.13708577664172064 0.005653792858614959 -0.010989874611484929 0.05745693063735962 -0.069587591222741385 0.087560900091345803 0.03508693918885801 0.089894020366158719 -0.017080089393022812 -0.039837009034105031 -0.11003247430691353 -0.066627196184138662
leaf_weight=44 266 408 190 302 762 529 167 339 291 181 233 248 386 280 495 248 189 131 122 552 333 225 44 153 298 187 475 449 182 291
leaf_count=44 266 408 190 302 762 529 167 339 291 181 233 248 386 280 495 248 189 131 122 552 333 225 44 153 298 187 475 449 182 291
internal_value=1.4453e-10 0.0302691 -0.048013 -0.0619289 0.0078235 0.0697114 -0.0462671 0.0480775 0.0120061 0.0922273 -0.0955923 0.0271648 -0.0576867 -0.0125103 0.0191721 -0.078404 0.026398 -0.0274688 0.111679 -0.0032245 -0.0230142 0.0728156 -0.115466 0.0682096 0.0455657 0.103256 -0.0243173 -0.0481348 -0.102158 -0.0751012
internal_weight=9000 5520 3480 2825 3518 2002 1928 1021 655 981 897 1803 1293 1715 1257 481 480 175 490 960 635 491 416 492 546 368 755 835 226 458
internal_count=9000 5520 3480 2825 3518 2002 1928 1021 655 981 897 1803 1293 1715 1257 481 480 175 490 960 635 491 416 492 546 368 755 835 226 458
is_linear=0
shrinkage=0.1


Tree=6
num_leaves=31
num_cat=0
split_feature=2 0 0 2 2 2 0 0 0 0 2 0 5 2 2 2 2 2 2 0 2 6 5 5 0 2 5 0 4 0
split_gain=1061.53 352.71 278.972 132.419 96.0074 84.5359 38.0123 36.2911 32.6229 25.1786 23.6191 20.264 20.228 16.3617 15.5305 14.1763 13.688 12.874 10.6162 10.2807 8.78465 7.37733 6.74676 6.69434 6.66592 6.14368 5.98995 5.21575 4.79002 4.72769
threshold=1483.5000000000002 592.50000000000011 750.00000000000011 490.50000000000006 3406.5000000000005 490.50000000000006 285.00000000000006 900.00000000000011 285.00000000000006 285.00000000000006 3300.5000000000005 900.00000000000011 138.50000000000003 865.50000000000011 168.50000000000003 2391.5000000000005 3433.5000000000005 90.500000000000014 5730.0000000000009 1357.5000000000002 894.50000000000011 19979.500000000004 123.50000000000001 119.50000000000001 435.00000000000006 2127.5000000000005 149.50000000000003 435.00000000000006 104.50000000000001 1357.5000000000002
decision_type=2 2 2 2 2 2 2 2 2 2 2 2 2 2 2 2 2 2 2 2 2 2 2 2 2 2 2 2 2 2
left_child=2 6 5 12 7 9 16 25 -7 26 24 -6 14 23 -4 -9 -2 21 29 -15 -10 -11 -19 -5 -8 -3 28 -22 -1 -13
right_child=1 4 3 13 11 8 10 15 20 17 -12 18 -14 19 -16 -17 -18 22 -20 -21 27 -23 -24 -25 -26 -27 -28 -29 -30 -31
leaf_value=-0.038585414183001189 0.086646941063865543 0.010842418599913412 -0.11708557153822946 -0.065037338185310364 0.05823414238982895 0.051330943847144095 0.061876586034949804 -0.013432716991329335 -0.0065367456904014704 -0.11668014973402024 0.083988722189363235 0.032092305229188087 -0.069778565411744681 -0.022439287299084839 -0.083790673736743301 0.004921421632385679 0.12422789943979143 -0.048206046133365009 0.054901154950368319 -0.042935418610828072 0.033761517929493411 -0.057320258147027119 -0.020508663091962157 -0.043167552487842695 0.040137215209719933 0.031507141072795078 0.024179513353618398 0.0076710442560318035 0.0067265703950040783 0.016981810123477246
leaf_weight=43 310 235 244 250 323 216 267 918 289 28 332 444 458 553 329 777 141 163 139 439 122 83 191 318 299 371 73 206 51 388
leaf_count=43 310 235 244 250 323 216 267 918 289 28 332 444 458 553 329 777 141 163 139 439 122 83 191 318 299 371 73 206 51 388
internal_value=3.50038e-11 0.0311067 -0.0379171 -0.0576375 0.0147451 -0.0030395 0.0747094 0.00249015 0.0178842 -0.0306177 0.0628133 0.036537 -0.0854458 -0.0392591 -0.0979686 -0.00501905 0.0983962 -0.0425793 0.0293195 -0.0315097 0.00617507 -0.0722939 -0.033262 -0.0527933 0.0503924 0.0234936 0.00268854 0.0173754 -0.0140013 0.0250456
internal_weight=9000 4944 4056 2591 3595 1465 1349 2301 833 632 898 1294 1031 1560 573 1695 451 465 971 992 617 111 354 568 566 606 167 328 94 832
internal_count=9000 4944 4056 2591 3595 1465 1349 2301 833 632 898 1294 1031 1560 573 1695 451 465 971 992 617 111 354 568 566 606 167 328 94 832
is_linear=0
shrinkage=0.1


Tree=7
num_leaves=31
num_cat=0
split_feature=2 0 0 2 2 0 2 2 0 2 0 5 5 2 2 0 2 2 2 0 0 2 0 0 6 0 0 0 2 0
split_gain=862.328 322.678 194.551 91.4849 79.9444 64.7224 52.3524 26.5301 26.4957 26.1329 17.5781 17.1565 16.3194 14.5221 14.2686 9.64702 9.15476 8.58913 8.25547 7.54131 7.25361 7.10724 7.01294 6.98414 5.97304 5.9291 5.68455 5.26163 4.71014 4.5828
threshold=1239.5000000000002 750.00000000000011 750.00000000000011 2931.5000000000005 333.50000000000006 435.00000000000006 304.50000000000006 2305.5000000000005 435.00000000000006 2519.0000000000005 1200.0000000000002 151.50000000000003 74.500000000000014 5280.0000000000009 754.50000000000011 1357.5000000000002 4807.5000000000009 1929.5000000000002 1973.0000000000002 285.00000000000006 1357.5000000000002 5139.0000000000009 1357.5000000000002 285.00000000000006 12991.500000000002 285.00000000000006 285.00000000000006 1357.5000000000002 818.50000000000011 285.00000000000006
decision_type=2 2 2 2 2 2 2 2 2 2 2 2 2 2 2 2 2 2 2 2 2 2 2 2 2 2 2 2 2 2
left_child=2 5 6 10 12 7 11 25 23 -7 18 24 -4 15 20 -5 26 -12 -3 -13 -6 -11 -16 -8 -1 -2 -9 -14 -10 -26
right_child=1 3 4 13 14 9 8 16 28 21 17 19 27 -15 22 -17 -18 -19 -20 -21 -22 -23 -24 -25 29 -27 -28 -29 -30 -31
leaf_value=-0.078411142607078418 0.06636086794248236 -0.0072343587930199516 -0.10626117578887065 0.027832869901037741 -0.045196879865601662 0.021917793212728909 0.036999266011137254 0.094362905066766783 -0.020234101883421143 0.048759971439838415 -0.02548219174446725 0.018640746284614911 -0.065529783032362982 0.047300812321119629 -0.025539845151335828 0.010015089409105263 0.11672357065337045 -0.0079907172989256807 0.012210370033605981 -0.025740163878626411 -0.066317267237353497 0.078992866835695633 -0.044664978233775091 0.01172727157924907 -0.016012622856879204 0.042170201144257534 0.072431585833060849 -0.085512849029186558 0.0024542761066173816 -0.052299476889046764
leaf_weight=66 227 414 218 754 400 477 211 231 248 450 509 55 316 244 438 509 98 626 462 126 274 94 341 227 46 183 242 226 145 143
leaf_count=66 227 414 218 754 400 477 211 231 248 450 509 55 316 244 438 509 98 626 462 126 274 94 341 227 46 183 242 226 145 143
internal_value=1.33268e-11 0.0245773 -0.0389848 0.00633843 -0.0568753 0.0566275 -0.00773624 0.0749707 0.00698766 0.039003 -0.00762131 -0.0357995 -0.0831556 0.0249669 -0.0431293 0.0206521 0.0889058 -0.0158349 0.00302074 -0.0122543 -0.0537829 0.053984 -0.0339117 0.0239017 -0.0525119 0.0555636 0.0831422 -0.0738622 -0.0118631 -0.0434678
internal_weight=9000 5520 3480 3518 2213 2002 1267 981 831 1021 2011 436 760 1507 1453 1263 571 1135 876 181 674 544 779 438 255 410 473 542 393 189
internal_count=9000 5520 3480 3518 2213 2002 1267 981 831 1021 2011 436 760 1507 1453 1263 571 1135 876 181 674 544 779 438 255 410 473 542 393 189
is_linear=0
shrinkage=0.1


Tree=8
num_leaves=31
num_cat=0
split_feature=2 0 0 2 2 0 2 0 0 5 0 2 0 2 2 2 2 2 2 6 2 0 2 5 2 2 0 2 6 2
split_gain=701.443 231.241 189.254 113.724 61.9217 32.6048 29.0076 25.5462 24.5526 21.7816 15.6478 14.7191 13.1462 11.9168 10.9571 9.55867 8.89638 7.38733 6.50099 5.55117 4.97399 4.82052 4.81744 4.80451 4.57684 4.28076 4.06552 3.72822 3.64582 3.61004
threshold=1545.0000000000002 592.50000000000011 435.00000000000006 476.50000000000006 3496.5000000000005 900.00000000000011 717.00000000000011 1050.0000000000002 285.00000000000006 89.500000000000014 1050.0000000000002 3518.5000000000005 900.00000000000011 158.50000000000003 1045.5000000000002 4083.5000000000005 168.50000000000003 2391.5000000000005 5730.0000000000009 36731.000000000007 922.50000000000011 1357.5000000000002 2266.5000000000005 108.50000000000001 1993.5000000000002 148.50000000000003 285.00000000000006 44.500000000000007 35977.000000000007 2090.5000000000005
decision_type=2 2 2 2 2 2 2 2 2 2 2 2 2 2 2 2 2 2 2 2 2 2 2 2 2 2 2 2 2 2
left_child=2 8 6 9 7 20 16 22 15 13 27 24 -6 -4 23 29 19 -9 -14 -1 -5 -15 -3 -7 -10 -12 -8 -11 -18 -2
right_child=1 4 3 5 12 14 26 17 11 10 25 -13 18 21 -16 -17 28 -19 -20 -21 -22 -23 -24 -25 -26 -27 -28 -29 -30 -31
leaf_value=-0.05233661434117784 0.060035687709642842 0.0076730743833094001 -0.099608555390048273 -0.016702830080624103 0.048753479338083112 -0.052317897130231383 0.045959474816751146 -0.012497292332695044 0.028600568177155505 -0.065031037569046032 -0.078554864691363441 0.070440097440933366 0.021190575728214613 -0.057738484862101015 -0.025006783487261236 0.1127231437426347 -0.0086660504112533263 0.0019693587834449799 0.044680958139381825 -0.0095980473970019714 0.00064891712600693215 -0.086057035989231534 0.022548337815344099 -0.035940234272092718 0.048354334722546972 -0.058631119126502464 0.024520821671332692 -0.035854676461573455 0.014697362942296375 0.081219840347766886
leaf_weight=47 121 381 194 309 305 305 181 726 162 50 180 290 773 181 665 78 103 687 139 86 355 90 508 434 425 269 173 353 190 240
leaf_count=47 121 381 194 309 305 305 181 726 162 50 180 290 773 181 665 78 103 687 139 86 355 90 508 434 425 269 173 353 190 240
internal_value=9.52317e-11 0.025911 -0.0300792 -0.0403117 0.0125373 -0.0256844 0.0143274 0.00289223 0.0616725 -0.06328 -0.0537792 0.0520086 0.0307812 -0.0806879 -0.0343195 0.0809783 -0.00325201 -0.00546361 0.0247708 -0.0247012 -0.00742592 -0.0671432 0.0161732 -0.0426996 0.0429027 -0.0666184 0.0354824 -0.0394746 0.00648429 0.0741193
internal_weight=9000 4835 4165 3385 3519 2068 780 2302 1316 1317 852 877 1217 465 1404 439 426 1413 912 133 664 271 889 739 587 449 354 403 293 361
internal_count=9000 4835 4165 3385 3519 2068 780 2302 1316 1317 852 877 1217 465 1404 439 426 1413 912 133 664 271 889 739 587 449 354 403 293 361
is_linear=0
shrinkage=0.1


Tree=9
num_leaves=31
num_cat=0
split_feature=2 0 0 2 2 0 2 2 2 2 0 5 5 0 0 0 2 2 5 5 0 0 2 0 5 2 5 2 2 2
split_gain=569.58 227.399 124.159 68.9546 47.2593 45.1543 30.2443 19.1911 18.2928 15.6047 15.0736 11.8842 10.5199 10.0558 9.96153 7.18066 6.14771 5.63016 5.50503 5.33385 5.23542 4.98284 4.51776 4.4715 4.3252 4.0142 3.98121 3.70963 3.54342 3.37166
threshold=1145.5000000000002 750.00000000000011 750.00000000000011 2473.5000000000005 292.50000000000006 435.00000000000006 304.50000000000006 2603.5000000000005 2435.5000000000005 4041.5000000000005 285.00000000000006 151.50000000000003 53.500000000000007 1357.5000000000002 1200.0000000000002 1200.0000000000002 5388.5000000000009 5200.5000000000009 162.50000000000003 166.50000000000003 285.00000000000006 1357.5000000000002 90.500000000000014 285.00000000000006 158.50000000000003 1707.0000000000002 140.50000000000003 6001.5000000000009 101.50000000000001 703.50000000000011
decision_type=2 2 2 2 2 2 2 2 2 2 2 2 2 2 2 2 2 2 2 2 2 2 2 2 2 2 2 2 2 2
left_child=2 5 6 13 12 7 11 23 -7 15 -8 22 -4 25 26 -5 -9 -10 -12 29 -13 27 -1 -2 28 -3 -6 -11 -14 -16
right_child=1 3 4 9 14 8 10 16 17 21 18 20 24 -15 19 -17 -18 -19 -20 -21 -22 -23 -24 -25 -26 -27 -28 -29 -30 -31
leaf_value=-0.059595188135946435 0.055780621639020013 -0.010408346243594567 -0.093124154510114021 0.018122764058340346 -0.035502646444365384 0.016364992350991203 0.028327486606150712 0.070568053881789369 0.038841962531359513 0.030696863775753841 -0.011804994495290365 0.016499619003469971 -0.085888959704158468 -0.019178774610533952 -0.060182871765051139 0.0029177502964511637 0.10473805685838065 0.066985763160579179 0.0083261009030933444 -0.033999596278574386 -0.020478796218115367 0.018001858648774464 -0.032231867485700082 0.037301997650307395 -0.053503408915255651 0.0027612825134828529 -0.019419361200387768 0.054370783508559811 -0.063003636556475062 -0.043415417340470525
leaf_weight=98 284 456 149 579 336 473 193 430 495 362 350 55 107 772 234 670 60 83 222 269 126 281 157 243 251 470 284 81 184 246
leaf_count=98 284 456 149 579 336 473 193 430 495 362 350 55 107 772 234 670 60 83 222 269 126 281 157 243 251 470 284 81 184 246
internal_value=1.77829e-11 0.0189633 -0.0333733 0.00402298 -0.0482721 0.0454845 -0.00781826 0.060506 0.0309488 0.0167374 0.0041619 -0.0288385 -0.0695914 -0.0107505 -0.0375112 0.00996635 0.0747521 0.0428834 -0.00399188 -0.0452722 -0.00924226 0.0284183 -0.042748 0.0472601 -0.063122 -0.00372398 -0.0281355 0.0350255 -0.0714185 -0.0515896
internal_weight=9000 5739 3261 3671 2060 2068 1201 1017 1051 1973 765 436 691 1698 1369 1249 490 578 572 749 181 724 255 527 542 926 620 443 291 480
internal_count=9000 5739 3261 3671 2060 2068 1201 1017 1051 1973 765 436 691 1698 1369 1249 490 578 572 749 181 724 255 527 542 926 620 443 291 480
is_linear=0
shrinkage=0.1


Tree=10
num_leaves=31
num_cat=0
split_feature=2 0 0 2 2 2 0 0 2 0 0 0 2 0 0 5 2 2 0 6 5 6 0 2 2 5 5 2 2 2
split_gain=465.57 151.494 130.08 73.2733 39.3562 31.3948 17.8837 16.9415 16.2187 12.2397 9.6133 9.41066 9.36245 9.15722 7.49668 7.22922 7.19422 6.42382 5.6311 4.64717 4.16831 3.56544 3.39052 3.21627 3.16146 3.15933 3.07864 3.05606 2.60777 2.31311
threshold=1595.5000000000002 592.50000000000011 592.50000000000011 627.50000000000011 3496.5000000000005 642.50000000000011 900.00000000000011 285.00000000000006 119.50000000000001 1200.0000000000002 1357.5000000000002 285.00000000000006 3682.5000000000005 1050.0000000000002 285.00000000000006 160.50000000000003 73.500000000000014 4136.0000000000009 1357.5000000000002 61304.500000000007 128.50000000000003 38265.500000000007 435.00000000000006 73.500000000000014 5482.0000000000009 147.50000000000003 99.500000000000014 5388.5000000000009 2150.0000000000005 2090.5000000000005
decision_type=2 2 2 2 2 2 2 2 2 2 2 2 2 2 2 2 2 2 2 2 2 2 2 2 2 2 2 2 2 2
left_child=2 7 5 8 6 11 -3 17 15 21 19 23 22 24 -7 -4 -13 -2 29 -10 -11 -5 -9 -1 -6 -12 -18 -15 -20 -8
right_child=1 4 3 9 13 14 18 12 10 20 25 16 -14 27 -16 -17 26 -19 28 -21 -22 -23 -24 -25 -26 -27 -28 -29 -30 -31
leaf_value=-0.020234969235025348 0.061601561021670116 0.017964816539311451 -0.08033324911103229 -0.020329080985978937 0.031874224204550348 0.035833485602762137 -0.0049876018769314159 0.043712659867910238 -0.04386439881627522 -0.036821928997631273 -0.065579682991311367 -0.05363688734931904 0.058481535157470989 0.014948783483015069 0.012243347666595693 -0.050751999544445425 -0.027474078872825866 0.094181284594209227 -0.015445989053458356 -0.026070773952577092 -0.022562938274301399 -0.0070983095677173078 0.028615599271030197 0.012128641383897049 0.052195536314199369 -0.047277931269349122 -0.0079160653204313324 0.030847420342462628 -0.0039661374429186616 0.0069115580290095404
leaf_weight=38 354 574 233 334 378 209 229 286 441 391 222 57 264 591 379 128 129 73 313 220 431 522 310 160 96 164 214 152 538 570
leaf_count=38 354 574 233 334 378 209 229 286 441 391 222 57 264 591 379 128 129 73 313 220 431 522 310 160 96 164 214 152 538 570
internal_value=3.28714e-11 0.0216196 -0.0239273 -0.034745 0.0106724 0.00422056 0.00276118 0.0508889 -0.0515667 -0.0206301 -0.0452646 -0.0119128 0.0428044 0.0251296 0.0206283 -0.0698446 -0.0207387 0.0671714 -0.00252785 -0.0379422 -0.0293455 -0.0122608 0.0358602 0.00591744 0.0359899 -0.0578038 -0.0152717 0.0182013 -0.00818846 0.00350116
internal_weight=9000 4728 4272 3086 3441 1186 2224 1287 1408 1678 1047 598 860 1217 588 361 400 427 1650 661 822 856 596 198 474 386 343 743 851 799
internal_count=9000 4728 4272 3086 3441 1186 2224 1287 1408 1678 1047 598 860 1217 588 361 400 427 1650 661 822 856 596 198 474 386 343 743 851 799
is_linear=0
shrinkage=0.1


Tree=11
num_leaves=31
num_cat=0
split_feature=2 0 0 2 0 2 2 2 2 2 5 0 5 0 0 0 0 2 2 5 2 5 0 6 0 6 0 0 5 0
split_gain=381.102 157.959 79.066 49.4682 30.3202 27.7186 17.7928 14.8139 13.0987 10.7709 9.56377 8.14637 7.81374 7.17106 6.47416 6.12229 5.42294 5.0139 4.19486 3.39637 3.36287 3.06774 2.96497 2.95536 2.91103 2.89058 2.88429 2.63493 2.36824 2.28556
threshold=1073.5000000000002 750.00000000000011 750.00000000000011 2473.5000000000005 435.00000000000006 279.50000000000006 357.50000000000006 2235.5000000000005 2352.5000000000005 4544.5000000000009 86.500000000000014 435.00000000000006 53.500000000000007 1200.0000000000002 1357.5000000000002 1357.5000000000002 435.00000000000006 5388.5000000000009 4544.5000000000009 102.50000000000001 64.500000000000014 135.50000000000003 1200.0000000000002 29797.500000000004 1357.5000000000002 40225.500000000007 285.00000000000006 285.00000000000006 141.50000000000003 900.00000000000011
decision_type=2 2 2 2 2 2 2 2 2 2 2 2 2 2 2 2 2 2 2 2 2 2 2 2 2 2 2 2 2 2
left_child=2 4 6 13 7 12 10 27 -6 15 20 25 -4 -3 21 29 -12 26 -10 -15 -1 -7 -14 -16 -11 -8 -9 -2 -13 -5
right_child=1 3 5 9 8 14 11 17 18 24 16 28 22 19 23 -17 -18 -19 -20 -21 -22 -23 -24 -25 -26 -27 -28 -29 -30 -31
leaf_value=-0.070754408661056964 0.042088955024399438 -0.0019175637428166478 -0.077997577231791293 0.022943258836489767 0.01223200564936594 -0.032400114328051226 0.0028488751312598908 0.063596888665969561 0.029800195092054112 0.033041806935847226 -0.00036110625927998673 -0.016988211809455055 -0.043259641807526353 -0.021685092246552285 -0.052081957422196873 0.0013847046647050135 -0.025509879029739432 0.086512114405632029 0.049170991536733266 -0.010053034732004563 -0.034991554532738021 -0.019607967378699333 -0.058426747188485909 -0.035733812331487348 0.017172416042267664 0.021544715983895003 0.048931953902709359 0.026820948881947478 0.00047543465943696603 0.011544044658670186
leaf_weight=34 249 770 144 238 466 390 141 260 457 286 173 161 232 413 160 581 170 60 148 640 116 361 290 358 194 200 277 207 150 674
leaf_count=34 249 770 144 238 466 390 141 260 457 286 173 161 232 413 160 581 170 60 148 640 116 361 290 358 194 200 277 207 150 674
internal_value=2.62801e-11 0.0148427 -0.0285289 0.002624 0.03668 -0.0408537 -0.00770041 0.0487295 0.024833 0.0135971 -0.0220361 0.00313934 -0.0573748 -0.00925201 -0.0321831 0.0094077 -0.0128255 0.0590956 0.0345388 -0.0146153 -0.0430978 -0.026251 -0.0516858 -0.0407834 0.0266279 0.0138142 0.0560323 0.0351581 -0.00856523 0.0145188
internal_weight=9000 5920 3080 3796 2124 1935 1145 1053 1071 1973 493 652 666 1823 1269 1493 343 597 605 1053 150 751 522 518 480 341 537 456 311 912
internal_count=9000 5920 3080 3796 2124 1935 1145 1053 1071 1973 493 652 666 1823 1269 1493 343 597 605 1053 150 751 522 518 480 341 537 456 311 912
is_linear=0
shrinkage=0.1


Tree=12
num_leaves=31
num_cat=0
split_feature=2 0 0 2 2 0 2 5 0 0 0 0 2 5 5 2 2 2 2 2 0 5 2 2 5 0 2 0 5 5
split_gain=311.215 99.6419 87.8407 56.1342 25.516 15.9299 13.4616 12.5174 10.8045 10.7479 10.2189 7.37018 5.99887 5.28772 5.15779 4.75992 4.58204 4.286 3.69034 3.45754 3.3719 2.85596 2.67615 2.53025 2.28781 2.07506 1.97938 1.89007 1.8216 1.81313
threshold=1634.5000000000002 592.50000000000011 435.00000000000006 517.50000000000011 3324.5000000000005 900.00000000000011 743.50000000000011 53.500000000000007 900.00000000000011 285.00000000000006 900.00000000000011 1200.0000000000002 3887.5000000000005 148.50000000000003 109.50000000000001 203.50000000000003 3861.5000000000005 73.500000000000014 148.50000000000003 5853.0000000000009 1357.5000000000002 99.500000000000014 1045.5000000000002 880.50000000000011 182.50000000000003 435.00000000000006 44.500000000000007 900.00000000000011 209.50000000000003 76.500000000000014
decision_type=2 2 2 2 2 2 2 2 2 2 2 2 2 2 2 2 2 2 2 2 2 2 2 2 2 2 2 2 2 2
left_child=2 9 6 7 8 21 13 15 -3 16 26 19 25 18 23 -4 -2 28 -1 27 -10 -5 -16 -7 -19 -11 -9 -6 -12 -8
right_child=1 4 3 5 11 14 29 10 20 12 17 -13 -14 -15 22 -17 -18 24 -20 -21 -22 -23 -24 -25 -26 -27 -28 -29 -30 -31
leaf_value=-0.030086835310794414 0.049085733559087061 0.014239427246074113 -0.072432735162293357 -0.011618008573111639 0.029562884015981172 -0.038251915276050569 0.013543778511778111 -0.043827122172643979 0.0024020937434661768 0.036332270160317419 -0.067302027062365891 0.011750988047826684 0.049496807037173095 0.010997636630767001 -0.022782873582779146 -0.046937495987448431 0.073507240031025198 -0.044709730003495964 -0.0031903073726488014 0.044334881911252406 -0.0070988274540595619 0.0017170825754773097 -0.011480707882282636 -0.024341836018999218 -0.031848217073445005 0.024773228413755108 -0.021077898128302713 0.018625203300990278 -0.039385014772415163 0.029043886639206234
leaf_weight=72 321 523 149 256 299 195 106 43 730 300 95 644 222 195 392 144 101 391 175 94 765 431 450 397 214 322 346 335 31 262
leaf_count=72 321 523 149 256 299 195 106 43 730 300 95 644 222 195 392 144 101 391 175 94 765 431 450 397 214 322 346 335 31 262
internal_value=1.7863e-11 0.0179617 -0.0192518 -0.0260597 0.00902183 -0.0157728 0.0104508 -0.0415008 0.00186826 0.0419002 -0.0366868 0.0195436 0.035385 -0.00131226 -0.0217713 -0.0599027 0.0549307 -0.0436548 -0.0110306 0.0264371 -0.00245958 -0.00325203 -0.0167425 -0.0289237 -0.0401604 0.0303483 -0.0235926 0.0237835 -0.0604336 0.0245792
internal_weight=9000 4656 4344 3534 3390 2121 810 1413 2018 1266 1120 1372 844 442 1434 293 422 731 247 728 1495 687 842 592 605 622 389 634 126 368
internal_count=9000 4656 4344 3534 3390 2121 810 1413 2018 1266 1120 1372 844 442 1434 293 422 731 247 728 1495 687 842 592 605 622 389 634 126 368
is_linear=0
shrinkage=0.1


Tree=13
num_leaves=31
num_cat=0
split_feature=2 0 0 2 2 2 2 0 0 0 0 6 2 0 2 0 0 2 5 0 2 6 5 5 6 5 5 2 2 2
split_gain=252.26 80.0588 73.4194 42.767 19.9019 18.1289 9.48331 9.2076 8.78115 7.93031 6.79423 5.74103 5.19394 5.16232 4.54437 4.53221 4.21631 3.61895 3.15976 3.0045 2.90665 2.888 2.60889 2.24581 2.19263 2.05781 2.00081 1.96722 1.88112 1.80064
threshold=1689.5000000000002 592.50000000000011 592.50000000000011 627.50000000000011 3549.5000000000005 743.50000000000011 203.50000000000003 900.00000000000011 285.00000000000006 1357.5000000000002 285.00000000000006 26949.000000000004 178.50000000000003 900.00000000000011 3711.5000000000005 1200.0000000000002 285.00000000000006 4490.5000000000009 163.50000000000003 1357.5000000000002 6409.0000000000009 11255.000000000002 205.50000000000003 157.50000000000003 66220.000000000015 128.50000000000003 48.500000000000007 849.50000000000011 52.500000000000007 111.50000000000001
decision_type=2 2 2 2 2 2 2 2 2 2 2 2 2 2 2 2 2 2 2 2 2 2 2 2 2 2 2 2 2 2
left_child=2 8 5 6 7 10 11 -3 17 18 23 -4 21 -6 -10 25 -7 -2 27 -9 -15 -12 28 29 -11 -8 -17 -5 -13 -1
right_child=1 4 3 9 13 16 15 19 14 24 12 22 -14 20 -16 26 -18 -19 -20 -21 -22 -23 -24 -25 -26 -27 -28 -29 -30 -31
leaf_value=-0.020586491109699841 0.046484921585725647 0.013846954063432688 -0.063302035103825968 -0.023138457842462934 0.030550278290542951 0.028378787480771835 -0.030853470052601001 0.0033559756511146359 0.027389327400504093 -0.027296722935825853 -0.063528475842692639 -0.058196668674548473 -0.0071239828087228535 0.013431922491763679 0.043407121069671574 -0.053756905418552769 0.010426814671676688 0.073268768746974106 -0.0025984752264413126 -0.0053235981453505082 0.034275587740009779 -0.024165407007132642 -0.02765566860732523 0.018900532667412536 -0.015105353790382137 -0.017016510505180913 -0.035476659106331188 -0.010722926076691099 -0.040904512530878977 0.005601494317243029
leaf_weight=36 348 558 170 166 291 203 218 781 565 452 22 90 304 801 258 73 368 59 411 815 73 122 103 91 219 212 333 552 209 97
leaf_count=36 348 558 170 166 291 203 218 781 565 452 22 90 304 801 258 73 368 59 411 815 73 122 103 91 219 212 333 552 209 97
internal_value=3.12698e-11 0.0165605 -0.0169251 -0.0249197 0.00848451 0.00370768 -0.0379745 0.00278964 0.0383525 -0.0147079 -0.00742458 -0.0478962 -0.0145346 0.0190139 0.0324107 -0.0311861 0.016809 0.0503676 -0.0095908 -0.00107626 0.0151729 -0.0301792 -0.0413813 0.00679545 -0.0233177 -0.0240315 -0.0387635 -0.0135934 -0.0461095 -0.00148698
internal_weight=9000 4549 4451 3208 3319 1243 1408 2154 1230 1800 672 572 448 1165 823 836 571 407 1129 1596 874 144 402 224 671 430 406 718 299 133
internal_count=9000 4549 4451 3208 3319 1243 1408 2154 1230 1800 672 572 448 1165 823 836 571 407 1129 1596 874 144 402 224 671 430 406 718 299 133
is_linear=0
shrinkage=0.1


Tree=14
num_leaves=31
num_cat=0
split_feature=2 0 0 2 0 2 2 2 2 0 2 0 6 6 0 0 5 2 2 2 0 0 2 2 6 0 0 2 2 5
split_gain=206.418 85.4702 43.7423 28.0005 16.8407 15.1489 10.0729 9.05178 7.15023 6.44491 5.34777 4.89384 4.56788 4.46976 4.20693 3.36416 3.08769 2.95846 2.37882 2.35561 2.30844 2.22201 2.19994 2.18284 2.17182 1.66795 1.62614 1.5459 1.54368 1.50538
threshold=1073.5000000000002 750.00000000000011 750.00000000000011 2705.0000000000005 435.00000000000006 304.50000000000006 203.50000000000003 2456.5000000000005 2931.5000000000005 285.00000000000006 4807.5000000000009 1357.5000000000002 30189.000000000004 28145.000000000004 1515.0000000000002 1357.5000000000002 105.50000000000001 5730.0000000000009 1993.5000000000002 5730.0000000000009 285.00000000000006 1357.5000000000002 1851.5000000000002 1876.5000000000002 62792.000000000007 1357.5000000000002 285.00000000000006 128.50000000000003 767.50000000000011 88.500000000000014
decision_type=2 2 2 2 2 2 2 2 2 2 2 2 2 2 2 2 2 2 2 2 2 2 2 2 2 2 2 2 2 2
left_child=2 4 6 11 7 13 12 26 23 -8 15 18 -1 27 24 -5 -11 -9 29 -10 -14 -15 -13 -6 28 -12 -2 -4 -7 -3
right_child=1 3 5 10 8 14 9 17 19 16 25 22 20 21 -16 -17 -18 -19 -20 -21 -22 -23 -24 -25 -26 -27 -28 -29 -30 -31
leaf_value=-0.039897664611538257 0.031685968603079137 -0.011883779974269947 -0.06227508268066656 0.012343606036090467 0.0050542437331449917 -0.027455605830465048 0.015454883133273912 0.042972123333403431 0.025341183938582743 -0.013476759958080948 0.027042951603298605 -0.01614588282435005 0.0030186211675523769 -0.030774471116857927 -0.032721872061963385 0.002112932853882179 0.00084778610150337158 0.070628887131100604 0.0039846993448998296 0.047680395951977483 -0.019661702385220012 -0.044320775909083232 -0.0062729022903625078 0.016771022852414965 -0.01277725597991098 0.013796077780195592 0.02047158118842517 -0.045392771647735079 -0.01686747597226881 -0.002028711680884864
leaf_weight=90 286 232 107 812 290 350 208 489 375 250 230 475 63 286 347 532 378 42 456 54 156 210 430 352 298 162 236 110 227 467
leaf_count=90 286 232 107 812 290 350 208 489 375 250 230 475 63 286 347 532 378 42 456 54 156 210 430 352 298 162 236 110 227 467
internal_value=1.80883e-11 0.0109236 -0.0209961 0.00193569 0.0269869 -0.0301633 -0.00550389 0.035967 0.0181576 0.000198432 0.0112914 -0.00594858 -0.0209315 -0.0417468 -0.0234047 0.00829396 -0.00485466 0.0451597 -0.00163413 0.0281531 -0.0131372 -0.0365098 -0.0114549 0.0114784 -0.0197097 0.0215685 0.0266159 -0.0537172 -0.0232901 -0.00529964
internal_weight=9000 5920 3080 3796 2124 1935 1145 1053 1071 836 1736 2060 309 713 1222 1344 628 531 1155 429 219 496 905 642 875 392 522 217 577 699
internal_count=9000 5920 3080 3796 2124 1935 1145 1053 1071 836 1736 2060 309 713 1222 1344 628 531 1155 429 219 496 905 642 875 392 522 217 577 699
is_linear=0
shrinkage=0.1


Tree=15
num_leaves=31
num_cat=0
split_feature=2 0 0 2 2 2 2 0 0 5 0 5 2 0 0 2 2 2 0 5 0 2 0 6 2 2 6 0 2 0
split_gain=167.199 69.2425 35.4312 26.2521 12.4209 9.65593 8.52137 7.95115 5.74431 5.54215 5.37431 4.34965 4.26654 4.13805 3.38542 2.79635 2.73573 2.51861 2.34536 2.33285 2.17012 2.03514 2.01375 1.8019 1.79672 1.67773 1.63786 1.50645 1.43618 1.43145
threshold=1073.5000000000002 592.50000000000011 750.00000000000011 2931.5000000000005 357.50000000000006 2011.5000000000002 333.50000000000006 900.00000000000011 285.00000000000006 173.50000000000003 1200.0000000000002 158.50000000000003 1929.5000000000002 435.00000000000006 1515.0000000000002 4869.5000000000009 90.500000000000014 4739.5000000000009 285.00000000000006 94.500000000000014 285.00000000000006 4912.5000000000009 1357.5000000000002 24577.000000000004 44.500000000000007 4869.5000000000009 25380.000000000004 435.00000000000006 1876.5000000000002 285.00000000000006
decision_type=2 2 2 2 2 2 2 2 2 2 2 2 2 2 2 2 2 2 2 2 2 2 2 2 2 2 2 2 2 2
left_child=2 5 6 7 11 20 9 28 21 18 15 16 19 23 26 -5 -4 27 -1 -9 -2 -7 -18 -8 -20 -12 -6 -10 -3 -11
right_child=1 3 4 10 14 8 13 12 17 29 25 -13 -14 -15 -16 -17 22 -19 24 -21 -22 -23 -24 -25 -26 -27 -28 -29 -30 -31
leaf_value=-0.0084313877571660749 0.025168900293898462 0.0014763094488408491 -0.053060432346537713 0.014918398806322147 -0.024596113498205119 0.04095746787968061 -0.0027903563688220136 -0.017141204927389957 0.030576195852043703 0.014298570899173935 0.0042391007026342789 -0.02692346049433619 -0.0014360238897145863 -0.0058903420850930912 -0.028961009273827987 0.027720395944979749 -0.030853377176704361 0.041553505497245957 -0.047771982662379746 -0.0071461798184323938 0.012013667075227495 0.064451023794355841 -0.046205984431059187 0.013796127007588886 -0.024398944726264155 0.014713358346645425 -0.014257012553050506 0.020494006135013721 0.010859847886411905 -0.006467772266607056
leaf_weight=78 197 307 160 687 206 302 87 368 291 47 602 292 942 330 328 227 204 116 40 639 345 42 147 265 185 205 598 302 348 113
leaf_count=78 197 307 160 687 206 302 87 368 291 47 602 292 942 330 328 227 204 116 40 639 345 42 147 265 185 205 598 302 348 113
internal_value=2.77072e-11 0.00983128 -0.0188965 0.00326358 -0.027147 0.0276402 -0.0049535 -0.00307014 0.0332224 -0.0154237 0.012847 -0.0366596 -0.00627353 0.00215455 -0.020399 0.0180979 -0.0422232 0.0280777 -0.023374 -0.0107988 0.0167952 0.0438259 -0.0372831 0.00969663 -0.0285542 0.00689985 -0.0169061 0.0254416 0.00646176 -0.000367659
internal_weight=9000 5920 3080 4325 1935 1595 1145 2604 1053 463 1721 803 1949 682 1132 914 511 709 303 1007 542 344 351 352 225 807 804 593 655 160
internal_count=9000 5920 3080 4325 1935 1595 1145 2604 1053 463 1721 803 1949 682 1132 914 511 709 303 1007 542 344 351 352 225 807 804 593 655 160
is_linear=0
shrinkage=0.1


Tree=16
num_leaves=31
num_cat=0
split_feature=2 0 0 2 0 0 2 2 2 2 6 6 0 6 5 2 2 0 2 2 2 5 5 5 0 2 5 0 2 5
split_gain=135.957 60.8705 27.034 21.1436 11.3819 7.98814 7.61246 6.4962 5.27141 4.98575 4.24636 3.3487 3.20057 2.81966 2.60722 2.5178 2.19381 2.01722 1.90978 1.73433 1.72134 1.69477 1.67483 1.61932 1.60584 1.56476 1.54382 1.40701 1.27866 1.21292
threshold=966.50000000000011 750.00000000000011 900.00000000000011 2286.5000000000005 435.00000000000006 435.00000000000006 203.50000000000003 2878.5000000000005 2519.0000000000005 3750.5000000000005 44114.500000000007 24896.500000000004 1357.5000000000002 13683.500000000002 41.500000000000007 111.50000000000001 6001.5000000000009 1200.0000000000002 5730.0000000000009 5730.0000000000009 90.500000000000014 124.50000000000001 139.50000000000003 204.50000000000003 1515.0000000000002 226.50000000000003 163.50000000000003 1357.5000000000002 101.50000000000001 123.50000000000001
decision_type=2 2 2 2 2 2 2 2 2 2 2 2 2 2 2 2 2 2 2 2 2 2 2 2 2 2 2 2 2 2
left_child=2 4 5 12 7 11 14 22 29 17 15 28 26 -8 -4 -7 27 -5 -10 -9 -13 -14 -2 -16 -15 -12 -3 -11 -1 -6
right_child=1 3 6 9 8 10 13 19 18 16 25 20 21 24 23 -17 -18 -19 -20 -21 -22 -23 -24 -25 -26 -27 -28 -29 -30 -31
leaf_value=-0.033831438049674034 0.018098700156718092 -0.0061814245382486579 -0.055691689824404783 0.007914159061952716 0.0029157622340298854 -0.039876218783584515 -0.036223465960253685 0.036653138207190711 0.019531120343171823 0.014807832799851895 -0.016898174579627813 -0.010333833695147877 -0.016521305356706893 -0.017923328561256779 -0.03851833898508758 -0.018242724582411291 0.025609689939022063 -5.235538285903424e-05 0.039346193411835921 0.058102218239080343 0.0088629624620702452 -0.0073971232089981506 0.027982942139108975 -0.022417594209546227 -0.026809374869265823 -0.0036070967764604382 0.0020774382710711014 0.0060527098632215323 -0.007571792346881644 0.012249907240429531
leaf_weight=22 350 634 73 585 274 66 136 368 490 461 125 54 385 627 285 291 125 696 54 42 346 432 336 80 301 304 352 305 118 283
leaf_count=22 350 634 73 585 274 66 136 368 490 461 125 54 385 627 285 291 125 696 54 42 346 432 336 80 301 304 352 305 118 283
internal_value=-4.56421e-12 0.00831968 -0.0181574 0.000936608 0.0216778 -0.00775151 -0.0273439 0.0288918 0.0144964 0.00758151 -0.0141849 0.00161258 -0.00706823 -0.0227763 -0.0384398 -0.0222422 0.0133263 0.00358575 0.0214981 0.0388504 0.00627139 -0.0116968 0.02294 -0.0349894 -0.0208055 -0.00747979 -0.00323303 0.0113218 -0.0116983 0.00765825
internal_weight=9000 6172 2828 3975 2197 1326 1502 1096 1101 2172 786 540 1803 1064 438 357 891 1281 544 410 400 817 686 365 928 429 986 766 140 557
internal_count=9000 6172 2828 3975 2197 1326 1502 1096 1101 2172 786 540 1803 1064 438 357 891 1281 544 410 400 817 686 365 928 429 986 766 140 557
is_linear=0
shrinkage=0.1


Tree=17
num_leaves=31
num_cat=0
split_feature=2 0 0 2 2 2 0 0 0 0 5 5 0 6 2 5 2 2 6 2 5 5 2 2 0 0 6 2 0 2
split_gain=112.187 35.3148 33.39 15.6903 12.5717 8.92183 5.86537 4.50021 4.47879 4.40528 3.57395 3.28396 2.78858 2.64186 2.13278 2.10473 2.09745 1.80167 1.80144 1.70953 1.69667 1.68629 1.52342 1.4179 1.29225 1.21209 1.15347 1.09404 0.957242 0.95362
threshold=1707.0000000000002 592.50000000000011 900.00000000000011 503.50000000000006 517.50000000000011 3644.0000000000005 435.00000000000006 900.00000000000011 285.00000000000006 285.00000000000006 37.500000000000007 44.500000000000007 900.00000000000011 66220.000000000015 4435.0000000000009 152.50000000000003 64.500000000000014 3750.5000000000005 71387.000000000015 800.50000000000011 84.500000000000014 136.50000000000003 6409.0000000000009 73.500000000000014 1357.5000000000002 1515.0000000000002 70068.500000000015 111.50000000000001 1515.0000000000002 849.50000000000011
decision_type=2 2 2 2 2 2 2 2 2 2 2 2 2 2 2 2 2 2 2 2 2 2 2 2 2 2 2 2 2 2
left_child=2 9 4 11 8 7 21 -3 26 17 27 -4 -7 19 -11 28 -13 -2 23 -5 29 -6 -14 -12 -18 -21 -1 -10 -9 -8
right_child=1 5 3 13 6 12 20 15 10 14 18 16 22 -15 -16 -17 24 -19 -20 25 -22 -23 -24 -25 -26 -27 -28 -29 -30 -31
leaf_value=-0.0019984528555211305 0.030078314262608142 0.0096782371234982022 -0.042766601124253033 -0.022668912720758369 0.0068193116556898876 0.022099008684921446 -0.018332625322961319 -0.0014336462077191331 -0.047758467539268379 0.019023695251521273 -0.02988818574269287 -0.03880790375539514 0.0089555779379927938 -0.0068040914469565915 0.032258610667398317 0.0035942875484818344 -0.020005533186156513 0.04499691450702293 -0.0031409661263328858 -0.010576691321853677 0.0020863298762874949 0.018290877476983675 0.024085649669374508 -0.013288771506826363 -0.029101125489471403 -0.018863554913272611 0.016715291294861923 -0.025237234694472817 -0.0082212011230288276 -0.0042105015489958715
leaf_weight=131 292 577 156 267 249 264 67 626 34 666 61 122 753 480 149 689 318 112 155 517 493 264 73 329 307 268 44 59 311 167
leaf_count=131 292 577 156 267 249 264 67 626 34 666 61 122 753 480 149 689 318 112 155 517 493 264 73 329 307 268 44 59 311 167
internal_value=2.54421e-11 0.011135 -0.0111946 -0.0191146 -0.00180089 0.00575235 0.00453542 0.00209104 -0.0114651 0.0256758 -0.0153524 -0.0295703 0.0131522 -0.0129518 0.0214433 -0.000601348 -0.0268144 0.0342142 -0.0122606 -0.0157568 -0.00124192 0.0127228 0.0102927 -0.0158851 -0.0244733 -0.0134058 0.00270672 -0.0334708 -0.00368651 -0.00825402
internal_weight=9000 4512 4488 2435 2053 3293 1240 2203 813 1219 638 903 1090 1532 815 1626 747 404 545 1052 727 513 826 390 625 785 175 93 937 234
internal_count=9000 4512 4488 2435 2053 3293 1240 2203 813 1219 638 903 1090 1532 815 1626 747 404 545 1052 727 513 826 390 625 785 175 93 937 234
is_linear=0
shrinkage=0.1


Tree=18
num_leaves=31
num_cat=0
split_feature=2 0 0 2 2 2 5 0 0 0 5 2 5 0 2 0 0 2 2 5 6 2 2 5 5 5 5 0 2 5
split_gain=91.1562 28.3666 27.4062 14.2474 11.3716 6.04775 4.74251 4.2576 3.52902 3.27316 3.05522 2.82492 2.51346 2.29933 2.19343 2.09618 1.91149 1.50881 1.39163 1.37545 1.324 1.32087 1.29898 1.18117 1.15026 1.04331 1.00928 0.912417 0.884438 0.859497
threshold=1876.5000000000002 900.00000000000011 592.50000000000011 503.50000000000006 734.50000000000011 3549.5000000000005 150.50000000000003 435.00000000000006 285.00000000000006 1200.0000000000002 177.50000000000003 111.50000000000001 67.500000000000014 1200.0000000000002 90.500000000000014 285.00000000000006 285.00000000000006 4981.5000000000009 800.50000000000011 25.500000000000004 5438.0000000000009 4739.5000000000009 6409.0000000000009 142.50000000000003 128.50000000000003 125.50000000000001 113.50000000000001 435.00000000000006 880.50000000000011 217.50000000000003
decision_type=2 2 2 2 2 2 2 2 2 2 2 2 2 2 2 2 2 2 2 2 2 2 2 2 2 2 2 2 2 2
left_child=1 4 8 10 6 9 11 24 21 26 14 19 28 22 -3 -13 -8 27 -14 -1 -16 -2 -7 -9 -6 -11 -4 -10 -5 -18
right_child=2 3 5 12 7 13 16 23 17 25 -12 15 18 -15 20 -17 29 -19 -20 -21 -22 -23 -24 -25 -26 -27 -28 -29 -30 -31
leaf_value=-0.044463917838804656 0.029706228941955806 -0.041098121505834771 0.0028627218836845716 -0.024870268461748588 0.0079181455397033581 0.014236097927540804 0.011655702930169577 -0.00289759423065609 0.02227563400732659 -0.0054807795139896909 -0.017800171583904512 0.0035504969014704562 -0.01483787607154524 0.0067573598772637695 -0.04483915426028081 -0.013615991093497426 -0.0076627046499899674 0.031948689159594083 -0.0069841387209260246 -0.021136654253738622 -0.025618251679439891 0.047172442555427553 0.030198230248476777 0.0054876915585313924 0.017912234299846234 0.0012474918667351861 0.0093459028442787299 0.014848442463572399 -0.014825040001843898 0.0030030809973326123
leaf_weight=33 323 148 435 121 215 569 99 377 323 429 274 87 294 540 39 390 228 95 970 108 442 50 56 303 248 498 536 339 318 113
leaf_count=33 323 148 435 121 215 569 99 377 323 429 274 87 294 540 39 390 228 95 970 108 442 50 56 303 248 498 536 339 318 113
internal_value=-8.30951e-12 -0.00939934 0.0107757 -0.0164591 -0.00104054 0.0058652 -0.00851157 0.0058749 0.0240863 0.00238392 -0.0266132 -0.0141609 -0.0110749 0.0115368 -0.0304523 -0.010485 -0.000576895 0.0201635 -0.00881088 -0.0265962 -0.0271767 0.0320475 0.0156663 0.00083879 0.0132714 -0.00186624 0.00644149 0.0184723 -0.0175938 -0.00412829
internal_weight=9000 4807 4193 2606 2201 3063 1058 1143 1130 1898 903 618 1703 1165 629 477 440 757 1264 141 481 373 625 680 463 927 971 662 439 341
internal_count=9000 4807 4193 2606 2201 3063 1058 1143 1130 1898 903 618 1703 1165 629 477 440 757 1264 141 481 373 625 680 463 927 971 662 439 341
is_linear=0
shrinkage=0.1


Tree=19
num_leaves=31
num_cat=0
split_feature=2 0 0 2 0 2 0 2 2 6 6 5 0 6 5 2 2 2 2 6 0 5 2 2 5 2 5 0 2 5
split_gain=74.0088 29.6067 17.8059 9.13526 8.17564 7.96318 4.51056 4.23294 3.76247 3.12189 2.31021 2.13038 2.03679 1.72017 1.62402 1.54615 1.50426 1.43415 1.39693 1.35376 1.12725 1.09863 1.06915 0.956115 0.94568 0.757574 0.709657 0.70132 0.689343 0.687409
threshold=1145.5000000000002 900.00000000000011 435.00000000000006 260.50000000000006 435.00000000000006 2953.5000000000005 1200.0000000000002 3014.5000000000005 2251.5000000000005 14807.000000000002 22898.000000000004 88.500000000000014 1200.0000000000002 37925.500000000007 80.500000000000014 5139.0000000000009 6001.5000000000009 6001.5000000000009 419.50000000000006 45550.000000000007 1515.0000000000002 210.50000000000003 215.50000000000003 64.500000000000014 202.50000000000003 800.50000000000011 187.50000000000003 750.00000000000011 3792.5000000000005 212.50000000000003
decision_type=2 2 2 2 2 2 2 2 2 2 2 2 2 2 2 2 2 2 2 2 2 2 2 2 2 2 2 2 2 2
left_child=2 4 10 9 8 11 13 19 -2 -4 22 -3 21 25 -8 -7 -9 28 26 -6 -13 23 -1 -11 -14 -5 -12 -15 -10 -16
right_child=1 5 3 6 7 15 14 16 17 12 18 20 24 27 29 -17 -18 -19 -20 -21 -22 -23 -24 -25 -26 -27 -28 -29 -30 -31
leaf_value=-0.021104441518296622 0.014589379830144798 -0.0086251022972038509 -0.039045768147706987 -0.015684473192970502 0.0022814104578004445 0.004638147570936388 -0.024680625209626595 0.015139514951565184 0.023260941631021863 -0.028506550107194092 -0.0039129137802116866 0.00075189681569163766 -0.031423569851678261 -0.00017538493705160363 -0.016547330864759166 0.013405812036874704 0.032192812337164298 0.04858844177476291 0.011647907025773592 0.0097412058307401531 -0.0056216968500143912 -0.0056529454252323263 -0.0023013976834119132 -0.016199296545439765 -0.018071457937891996 -0.0066384496248464934 0.0079670065755546998 -0.0069116931852365206 0.030674616702293097 -0.0083468229288353457
leaf_weight=42 429 631 125 266 472 1029 223 559 369 87 130 796 219 256 431 250 57 29 257 502 426 69 108 230 70 142 82 390 190 134
leaf_count=42 429 631 125 266 472 1029 223 559 369 87 130 796 219 256 431 250 57 29 257 502 426 69 108 230 70 142 82 390 190 134
internal_value=2.50507e-11 0.00683562 -0.0120299 -0.0156067 0.0147082 0.000282674 -0.0117315 0.0102295 0.0217103 -0.0245293 0.00323617 -0.00390652 -0.0218411 -0.00745274 -0.0174545 0.00635192 0.0167175 0.0269057 0.0066911 0.00612619 -0.00146999 -0.017088 -0.00756625 -0.019577 -0.0281895 -0.0125361 0.00068215 -0.0042422 0.0257808 -0.0146024
internal_weight=9000 5739 3261 2642 2607 3132 1842 1590 1017 800 619 1853 675 1054 788 1279 616 588 469 974 1222 386 150 317 289 408 212 646 559 565
internal_count=9000 5739 3261 2642 2607 3132 1842 1590 1017 800 619 1853 675 1054 788 1279 616 588 469 974 1222 386 150 317 289 408 212 646 559 565
is_linear=0
shrinkage=0.1


Tree=20
num_leaves=31
num_cat=0
split_feature=2 0 0 2 2 0 2 6 0 0 6 0 2 0 0 5 2 4 5 6 5 2 5 2 2 5 0 4 2 5
split_gain=61.2939 18.738 18.6857 11.9808 5.03882 3.97668 3.6818 3.34812 2.57694 2.28204 1.98135 1.87823 1.58859 1.4277 1.38466 1.2739 1.26665 1.26527 1.13591 1.06335 1.02528 1.01291 0.974039 0.95572 0.934272 0.911077 0.868264 0.754327 0.728926 0.728869
threshold=1810.5000000000002 592.50000000000011 750.00000000000011 703.50000000000011 419.50000000000006 435.00000000000006 3324.5000000000005 28552.500000000004 1357.5000000000002 285.00000000000006 12609.500000000002 1357.5000000000002 3792.5000000000005 1357.5000000000002 1515.0000000000002 179.50000000000003 3792.5000000000005 86.500000000000014 189.50000000000003 63917.500000000007 94.500000000000014 5482.0000000000009 204.50000000000003 64.500000000000014 90.500000000000014 151.50000000000003 1357.5000000000002 62.500000000000007 6409.0000000000009 154.50000000000003
decision_type=2 2 2 2 2 2 2 2 2 2 2 2 2 2 2 2 2 2 2 2 2 2 2 2 2 2 2 2 2 2
left_child=1 4 5 7 10 12 14 17 15 29 27 22 -2 21 25 -5 -7 -3 -12 -11 -10 -8 23 -9 -13 -4 -19 -1 -14 -6
right_child=2 3 6 8 9 16 13 11 20 19 18 24 28 -15 -16 -17 -18 26 -20 -21 -22 -23 -24 -25 -26 -27 -28 -29 -30 -31
leaf_value=-0.039625775860622527 0.019636603984140636 -0.034165298254266986 -7.3541257328834937e-05 -0.0056963897872487354 0.0092962451860559188 0.0097396281328647888 0.0089064512071975813 -0.02660791653028706 -0.016177877558735558 -0.00020695535078582333 -0.0076971854545051016 -0.03132053291159017 0.027913113058212414 0.0035677586745484456 -0.0042832506305830464 0.001534193123825909 0.018228529385042928 -0.018363434862223499 0.0041545094944876069 0.0088162074521027194 -0.0082404204093631701 0.01881025705933571 -0.0058639048940475743 -0.012865232433842719 -0.018559379103731177 0.0057797566576054974 -0.028812310891225934 -0.015521102449840968 0.047940410375595099 0.019187721801272623
leaf_weight=20 537 123 648 802 171 547 594 57 260 380 257 70 199 476 445 350 259 210 118 199 435 125 181 451 318 451 128 37 20 132
leaf_count=20 537 123 648 802 171 547 594 57 260 380 257 70 199 476 445 350 259 210 118 199 435 125 181 451 318 451 128 37 20 132
internal_value=4.60146e-12 -0.00789531 0.00862592 -0.0118297 0.00224009 0.0173541 0.00364839 -0.0183493 -0.00640085 0.00657394 -0.0066082 -0.0152967 0.022564 0.00781587 0.000422907 -0.0034996 0.0124675 -0.0254808 -0.00396785 0.00289427 -0.0112098 0.0106283 -0.0121629 -0.0144072 -0.0208616 0.00232849 -0.0223204 -0.0239789 0.0297421 0.0136054
internal_weight=9000 4699 4301 3385 1314 1562 2739 1538 1847 882 432 1077 756 1195 1544 1152 806 461 375 579 695 719 689 508 388 1099 338 57 219 303
internal_count=9000 4699 4301 3385 1314 1562 2739 1538 1847 882 432 1077 756 1195 1544 1152 806 461 375 579 695 719 689 508 388 1099 338 57 219 303
is_linear=0
shrinkage=0.1


Tree=21
num_leaves=31
num_cat=0
split_feature=2 0 0 2 0 2 2 5 2 2 2 0 2 0 5 6 5 0 6 2 2 6 0 5 5 2 0 5 0 0
split_gain=49.8262 22.6892 9.56369 7.02079 5.95338 3.49751 3.27833 2.72976 2.56954 1.98094 1.86608 1.84044 1.43497 1.31825 1.29349 1.28997 1.10842 1.08244 1.03077 0.904595 0.825786 0.816979 0.809683 0.793412 0.745018 0.681949 0.660859 0.629482 0.626759 0.602066
threshold=950.50000000000011 900.00000000000011 750.00000000000011 2202.0000000000005 435.00000000000006 2251.5000000000005 158.50000000000003 156.50000000000003 2456.5000000000005 64.500000000000014 4490.5000000000009 1515.0000000000002 5584.5000000000009 285.00000000000006 17.500000000000004 56745.500000000007 197.50000000000003 285.00000000000006 38265.500000000007 6001.5000000000009 268.50000000000006 18199.000000000004 285.00000000000006 134.50000000000003 229.50000000000003 6950.5000000000009 1515.0000000000002 34.500000000000007 1200.0000000000002 285.00000000000006
decision_type=2 2 2 2 2 2 2 2 2 2 2 2 2 2 2 2 2 2 2 2 2 2 2 2 2 2 2 2 2 2
left_child=2 4 7 15 8 23 14 9 22 27 18 16 -7 -11 -4 26 -8 -9 -5 29 -15 -13 -2 -6 28 -12 -3 -1 -16 -10
right_child=1 3 6 10 5 12 11 17 19 13 25 21 -14 20 24 -17 -18 -19 -20 -21 -22 -23 -24 -25 -26 -27 -28 -29 -30 -31
leaf_value=-0.037886123536598121 0.016151636227583276 -0.0062681289862531507 -0.041607841476798059 -0.0014402338505391393 -0.00038669881803273421 0.010678839741084883 -0.012678967580490044 0.01091146173543836 0.025025451398419538 0.0029761150110668194 0.0079549093928423225 -0.028562719535988729 0.024279574243461388 -0.015411309705909771 -0.018599079447944148 -0.0023252301862752437 -0.0043249035128772647 -0.00046982242638245598 0.0038900239867452752 0.039557093279115087 -0.0056767174826560882 -0.016853697347192984 0.0085876912958686279 0.0062251073733772542 -0.0098429403500631465 0.022139073747235376 -0.012183662551964068 -0.017372532348291805 -0.027411068105997322 0.018091238587528129
leaf_weight=21 312 538 36 606 388 888 743 114 239 132 404 74 85 122 147 624 202 313 904 29 305 306 259 341 46 37 291 52 179 263
leaf_count=21 312 538 36 606 388 888 743 114 239 132 404 74 85 122 147 624 202 313 904 29 305 306 259 341 46 37 291 52 179 263
internal_value=1.69883e-11 0.00498987 -0.011095 -0.000497037 0.0116509 0.00794318 -0.0156701 -0.00360799 0.0173773 -0.00778119 0.00342221 -0.0132566 0.011867 -0.00575802 -0.0235081 -0.00575956 -0.0108932 0.00256874 0.00175086 0.0223846 -0.00845803 -0.0191339 0.0127207 0.00270607 -0.0217565 0.00914496 -0.00834463 -0.0232737 -0.0234376 0.0213926
internal_weight=9000 6208 2792 3404 2804 1702 1733 1059 1102 632 1951 1325 973 559 408 1453 945 427 1510 531 427 380 571 729 372 441 829 73 326 502
internal_count=9000 6208 2792 3404 2804 1702 1733 1059 1102 632 1951 1325 973 559 408 1453 945 427 1510 531 427 380 571 729 372 441 829 73 326 502
is_linear=0
shrinkage=0.1


Tree=22
num_leaves=31
num_cat=0
split_feature=2 0 0 2 0 0 2 5 2 0 2 2 6 5 6 6 6 5 2 2 2 5 2 2 5 5 0 5 2 0
split_gain=40.814 12.9177 12.4519 8.60358 3.57438 3.26084 2.52191 2.42481 1.84958 1.685 1.668 1.41883 1.30281 1.28393 1.212 0.912231 0.901209 0.862594 0.861026 0.811917 0.76792 0.716264 0.681558 0.671654 0.632212 0.590351 0.578338 0.507424 0.4828 0.478464
threshold=1655.0000000000002 900.00000000000011 435.00000000000006 396.50000000000006 435.00000000000006 1200.0000000000002 3353.5000000000005 19.500000000000004 832.50000000000011 1200.0000000000002 3960.5000000000005 3792.5000000000005 13683.500000000002 192.50000000000003 67921.000000000015 68985.500000000015 35977.000000000007 204.50000000000003 6652.5000000000009 81.500000000000014 781.50000000000011 83.500000000000014 52.500000000000007 6219.0000000000009 36.500000000000007 166.50000000000003 1357.5000000000002 89.500000000000014 6409.0000000000009 1515.0000000000002
decision_type=2 2 2 2 2 2 2 2 2 2 2 2 2 2 2 2 2 2 2 2 2 2 2 2 2 2 2 2 2 2
left_child=2 4 8 7 11 13 16 -4 12 15 21 25 -1 20 24 19 -3 -11 26 -9 -5 -6 -14 -12 -7 -2 -8 -10 -13 -18
right_child=1 6 3 5 10 14 18 9 27 17 23 28 22 -15 -16 -17 29 -19 -20 -21 -22 -23 -24 -25 -26 -27 -28 -29 -30 -31
leaf_value=-0.012331739304520722 0.012623547143615119 -0.0040990694118548309 -0.032589219159192662 -0.0084588241261520369 0.0030481200963388606 -0.018527990799859492 0.0071155764107497469 -0.021922336587972872 0.0045437689987526363 -0.022551515481872373 0.013453133868604479 0.022891535104519162 -0.01073673860066467 0.0025311080498752053 -0.0049752442964652293 -0.0060026910791039882 0.0026383266175702027 -0.011831957771990103 0.017384307279155173 -0.011971606235346953 -0.0026466124023149171 0.0088550163649303206 0.0036596973369045086 0.026863890816999039 -0.011025012705817426 0.019158436044084806 0.0021876039239091794 0.012800955376053795 0.039190660417079928 -0.0020917692711808558
leaf_weight=70 384 555 88 343 316 137 515 109 113 332 284 199 36 335 312 181 611 97 58 331 674 648 380 43 623 216 443 218 20 329
leaf_count=70 384 555 88 343 316 137 515 109 113 332 284 199 36 335 312 181 611 97 58 331 674 648 380 43 623 216 443 218 20 329
internal_value=-4.63136e-12 0.00655545 -0.00691773 -0.00947157 0.0123232 -0.00610415 0.00170879 -0.0166444 0.00421664 -0.015308 0.009045 0.0174907 0.000290001 -0.00283822 -0.0102231 -0.0119785 -0.000903785 -0.0201277 0.00555307 -0.0144367 -0.00460688 0.00695151 0.00241385 0.0152166 -0.0123775 0.0149761 0.00483677 0.00998204 0.02438 0.000982793
internal_weight=9000 4621 4379 3562 2110 2424 2511 1138 817 1050 1291 819 486 1352 1072 621 1495 429 1016 440 1017 964 416 327 760 600 958 331 219 940
internal_count=9000 4621 4379 3562 2110 2424 2511 1138 817 1050 1291 819 486 1352 1072 621 1495 429 1016 440 1017 964 416 327 760 600 958 331 219 940
is_linear=0
shrinkage=0.1


Tree=23
num_leaves=31
num_cat=0
split_feature=2 0 0 2 2 0 0 2 6 2 5 5 5 0 5 5 2 2 6 4 2 0 4 6 0 2 6 0 5 2
split_gain=33.4577 10.5857 10.2064 5.50311 4.14835 3.06948 2.4035 1.72241 1.58956 1.44863 1.32975 1.2837 1.27153 1.14593 0.894119 0.881496 0.731453 0.723148 0.669577 0.623002 0.583551 0.580948 0.575558 0.570072 0.531671 0.517758 0.507912 0.489503 0.482466 0.481008
threshold=1876.5000000000002 900.00000000000011 900.00000000000011 419.50000000000006 434.50000000000006 285.00000000000006 285.00000000000006 4336.5000000000009 11255.000000000002 4136.0000000000009 56.500000000000007 19.500000000000004 81.500000000000014 285.00000000000006 177.50000000000003 196.50000000000003 818.50000000000011 64.500000000000014 43346.000000000007 20.500000000000004 5482.0000000000009 1515.0000000000002 33.500000000000007 71387.000000000015 1515.0000000000002 6652.5000000000009 44507.000000000007 1515.0000000000002 205.50000000000003 6950.5000000000009
decision_type=2 2 2 2 2 2 2 2 2 2 2 2 2 2 2 2 2 2 2 2 2 2 2 2 2 2 2 2 2 2
left_child=1 4 5 11 8 20 26 14 22 18 -5 -3 -8 -10 21 17 -12 -13 -7 -15 -2 -4 -1 -21 -19 -11 -6 -18 -14 -9
right_child=2 3 7 10 6 9 12 29 13 25 16 15 28 19 -16 -17 27 24 -20 23 -22 -23 -24 -25 -26 -27 -28 -29 -30 -31
leaf_value=-0.034069903902709489 0.018950894049697187 -0.031029400664071245 0.00050202941087081532 -0.012147403624108754 0.0055931445827999554 0.0055606068828644821 -0.0043983182181428215 0.0063352018427384922 0.0031601681514061932 0.014248620879725886 -0.0090858801696623026 -0.025387988219439401 0.00099896693022095604 -0.021043198555707934 0.0038154437778140267 -0.009693150438225745 -0.0024302225184055716 -0.013700793786552657 0.01038963001460181 -0.0087575886242332 0.034215092217480696 -0.0042180384790347159 -0.014950362004566235 -0.001011586276645242 -0.021052107358800955 0.028374472792659491 0.013763977473982695 -0.0070034202860835828 0.0063472494162414191 0.018186735643728361
leaf_weight=20 346 60 831 390 134 529 383 460 133 354 416 102 562 31 573 178 640 306 628 310 27 380 74 137 145 28 176 369 241 37
leaf_count=20 346 60 831 390 134 529 383 460 133 354 416 102 562 31 573 178 640 306 628 310 27 380 74 137 145 28 176 369 241 37
internal_value=2.0262e-11 -0.00569446 0.00652832 -0.0100071 -0.000588237 0.0119171 0.00239204 0.00201126 -0.00691234 0.0099446 -0.00697345 -0.016968 0.000342791 -0.00504988 0.000560864 -0.0158139 -0.00555743 -0.017784 0.00818172 -0.00733427 0.0200558 -0.000979082 -0.0190183 -0.00638353 -0.0160643 0.015284 0.0102321 -0.00410268 0.00260412 0.00721751
internal_weight=9000 4807 4193 2606 2201 1912 1496 2281 705 1539 1815 791 1186 611 1784 731 1425 553 1157 478 373 1211 94 447 451 382 310 1009 803 497
internal_count=9000 4807 4193 2606 2201 1912 1496 2281 705 1539 1815 791 1186 611 1784 731 1425 553 1157 478 373 1211 94 447 451 382 310 1009 803 497
is_linear=0
shrinkage=0.1


Tree=24
num_leaves=31
num_cat=0
split_feature=2 0 2 0 5 2 0 0 2 0 0 2 2 5 2 5 0 5 2 5 6 5 5 5 5 6 5 6 2 6
split_gain=27.5261 13.0615 5.99726 5.15054 2.77196 1.97983 1.87867 1.8167 1.28151 1.17495 1.07374 0.993708 0.823499 0.808621 0.776226 0.76195 0.749008 0.645022 0.637973 0.556084 0.494212 0.445997 0.439179 0.43803 0.423257 0.405871 0.391879 0.347523 0.339408 0.338496
threshold=865.50000000000011 592.50000000000011 2150.0000000000005 435.00000000000006 45.500000000000007 2983.0000000000005 1200.0000000000002 1357.5000000000002 4600.5000000000009 1515.0000000000002 285.00000000000006 26.500000000000004 252.50000000000003 193.50000000000003 136.50000000000003 190.50000000000003 285.00000000000006 81.500000000000014 252.50000000000003 211.50000000000003 45550.000000000007 184.50000000000003 15.500000000000002 96.500000000000014 157.50000000000003 7540.0000000000009 31.500000000000004 20379.000000000004 6001.5000000000009 77452.000000000015
decision_type=2 2 2 2 2 2 2 2 2 2 2 2 2 2 2 2 2 2 2 2 2 2 2 2 2 2 2 2 2 2
left_child=3 5 9 11 18 10 12 8 17 13 24 -1 21 26 -8 25 -7 -4 22 -16 -12 -6 -5 -9 -2 -13 -3 -11 -18 -14
right_child=1 2 7 4 6 16 14 23 -10 27 20 15 29 -15 19 -17 28 -19 -20 -21 -22 -23 -24 -25 -26 -27 -28 -29 -30 -31
leaf_value=-0.01902105611562729 0.0098783190815863384 -0.0074833222037940898 0.0012509743627030253 -0.031621100337189789 -0.012680848268528541 0.020995560782435148 -0.019108306349490782 -0.0024100094795043003 0.011217704970903438 -0.012198603480008612 0.0035800036335874087 -0.011023250612197444 -0.0054526038023128345 0.0022798418071278926 -0.012969605539512867 0.0081328137155622249 0.012380467162795179 0.0058916275234221138 -0.015539965816669027 -0.0053524508612129273 0.0087367296875918675 -0.0051659812860720212 -0.019982397137732991 0.002022501283754721 0.016463237536823477 0.00019061019347879128 -0.0023725399077338251 -0.006000316217589537 0.022975410791960631 0.00019403757316602559
leaf_weight=25 224 179 437 51 243 184 166 358 348 114 351 36 497 356 447 125 361 952 214 122 395 117 89 591 173 312 927 438 33 135
leaf_count=25 224 179 437 51 243 184 166 358 348 114 351 36 497 356 447 125 361 952 214 122 395 117 89 591 173 312 927 438 33 135
internal_value=1.04886e-11 0.0035049 0.000775695 -0.00872623 -0.0109124 0.0109583 -0.00925999 0.00386887 0.00579117 -0.00334956 0.00854635 0.000409054 -0.00642098 -0.00186541 -0.0130917 0.00143601 0.0157279 0.00443161 -0.0189736 -0.0113364 0.00631044 -0.0102385 -0.0242222 0.000350384 0.0127478 -0.000969444 -0.00319969 -0.0072804 0.0132679 -0.00424644
internal_weight=9000 6421 4700 2579 2081 1721 1727 2686 1737 2014 1143 498 992 1462 735 473 578 1389 354 569 746 360 140 949 397 348 1106 552 394 632
internal_count=9000 6421 4700 2579 2081 1721 1727 2686 1737 2014 1143 498 992 1462 735 473 578 1389 354 569 746 360 140 949 397 348 1106 552 394 632
is_linear=0
shrinkage=0.1


Tree=25
num_leaves=31
num_cat=0
split_feature=2 0 0 2 2 2 2 0 0 0 5 5 2 0 5 5 0 2 2 5 6 5 0 5 2 5 5 6 5 5
split_gain=22.3846 9.88987 4.80162 3.6322 2.02513 1.64937 1.61412 1.36374 1.32561 1.26034 1.04833 0.877412 0.808745 0.746267 0.745575 0.726383 0.66903 0.646488 0.557485 0.548221 0.535042 0.519008 0.469773 0.432454 0.383797 0.380818 0.368921 0.355479 0.344443 0.288787
threshold=1016.5000000000001 750.00000000000011 750.00000000000011 2771.0000000000005 2184.5000000000005 81.500000000000014 44.500000000000007 285.00000000000006 285.00000000000006 1515.0000000000002 188.50000000000003 117.50000000000001 6001.5000000000009 1515.0000000000002 173.50000000000003 135.50000000000003 1515.0000000000002 260.50000000000006 6219.0000000000009 19.500000000000004 46166.000000000007 55.500000000000007 285.00000000000006 215.50000000000003 5482.0000000000009 82.500000000000014 115.50000000000001 9851.5000000000018 179.50000000000003 37.500000000000007
decision_type=2 2 2 2 2 2 2 2 2 2 2 2 2 2 2 2 2 2 2 2 2 2 2 2 2 2 2 2 2 2
left_child=2 4 6 10 11 23 21 24 26 15 13 -2 16 29 17 27 20 -10 25 -11 -5 -1 -13 -4 -6 -9 -8 -7 -21 -3
right_child=1 3 5 12 7 9 8 18 14 19 -12 22 -14 -15 -16 -17 -18 -19 -20 28 -22 -23 -24 -25 -26 -27 -28 -29 -30 -31
leaf_value=-0.029729623198509216 0.0017301318088031913 -0.0053032814833487568 -0.020244774884955772 0.0023848101847286198 0.016199899539351467 -0.014863413065904753 0.00072217034702632766 0.0062107817863848794 -0.011031065878203846 -0.025124930355109668 0.0013807112401282061 0.012832198007481879 0.011729681850597263 -0.006766822005556606 0.0013654680650142838 -0.0048050354075165665 -0.00012405398146020835 -0.0030380267361813881 0.021038112153367299 -0.014553099581808374 0.0067209462548555466 -0.011048396981867223 0.0060458607619291926 -0.0082862146392775077 0.028694026668866474 0.010525058507771483 0.0084194284738984947 -0.0086514732048817693 -0.008421217093494273 -0.0013043930294896926
leaf_weight=20 397 225 189 555 275 114 105 303 139 38 605 145 125 488 260 552 405 372 41 285 584 58 344 36 27 630 153 480 135 915
leaf_count=20 397 225 189 555 275 114 105 303 139 38 605 145 125 488 260 552 405 372 41 285 584 58 344 36 27 630 153 480 135 915
internal_value=-3.65133e-12 0.00347018 -0.00716729 0.000464104 0.00889558 -0.0103135 -0.00196914 0.0114459 -0.000917825 -0.00918875 -0.00217359 0.00522269 0.00399315 -0.00349445 -0.00299409 -0.00741668 0.00336681 -0.00521226 0.00962548 -0.0136228 0.00460808 -0.0158385 0.00805817 -0.0183314 0.0173169 0.00912396 0.00528682 -0.00984366 -0.0125821 -0.00209365
internal_weight=9000 6064 2936 3902 2162 1829 1107 1276 1029 1604 2233 886 1669 1628 771 1146 1544 511 974 458 1139 78 489 225 302 933 258 594 420 1140
internal_count=9000 6064 2936 3902 2162 1829 1107 1276 1029 1604 2233 886 1669 1628 771 1146 1544 511 974 458 1139 78 489 225 302 933 258 594 420 1140
is_linear=0
shrinkage=0.1


Tree=26
num_leaves=31
num_cat=0
split_feature=2 0 0 2 2 0 0 2 6 6 5 6 2 0 5 2 0 4 5 4 2 5 6 5 0 6 2 2 6 0
split_gain=18.4032 5.92397 5.82196 3.15683 2.32068 1.75231 1.37993 1.04673 1.04114 0.862487 0.807743 0.775406 0.72439 0.674604 0.55194 0.550996 0.531366 0.470862 0.45599 0.445917 0.409925 0.394623 0.373197 0.343991 0.34038 0.336821 0.300268 0.298456 0.281416 0.277494
threshold=1876.5000000000002 900.00000000000011 900.00000000000011 419.50000000000006 357.50000000000006 435.00000000000006 285.00000000000006 3644.0000000000005 7909.5000000000009 60466.500000000007 64.500000000000014 5438.0000000000009 5280.0000000000009 285.00000000000006 207.50000000000003 3861.5000000000005 1515.0000000000002 52.500000000000007 73.500000000000014 20.500000000000004 6652.5000000000009 170.50000000000003 77850.500000000015 79.500000000000014 1515.0000000000002 71387.000000000015 865.50000000000011 832.50000000000011 62792.000000000007 1515.0000000000002
decision_type=2 2 2 2 2 2 2 2 2 2 2 2 2 2 2 2 2 2 2 2 2 2 2 2 2 2 2 2 2 2
left_child=1 4 5 11 8 15 23 18 -1 16 26 -3 21 -10 17 -2 -5 -13 -4 -15 28 -7 -12 -6 -19 -21 -8 -18 -9 -20
right_child=2 3 7 9 6 12 10 20 13 -11 22 14 -14 19 -16 -17 27 24 29 25 -22 -23 -24 -25 -26 -27 -28 -29 -30 -31
leaf_value=-0.018451503065318384 0.011021035660790388 -0.025039933438529262 -0.0029910680703201012 -0.00526885969515338 0.0021495286150045858 0.0043800432687012532 -0.0081634553441812183 0.0022273587133470321 0.0022249112040389424 -0.0023552649489012802 0.00040073454376973185 -0.018922831595804292 0.014309496028969686 -0.017057360538414546 -0.0063670149448120765 0.017100161562363308 -0.014030394909934976 -0.010091412322422496 0.0020994994810249971 -0.0072152744475213471 0.012379704903939675 0.0084942678533548466 0.0049660177951070745 0.0093497874585539518 -0.01584438814612843 -0.00076514104820771852 -0.0018565411841428622 -0.008014966809636077 0.0062168553297785858 -0.0013517096910272194
leaf_weight=58 533 48 414 737 92 719 122 492 121 686 714 118 108 35 144 207 118 332 689 268 58 345 239 238 149 116 198 274 276 352
leaf_count=58 533 48 414 737 92 719 122 492 121 686 714 118 108 35 144 207 118 332 689 268 58 345 239 238 149 116 198 274 276 352
internal_value=8.0215e-12 -0.00422329 0.00484172 -0.00744949 -0.000403434 0.00891169 0.00157983 0.00143016 -0.00571978 -0.00515182 8.59906e-05 -0.0127216 0.00650614 -0.0043523 -0.0119259 0.0127215 -0.00685105 -0.0132622 -0.000183882 -0.00625169 0.00427329 0.00571407 0.00154565 0.00734244 -0.0118735 -0.0052668 -0.00426105 -0.00982573 0.00366108 0.00093252
internal_weight=9000 4807 4193 2606 2201 1912 1603 2281 598 1815 1273 791 1172 540 743 740 1129 599 1455 419 826 1064 953 330 481 384 320 392 768 1041
internal_count=9000 4807 4193 2606 2201 1912 1603 2281 598 1815 1273 791 1172 540 743 740 1129 599 1455 419 826 1064 953 330 481 384 320 392 768 1041
is_linear=0
shrinkage=0.1


Tree=27
num_leaves=31
num_cat=0
split_feature=2 0 2 0 2 0 2 0 6 0 2 5 5 2 5 5 2 5 0 5 0 6 5 2 5 5 2 5 5 5
split_gain=15.2076 7.37633 3.42623 2.93347 1.42367 1.30976 1.13709 1.07304 0.911027 0.771982 0.768804 0.704117 0.645752 0.497892 0.488912 0.488408 0.423979 0.393053 0.37366 0.362837 0.355103 0.316061 0.312741 0.311994 0.307258 0.267696 0.249231 0.22354 0.203562 0.201641
threshold=832.50000000000011 592.50000000000011 2184.5000000000005 1200.0000000000002 44.500000000000007 435.00000000000006 3248.5000000000005 1357.5000000000002 21643.500000000004 1200.0000000000002 4490.5000000000009 87.500000000000014 184.50000000000003 6652.5000000000009 33.500000000000007 76.500000000000014 52.500000000000007 76.500000000000014 435.00000000000006 177.50000000000003 285.00000000000006 77850.500000000015 186.50000000000003 215.50000000000003 138.50000000000003 208.50000000000003 6950.5000000000009 207.50000000000003 214.50000000000003 27.500000000000004
decision_type=2 2 2 2 2 2 2 2 2 2 2 2 2 2 2 2 2 2 2 2 2 2 2 2 2 2 2 2 2 2
left_child=3 6 9 4 14 15 12 10 23 21 19 -7 20 18 -1 -6 -10 -11 -8 -4 -2 29 -18 -5 -9 -13 -12 -17 -19 -3
right_child=1 2 7 8 5 11 13 24 16 17 26 25 -14 -15 -16 27 22 28 -20 -21 -22 -23 -24 -25 -26 -27 -28 -29 -30 -31
leaf_value=-0.028377394452691079 0.0078842738832907468 -0.0054147223175135921 0.0021596044200506339 -0.023407545789248415 -0.0039645512890274402 -0.0088093108313235767 0.013538140880379392 -0.0015222945251119066 -0.017514657575104918 -0.0073306087163738211 0.007614932517585684 -0.0045181242433278935 0.010111474803091108 0.026523857596127881 -0.011458659574835219 0.0018183666600119373 -0.010577249621087331 -0.0040477814493444153 0.0076976076336851456 0.0057206021736010589 0.0036302000075861679 0.0030018224375435421 -0.0058405268014919583 -0.014652385313225831 0.0021078583992284457 -0.00010868787685858577 0.016839244845323266 0.0079221887089079256 -0.00018371785299881106 -0.000807769821217204
leaf_weight=20 295 109 907 63 128 357 308 491 63 316 346 530 354 23 117 240 393 572 170 418 586 202 216 115 444 186 32 80 179 740
leaf_count=20 295 109 907 63 128 357 308 491 63 316 346 530 354 23 117 240 393 572 170 418 586 202 216 115 444 186 32 80 179 740
internal_value=5.32247e-13 0.00255496 0.000518453 -0.00661355 -0.0041648 -0.00328536 0.00813422 0.00292344 -0.01139 -0.00247699 0.00441785 -0.0051815 0.00650415 0.0121525 -0.0139285 0.00125607 -0.00970511 -0.00437178 0.011461 0.003283 0.00505466 -0.000553365 -0.00889723 -0.0177511 0.000201543 -0.00337266 0.00839583 0.00334432 -0.00312679 -0.00139924
internal_weight=9000 6492 4756 2508 1658 1521 1736 2638 850 2118 1703 1073 1235 501 137 448 672 1067 478 1325 881 1051 609 178 935 716 378 320 751 849
internal_count=9000 6492 4756 2508 1658 1521 1736 2638 850 2118 1703 1073 1235 501 137 448 672 1067 478 1325 881 1051 609 178 935 716 378 320 751 849
is_linear=0
shrinkage=0.1


Tree=28
num_leaves=31
num_cat=0
split_feature=2 0 0 2 2 0 6 2 5 2 0 0 0 5 5 5 2 5 2 2 2 5 0 5 5 6 5 5 6 2
split_gain=12.3193 4.14368 3.8289 2.41922 1.20921 1.08188 0.88676 0.883621 0.725711 0.766684 0.672371 0.638109 0.582953 0.522961 0.470213 0.396376 0.379098 0.376887 0.372053 0.326829 0.319625 0.279368 0.270636 0.230666 0.219202 0.215094 0.200511 0.187543 0.184767 0.180207
threshold=1569.5000000000002 435.00000000000006 900.00000000000011 396.50000000000006 3248.5000000000005 1357.5000000000002 5059.5000000000009 3300.5000000000005 205.50000000000003 192.50000000000003 1515.0000000000002 285.00000000000006 435.00000000000006 64.500000000000014 180.50000000000003 75.500000000000014 1851.5000000000002 148.50000000000003 90.500000000000014 6219.0000000000009 6950.5000000000009 101.50000000000001 750.00000000000011 123.50000000000001 136.50000000000003 22898.000000000004 130.50000000000003 214.50000000000003 11255.000000000002 849.50000000000011
decision_type=2 2 2 2 2 2 2 2 2 2 2 2 2 2 2 2 2 2 2 2 2 2 2 2 2 2 2 2 2 2
left_child=1 8 4 6 12 13 -3 17 9 28 14 -6 16 29 18 -7 -2 -4 -8 26 21 -9 -15 -14 -18 -11 -13 -17 -1 -5
right_child=2 3 7 5 11 15 10 20 -10 25 -12 19 23 22 -16 27 24 -19 -20 -21 -22 -23 -24 -25 -26 -27 -28 -29 -30 -31
leaf_value=-0.014344677059789715 0.0019613041017692012 -0.02038656287829204 -0.0020637800332963386 -0.007889051510750018 0.015267472512299016 -0.010257881935798017 -0.012839375926250238 0.00075477289704100627 0.0084199398773827337 -0.00047002273389201341 -0.013318922519430763 0.0058562722756812322 0.0012584362365553427 0.0013854793455911297 -0.0036429804694193993 -0.0062050438923631594 0.0063778198414027355 0.0010749568546470248 -0.0072142724992199578 0.015656726696976909 0.01222821178065764 0.0041345008236095167 -0.0019756875860314693 0.0046278198755861956 0.010953917702221696 0.0040521739782542971 0.0093677826532268839 -0.0017392274952906838 -0.0043346441318331073 -0.0034603610284672038
leaf_weight=23 108 67 854 153 155 218 163 411 168 150 230 335 399 344 256 422 215 693 422 54 37 604 789 414 204 352 316 121 93 230
leaf_count=23 108 67 854 153 155 218 163 411 168 150 230 335 399 344 256 422 215 693 422 54 37 604 789 414 204 352 316 121 93 230
internal_value=1.65505e-12 -0.00395431 0.00346156 -0.00546103 0.00653167 -0.00357941 -0.00922592 0.000862782 0.00259206 0.00100779 -0.00852773 0.00945813 0.0046535 -0.00203504 -0.00721741 -0.00665597 0.00724412 -0.00065774 -0.00878161 0.0081809 0.00309876 0.00276596 -0.000955174 0.00297421 0.0086058 0.00270092 0.00756078 -0.0052099 -0.00631939 -0.00522952
internal_weight=9000 4201 4799 3415 2200 2277 1138 2599 786 618 1071 860 1340 1516 841 761 527 1547 585 705 1052 1015 1133 813 419 502 651 543 116 383
internal_count=9000 4201 4799 3415 2200 2277 1138 2599 786 618 1071 860 1340 1516 841 761 527 1547 585 705 1052 1015 1133 813 419 502 651 543 116 383
is_linear=0
shrinkage=0.1


Tree=29
num_leaves=31
num_cat=0
split_feature=2 0 2 0 2 0 4 0 5 5 0 5 5 2 5 2 2 0 0 5 5 5 6 5 6 2 2 2 5 6
split_gain=10.2526 4.9878 2.33232 2.00985 1.02385 0.945588 0.78734 0.77513 0.660781 0.611381 0.567704 0.566291 0.440282 0.409958 0.371684 0.365779 0.307772 0.29998 0.297038 0.284553 0.277214 0.239742 0.236345 0.22218 0.204237 0.176679 0.171082 0.170599 0.165857 0.146222
threshold=832.50000000000011 592.50000000000011 2878.5000000000005 1200.0000000000002 26.500000000000004 285.00000000000006 1421.5000000000002 1515.0000000000002 25.500000000000004 85.500000000000014 1357.5000000000002 200.50000000000003 76.500000000000014 6409.0000000000009 207.50000000000003 5280.0000000000009 260.50000000000006 285.00000000000006 435.00000000000006 229.50000000000003 30.500000000000004 54.500000000000007 70068.500000000015 40.500000000000007 28552.500000000004 158.50000000000003 252.50000000000003 2043.5000000000002 16.500000000000004 58593.500000000007
decision_type=2 2 2 2 2 2 2 2 2 2 2 2 2 2 2 2 2 2 2 2 2 2 2 2 2 2 2 2 2 2
left_child=3 6 7 4 23 22 12 11 26 28 15 20 -2 18 16 24 -10 -14 -8 25 -3 -9 -6 -1 -4 -11 -5 -22 -7 -12
right_child=1 2 10 8 5 9 13 21 14 19 29 -13 17 -15 -16 -17 -18 -19 -20 -21 27 -23 -24 -25 -26 -27 -28 -29 -30 -31
leaf_value=-0.023310335353016853 0.0020483968987738102 -0.004136493550771077 0.0015821179195764743 -0.023276370281682297 0.0010608786377380248 -0.011057543813522105 0.01069289185389969 -0.0074626989079097025 -0.012428095034286303 -0.0060488621399865158 -0.00034498104888776028 0.0027130021233188585 0.008934116305557762 0.021141872632092443 -0.0043047035154099187 0.0085969380069097195 -0.0077900235004391685 0.0048790996575657775 0.0060706665968052577 0.0018588635407735745 -0.0014488288761640433 -0.003103420280491299 0.0081414052426363494 -0.011257473211019086 0.0047688923869481231 -0.0023226697816815739 -0.014082102030515671 0.00079862401050887443 -0.0059964630620740226 0.0028220489607508384
leaf_weight=20 333 266 287 34 165 79 372 158 237 161 384 481 291 29 168 192 361 489 222 136 922 626 66 65 672 607 50 533 359 235
leaf_count=20 333 266 287 34 165 79 372 158 237 161 384 481 291 29 168 192 361 489 222 136 922 626 66 65 672 607 50 533 359 235
internal_value=5.11359e-12 0.00209783 0.000423198 -0.00543027 -0.00340336 -0.0028257 0.0066857 -0.00128177 -0.00938394 -0.00384292 0.00329948 -0.000320394 0.00509238 0.0095322 -0.00846064 0.00461284 -0.00962819 0.00639193 0.00896539 -0.00235721 -0.00116819 -0.00398195 0.00308389 -0.0140934 0.00381519 -0.00310381 -0.0178036 -0.000625535 -0.00690931 0.000857365
internal_weight=9000 6492 4756 2508 1658 1573 1736 2986 850 1342 1770 2202 1113 623 766 1151 598 780 594 904 1721 784 231 85 959 768 84 1455 438 619
internal_count=9000 6492 4756 2508 1658 1573 1736 2986 850 1342 1770 2202 1113 623 766 1151 598 780 594 904 1721 784 231 85 959 768 84 1455 438 619
is_linear=0
shrinkage=0.1


Tree=30
num_leaves=31
num_cat=0
split_feature=2 0 0 2 2 0 6 0 0 2 5 6 2 5 2 5 0 6 5 2 2 0 6 5 5 2 0 2 0 2
split_gain=8.32366 2.9735 2.57221 1.57289 1.17677 0.780751 0.77505 0.538479 0.493865 0.488515 0.482231 0.378431 0.374108 0.357545 0.36618 0.306219 0.299616 0.294933 0.29007 0.235147 0.217096 0.216459 0.21137 0.208421 0.191324 0.179462 0.178978 0.17266 0.158235 0.15538
threshold=2043.5000000000002 900.00000000000011 900.00000000000011 419.50000000000006 767.50000000000011 285.00000000000006 9522.5000000000018 285.00000000000006 285.00000000000006 4600.5000000000009 39.500000000000007 66628.500000000015 4136.0000000000009 217.50000000000003 73.500000000000014 200.50000000000003 1357.5000000000002 79378.500000000015 81.500000000000014 1190.0000000000002 5038.0000000000009 1515.0000000000002 25380.000000000004 19.500000000000004 215.50000000000003 111.50000000000001 1200.0000000000002 6652.5000000000009 1515.0000000000002 36.500000000000007
decision_type=2 2 2 2 2 2 2 2 2 2 2 2 2 2 2 2 2 2 2 2 2 2 2 2 2 2 2 2 2 2
left_child=1 4 5 11 6 20 25 -8 24 15 28 16 22 14 -9 21 29 19 -10 26 -2 -4 -7 -18 -6 -1 -12 -14 -5 -3
right_child=2 3 9 10 8 12 7 13 18 -11 17 -13 27 -15 -16 -17 23 -19 -20 -21 -22 -23 -24 -25 -26 -27 -28 -29 -30 -31
leaf_value=-0.016381547101208885 0.0097871974213048826 -0.014257363219033271 0.0005648545326488153 -0.005443477011969745 0.0044894344205817695 0.0020402005886515401 0.0030042234560893628 -0.0099588862521341071 -0.0014747315674154889 0.0042865317044461183 -0.0024268587415669659 -0.0052971447836690846 0.0073835073254501331 0.0023597674094085284 -0.0027433294626880962 0.0029550343990273199 -0.020115496299695224 7.6206930225453114e-06 0.0022051604193771865 -0.0019812129751559824 0.018005537117520967 -0.0021821397531635533 0.0052150541109311837 -0.011490260992923544 0.011025481820188202 -0.0076634997143255864 -0.0057210248246325019 0.015540820732712747 -0.010435785951487947 -0.0070719184221980647
leaf_weight=33 300 34 924 177 209 292 209 80 314 403 251 238 354 118 582 372 32 320 674 653 36 416 744 225 57 83 481 28 99 262
leaf_count=33 300 34 924 177 209 292 209 80 314 403 251 238 354 118 582 372 32 320 674 653 36 416 744 225 57 83 481 28 99 262
internal_value=2.43993e-12 -0.00264079 0.00350217 -0.00486155 -3.12413e-05 0.00633352 -0.00241055 -0.00150353 0.00206536 0.00115409 -0.00335633 -0.00863125 0.00530652 -0.00271138 -0.0036153 0.000416722 -0.0100662 -0.00272859 0.00103564 -0.00336078 0.0106677 -0.000287944 0.00432021 -0.0125642 0.00589002 -0.0101436 -0.00459147 0.00798143 -0.0072342 -0.00789727
internal_weight=9000 5131 3869 2772 2359 1754 1105 989 1254 2115 1981 791 1418 780 662 1712 553 1705 988 1385 336 1340 1036 257 266 116 732 382 276 296
internal_count=9000 5131 3869 2772 2359 1754 1105 989 1254 2115 1981 791 1418 780 662 1712 553 1705 988 1385 336 1340 1036 257 266 116 732 382 276 296
is_linear=0
shrinkage=0.1


Tree=31
num_leaves=31
num_cat=0
split_feature=2 0 4 0 2 0 2 0 0 6 5 5 0 5 2 5 5 5 2 5 2 2 2 6 5 5 5 2 2 5
split_gain=6.80693 3.38118 1.63617 1.3597 0.722598 0.635789 0.581527 0.522623 0.477654 0.467985 0.369907 0.339927 0.337794 0.298157 0.246598 0.243032 0.206437 0.204421 0.201001 0.197238 0.173574 0.170367 0.169597 0.166069 0.160279 0.157221 0.153606 0.147205 0.143149 0.122563
threshold=818.50000000000011 592.50000000000011 1238.5000000000002 1200.0000000000002 26.500000000000004 435.00000000000006 2127.5000000000005 1515.0000000000002 1200.0000000000002 16263.000000000002 200.50000000000003 88.500000000000014 285.00000000000006 205.50000000000003 64.500000000000014 115.50000000000001 51.500000000000007 27.500000000000004 4171.5000000000009 186.50000000000003 240.50000000000003 5584.5000000000009 1388.5000000000002 34452.000000000007 40.500000000000007 231.50000000000003 54.500000000000007 4981.5000000000009 1791.5000000000002 15.500000000000002
decision_type=2 2 2 2 2 2 2 2 2 2 2 2 2 2 2 2 2 2 2 2 2 2 2 2 2 2 2 2 2 2
left_child=3 6 7 4 24 15 13 10 18 20 17 29 21 22 -11 -6 -10 -3 -4 -16 -5 -8 -2 -14 -1 -13 -9 -18 -24 -7
right_child=1 2 8 9 5 11 12 26 16 14 -12 25 23 -15 19 -17 27 -19 -20 -21 -22 -23 28 -25 -26 -27 -28 -29 -30 -31
leaf_value=-0.019598141722381116 0.0042796936633563085 -0.0039527810145547453 0.0029336801669747059 -0.017946624493568528 -0.0018871920572373234 -0.010258055540883 0.0090867328117243389 -0.0065613252012922925 -0.0018979842020260566 -0.012109593667187973 0.002102856470256972 -0.0029557325622995918 0.0037605097470033624 0.0070359071087923129 -0.0073326848564693251 0.0027991854223501783 0.0010142407400341791 -0.00069174713949809086 0.0058255522860762498 -0.0035777365955679367 -0.010423939162865282 0.017541472441875018 -0.00092383498257557484 0.0070227772585934019 -0.0093610709000719137 0.0012267364311542009 -0.0028523294432869811 0.0046592475469569086 0.0032342121936380867 -0.0052841495664324618
leaf_weight=20 254 223 654 49 190 59 286 138 207 76 449 624 249 174 419 265 618 1393 380 210 82 26 193 418 65 105 585 135 145 309
leaf_count=20 254 223 654 49 190 59 286 138 207 76 449 624 249 174 419 265 618 1393 380 210 82 26 193 418 65 105 585 135 145 309
internal_value=7.19172e-12 0.00169282 0.000317918 -0.00446786 -0.00279219 -0.0023005 0.00546059 -0.0012464 0.00250514 -0.00774904 -0.000436267 -0.00360401 0.00707535 0.0033968 -0.00672915 0.000842237 0.000898871 -0.00114175 0.00399646 -0.00607905 -0.0132378 0.00979129 0.0023272 0.00580493 -0.0117698 -0.00235332 -0.00356027 0.00166773 0.000859943 -0.0060816
internal_weight=9000 6527 4782 2473 1637 1552 1745 2788 1994 836 2065 1097 979 766 705 455 960 1616 1034 629 131 312 592 667 85 729 723 753 338 368
internal_count=9000 6527 4782 2473 1637 1552 1745 2788 1994 836 2065 1097 979 766 705 455 960 1616 1034 629 131 312 592 667 85 729 723 753 338 368
is_linear=0
shrinkage=0.1


Tree=32
num_leaves=31
num_cat=0
split_feature=2 0 0 2 2 0 0 5 2 5 2 5 0 2 5 5 6 2 6 5 2 6 0 0 2 2 6 2 5 5
split_gain=5.60786 2.10703 1.67578 1.0148 0.959723 0.678164 0.524246 0.396351 0.358436 0.335298 0.315885 0.307791 0.28314 0.265319 0.24571 0.217337 0.202432 0.198121 0.190957 0.179629 0.163351 0.15737 0.155943 0.154174 0.148588 0.14045 0.133175 0.123212 0.120538 0.120242
threshold=2075.5000000000005 1050.0000000000002 900.00000000000011 357.50000000000006 357.50000000000006 285.00000000000006 435.00000000000006 49.500000000000007 26.500000000000004 140.50000000000003 4739.5000000000009 35.500000000000007 285.00000000000006 5853.0000000000009 54.500000000000007 216.50000000000003 77850.500000000015 4435.0000000000009 65508.500000000007 85.500000000000014 1190.0000000000002 62337.500000000007 1515.0000000000002 1515.0000000000002 36.500000000000007 6950.5000000000009 59781.000000000007 717.00000000000011 213.50000000000003 55.500000000000007
decision_type=2 2 2 2 2 2 2 2 2 2 2 2 2 2 2 2 2 2 2 2 2 2 2 2 2 2 2 2 2 2
left_child=1 3 6 8 11 18 17 -7 29 20 14 -3 28 21 -4 24 27 26 -5 -14 22 -8 -6 -16 -13 -12 -2 -9 -10 -1
right_child=2 4 10 5 9 7 13 16 12 -11 25 15 19 -15 23 -17 -18 -19 -20 -21 -22 -23 -24 -25 -26 -27 -28 -29 -30 -31
leaf_value=-0.016896123178303243 0.0053192365220443259 -0.013940704771007102 -0.001842707481378254 0.0029564470197528422 -0.0042501090955775998 -0.00314545732473042 0.0025640239047080939 -0.0017724128920645584 0.00015337327069382331 -0.0017523587097056474 0.0030371434986050713 -0.013178783457498162 -0.0063908303293052906 0.010002575337773923 0.0017916497148560584 -0.0023982236087315223 0.0028520176055746738 0.010920681211758744 0.0076596576586855647 -0.0025207784935398726 -0.0030973134774568991 0.0052258468316177826 -0.0078181862038415664 -0.00051521927079551733 -0.0073032800878048212 0.0095415804491101493 0.0085966747921216082 0.0006429046334462717 0.0085251981253913114 -0.0077217312003485866
leaf_weight=20 321 75 368 246 292 336 663 284 95 821 323 49 177 66 929 83 328 132 133 372 433 334 211 421 354 37 202 824 21 50
leaf_count=20 321 75 368 246 292 336 663 284 95 821 323 49 177 66 929 83 328 132 133 372 433 334 211 421 354 37 202 824 21 50
internal_value=-4.85232e-12 -0.00213193 0.00292269 -0.000328593 -0.00437714 0.000767548 0.00523346 -5.36251e-05 -0.00353648 -0.00322737 0.00101225 -0.00797812 -0.00282001 0.00386223 0.000447857 -0.00705797 0.000669812 0.00745883 0.00460691 -0.0037685 -0.00452116 0.00345575 -0.00574686 0.00107225 -0.00801767 0.00370566 0.00658509 2.3816e-05 0.00166896 -0.010343
internal_weight=9000 5204 3796 2886 2318 2151 1718 1772 735 1757 2078 561 665 1063 1718 486 1436 655 379 549 936 997 503 1350 403 360 523 1108 116 70
internal_count=9000 5204 3796 2886 2318 2151 1718 1772 735 1757 2078 561 665 1063 1718 486 1436 655 379 549 936 997 503 1350 403 360 523 1108 116 70
is_linear=0
shrinkage=0.1


Tree=33
num_leaves=31
num_cat=0
split_feature=2 0 0 4 4 2 6 5 6 0 2 5 0 5 0 5 2 5 2 5 0 2 2 0 0 0 2 0 2 5
split_gain=4.58242 2.11868 1.07641 0.689302 0.663911 0.47518 0.448424 0.406083 0.389862 0.35365 0.345656 0.286452 0.249705 0.24947 0.225708 0.222343 0.222677 0.215643 0.215115 0.181489 0.170312 0.145632 0.142178 0.134842 0.131721 0.131457 0.115069 0.108764 0.10252 0.100941
threshold=1016.5000000000001 900.00000000000011 750.00000000000011 1328.5000000000002 1495.5000000000002 215.50000000000003 5438.0000000000009 138.50000000000003 7909.5000000000009 1515.0000000000002 6950.5000000000009 148.50000000000003 435.00000000000006 217.50000000000003 285.00000000000006 246.50000000000003 26.500000000000004 172.50000000000003 136.50000000000003 37.500000000000007 285.00000000000006 1302.5000000000002 1264.5000000000002 285.00000000000006 285.00000000000006 1515.0000000000002 703.50000000000011 1515.0000000000002 2184.5000000000005 129.50000000000003
decision_type=2 2 2 2 2 2 2 2 2 2 2 2 2 2 2 2 2 2 2 2 2 2 2 2 2 2 2 2 2 2
left_child=2 4 5 11 7 8 -4 24 -1 15 12 21 -6 20 22 16 -8 25 -11 -7 -10 -3 -9 -21 -2 -5 -18 -13 -26 -14
right_child=1 3 6 17 10 19 9 14 13 18 -12 27 29 -15 -16 -17 26 -19 -20 23 -22 -23 -24 -25 28 -27 -28 -29 -30 -31
leaf_value=-0.015308056884844387 0.003461166348374125 -0.004633505320015178 -0.010952460883749189 0.0014819633323091353 0.0075023099164791551 -0.0033771719655968043 -0.010327401770544906 0.013865726178994887 8.0587598495185383e-05 -0.011015407124452377 0.016869660163367238 0.00086315981528017915 0.0028562850475621722 0.0036343151245091577 0.0031948890552503818 0.0028932449539666467 -0.0040698331506540146 0.0033153503298405727 -0.0056171996134143955 0.0035960317968433057 -0.0058714786243867024 -0.0018223713539786751 0.0060206854633361217 0.00032839351761140281 -0.00052936141306786822 -0.0010845540238106283 -0.0018281328278209694 -0.0015026686559196113 0.0018092011791392881 0.0054503992037692427
leaf_weight=28 184 236 109 640 354 103 49 27 66 91 27 545 300 48 627 53 818 467 391 167 177 841 160 518 434 290 318 302 330 300
leaf_count=28 184 236 109 640 354 103 49 27 66 91 27 545 300 48 627 53 818 467 391 167 177 841 160 518 434 290 318 302 330 300
internal_value=-1.40297e-12 0.00157009 -0.00324286 -0.000128666 0.00362681 -0.000781676 -0.00473249 0.00246596 -0.00403797 -0.00433831 0.00571183 -0.00135629 0.00539604 -0.00295356 0.00410427 -0.00344359 -0.00372701 0.00156206 -0.00663636 0.000536544 -0.00425487 -0.00243837 0.00715339 0.00112503 0.00105923 0.000681651 -0.00344231 1.96177e-05 0.000480751 0.00415334
internal_weight=9000 6064 2936 3321 2743 1107 1829 1762 319 1720 981 1924 954 291 814 1238 1185 1397 482 788 243 1077 187 685 948 930 1136 847 764 600
internal_count=9000 6064 2936 3321 2743 1107 1829 1762 319 1720 981 1924 954 291 814 1238 1185 1397 482 788 243 1077 187 685 948 930 1136 847 764 600
is_linear=0
shrinkage=0.1


Tree=34
num_leaves=31
num_cat=0
split_feature=2 0 0 2 0 5 0 5 2 2 2 0 6 5 5 5 6 2 6 5 2 6 5 2 5 5 3 2 2 0
split_gain=3.76583 1.44713 1.10472 1.05824 0.468994 0.42345 0.366233 0.350823 0.33334 0.312547 0.259297 0.223324 0.188097 0.180947 0.172781 0.159335 0.155031 0.147141 0.135815 0.125682 0.125148 0.124622 0.10135 0.0984971 0.0979675 0.0938276 0.083958 0.0807559 0.0781281 0.0780149
threshold=2075.5000000000005 435.00000000000006 435.00000000000006 703.50000000000011 1200.0000000000002 180.50000000000003 1200.0000000000002 205.50000000000003 81.500000000000014 90.500000000000014 5388.5000000000009 1200.0000000000002 73507.500000000015 64.500000000000014 39.500000000000007 247.50000000000003 25380.000000000004 5038.0000000000009 24896.500000000004 60.500000000000007 4869.5000000000009 5438.0000000000009 227.50000000000003 36.500000000000007 216.50000000000003 13.500000000000002 423.55226135253912 6950.5000000000009 1302.5000000000002 900.00000000000011
decision_type=2 2 2 2 2 2 2 2 2 2 2 2 2 2 2 2 2 2 2 2 2 2 2 2 2 2 2 2 2 2
left_child=1 7 17 5 10 8 13 9 25 -1 16 -10 20 -5 28 23 -4 19 -11 -2 -6 -13 -16 -7 -15 -3 -18 -12 -8 -25
right_child=2 3 4 6 12 15 14 -9 11 18 27 21 -14 24 22 -17 26 -19 -20 -21 -22 -23 -24 29 -26 -27 -28 -29 -30 -31
leaf_value=-0.0063360183483696202 0.0029821535401528569 -0.015591503903269769 0.0006603572758111262 -0.0021342073546942891 -0.00096500190936793799 -0.0081804137025028468 -0.0080934678309295387 0.0053253847142897756 -0.0034493050065684421 -0.00072086270709982602 0.0052210089249801342 -0.012042252238218983 0.0023133509179088731 4.7456235231939228e-05 -0.0024699791307065352 0.0026915453903484376 0.0019519724884367936 0.010298804389933747 0.0022428079426184194 0.0064221640820985408 0.0020919556561828177 -0.0059014344190362333 0.00055733441660947851 -0.00023276367231862239 0.002477116027428285 -0.0083832942086437181 0.0036322233599000533 0.010572876765831359 -0.0036230988299320909 -0.0031944796993121482
leaf_weight=58 140 20 441 336 849 30 71 211 612 227 145 36 316 821 813 64 554 75 485 440 159 403 128 131 208 186 642 35 87 277
leaf_count=58 140 20 441 336 849 30 71 211 612 227 145 36 316 821 813 64 554 75 485 440 159 403 128 131 208 186 642 35 87 277
internal_value=1.33374e-12 -0.00174704 0.00239505 -0.00255077 0.00161603 -0.00442434 -0.00121327 0.00171284 -0.00540485 0.000722905 0.00265911 -0.0046839 0.000184557 -0.000119335 -0.00257197 -0.00196916 0.00226298 0.00613078 0.00129793 0.00559182 -0.000482803 -0.00640501 -0.00205819 -0.00265017 0.000538583 -0.00908312 0.00285391 0.00626165 -0.00563194 -0.00224354
internal_weight=9000 5204 3796 4223 3141 1759 2464 981 1257 770 1817 1051 1324 1365 1099 502 1637 655 712 580 1008 439 941 438 1029 206 1196 180 158 408
internal_count=9000 5204 3796 4223 3141 1759 2464 981 1257 770 1817 1051 1324 1365 1099 502 1637 655 712 580 1008 439 941 438 1029 206 1196 180 158 408
is_linear=0
shrinkage=0.1


Tree=35
num_leaves=31
num_cat=0
split_feature=4 0 0 2 0 2 5 5 5 2 6 5 0 2 5 0 5 5 5 2 2 0 0 0 6 2 2 2 2 0
split_gain=3.07465 1.17273 1.0066 0.772199 0.388304 0.304345 0.288252 0.279289 0.257788 0.261747 0.248897 0.227471 0.199313 0.196721 0.184468 0.163232 0.152682 0.128316 0.127354 0.112144 0.109963 0.102815 0.0980707 0.0938289 0.0845723 0.0840618 0.0824653 0.0788483 0.0747268 0.0744371
threshold=754.00000000000011 435.00000000000006 900.00000000000011 252.50000000000003 1515.0000000000002 6652.5000000000009 17.500000000000004 134.50000000000003 217.50000000000003 64.500000000000014 78206.500000000015 163.50000000000003 1515.0000000000002 3248.5000000000005 184.50000000000003 435.00000000000006 31.500000000000004 19.500000000000004 27.500000000000004 6652.5000000000009 767.50000000000011 1515.0000000000002 285.00000000000006 285.00000000000006 19979.500000000004 203.50000000000003 1099.5000000000002 26.500000000000004 2931.5000000000005 750.00000000000011
decision_type=2 2 2 2 2 2 2 2 2 2 2 2 2 2 2 2 2 2 2 2 2 2 2 2 2 2 2 2 2 2
left_child=1 8 5 6 11 7 -3 22 9 -1 13 18 14 24 27 -9 -6 -11 -5 21 -20 -15 -2 -19 -4 -25 29 -8 -24 -13
right_child=2 3 10 4 16 -7 12 15 -10 17 -12 26 -14 19 -16 -17 -18 23 20 -21 -22 -23 28 25 -26 -27 -28 -29 -30 -31
leaf_value=-0.0067447777273958887 0.0044091364692027714 -0.012140540878192106 -0.0024162032502953708 -0.0039619940844565363 -0.0081605726177804185 0.012465979217698701 -0.0087188975427125118 0.0063873461113747578 0.0053194532018245146 -0.0033839455082280826 0.0026780632557966122 0.0012079037989909487 -0.0079709766589355878 0.0016424313334524937 -0.0010846953645038107 0.003633498093892908 -0.0033818527136940863 0.0027834167330751591 -0.0027033833155314826 0.0060785297780636361 -0.00077249653348938896 -0.00078053631631817616 0.00083448983314523542 -0.0038544476338912073 -0.00035367382918760062 0.0010028548355394914 0.0013066889391766224 -0.0045417476194215588 0.0027321087092503217 -0.0015169726382065164
leaf_weight=44 179 58 266 257 75 38 52 352 147 56 441 142 156 569 162 554 616 330 480 44 765 253 396 41 787 272 346 345 436 341
leaf_count=44 179 58 266 257 75 38 52 352 147 56 441 142 156 569 162 554 616 330 480 44 765 253 396 41 787 272 346 345 436 341
internal_value=2.82947e-12 -0.00177383 0.00192593 -0.00254002 -0.00181857 0.00360404 -0.00536045 0.00342838 0.00149321 0.000736205 0.000535804 -0.0012014 -0.00481046 4.34975e-05 -0.00392845 0.00470343 -0.00390053 0.00120711 -0.0019353 0.00115996 -0.00151693 0.000896676 0.00228575 0.00160695 -0.000874693 0.000366595 0.000128286 -0.00508888 0.00182892 -0.00071587
internal_weight=9000 4685 4315 3795 3022 1955 773 1917 890 743 2360 2331 715 1919 559 906 691 699 1502 866 1245 822 1011 643 1053 313 829 397 832 483
internal_count=9000 4685 4315 3795 3022 1955 773 1917 890 743 2360 2331 715 1919 559 906 691 699 1502 866 1245 822 1011 643 1053 313 829 397 832 483
is_linear=0
shrinkage=0.1


Tree=36
num_leaves=31
num_cat=0
split_feature=2 0 0 2 2 0 0 5 2 6 5 6 2 5 5 2 0 5 5 5 2 2 2 2 2 5 0 2 6 0
split_gain=2.55688 1.01029 0.735841 0.473067 0.470986 0.325296 0.273349 0.236025 0.198206 0.186351 0.185202 0.177276 0.150488 0.139013 0.131883 0.112757 0.111439 0.106443 0.0975301 0.0973652 0.0952574 0.0951135 0.0908184 0.0892307 0.0885866 0.081236 0.0772138 0.075465 0.0721902 0.0662223
threshold=2127.5000000000005 1050.0000000000002 900.00000000000011 357.50000000000006 419.50000000000006 285.00000000000006 285.00000000000006 52.500000000000007 44.500000000000007 36731.000000000007 227.50000000000003 59781.000000000007 3792.5000000000005 38.500000000000007 23.500000000000004 880.50000000000011 285.00000000000006 207.50000000000003 213.50000000000003 230.50000000000003 1190.0000000000002 6219.0000000000009 5139.0000000000009 168.50000000000003 5482.0000000000009 193.50000000000003 1515.0000000000002 36.500000000000007 54604.000000000007 1200.0000000000002
decision_type=2 2 2 2 2 2 2 2 2 2 2 2 2 2 2 2 2 2 2 2 2 2 2 2 2 2 2 2 2 2
left_child=1 4 6 9 8 17 24 15 13 23 14 21 25 -1 -5 -7 -10 -6 -9 27 29 26 -13 -3 -2 -8 -4 -11 -18 -16
right_child=2 3 11 10 5 7 12 18 16 19 -12 22 -14 -15 20 -17 28 -19 -20 -21 -22 -23 -24 -25 -26 -27 -28 -29 -30 -31
leaf_value=-0.013604555535130203 0.0057241255972991911 -0.0095583784846268362 0.00035110255113800009 -0.0052378407753349166 0.0023779446123255491 -0.0050066736234640266 0.0016565303601137297 0.00021075738392556669 0.0011448785411572778 -0.0090505128441792405 0.00069207348715281123 0.0015007972976365466 0.0043742497169303755 -0.0044318038165128155 -0.0012083698974115912 -0.0010898950754110084 -0.0030872075054739607 0.0063709016457794178 0.0022796734772280542 -0.00021038281286434669 -0.0013624248818980605 0.0041804274191515741 0.0047028619480603516 -0.0054829815626969017 0.011717299923852639 0.0039548233370226456 -0.0013924096283104697 -0.0041546899465652945 -0.00086739312160476797 -0.003478761044326404
leaf_weight=20 285 122 820 160 287 105 677 1091 126 36 203 673 485 95 164 245 339 87 288 56 690 52 102 96 27 199 368 251 258 593
leaf_count=20 285 122 820 160 287 105 677 1091 126 36 203 673 485 95 164 245 339 87 288 56 690 52 102 96 27 199 368 251 258 593
internal_value=3.29783e-13 -0.00140443 0.00202287 -0.00294038 -0.000166172 0.000632666 0.00357306 5.42263e-05 -0.00217089 -0.00547757 -0.00215399 0.000735786 0.00296105 -0.00602706 -0.00251351 -0.00226493 -0.00155753 0.00330679 0.000642844 -0.00402457 -0.00221227 -5.74228e-06 0.00192223 -0.00776371 0.00624277 0.00217863 -0.000188975 -0.0047688 -0.00212789 -0.00298689
internal_weight=9000 5312 3688 2371 2941 2103 1673 1729 838 561 1810 2015 1361 115 1607 350 723 374 1379 343 1447 1240 775 218 312 876 1188 287 597 757
internal_count=9000 5312 3688 2371 2941 2103 1673 1729 838 561 1810 2015 1361 115 1607 350 723 374 1379 343 1447 1240 775 218 312 876 1188 287 597 757
is_linear=0
shrinkage=0.1


Tree=37
num_leaves=31
num_cat=0
split_feature=2 0 2 0 5 2 5 5 2 0 0 4 0 6 8 0 5 2 2 2 5 0 5 5 2 5 5 5 2 2
split_gain=2.08534 1.13004 0.60131 0.489113 0.362937 0.251047 0.227167 0.208198 0.187031 0.186461 0.159952 0.147905 0.147635 0.139889 0.117649 0.117434 0.09585 0.0949882 0.210745 0.153719 0.0892063 0.0878508 0.0848153 0.0792737 0.0789545 0.0782137 0.0947702 0.074778 0.0723707 0.0639768
threshold=818.50000000000011 592.50000000000011 2794.5000000000005 1515.0000000000002 180.50000000000003 90.500000000000014 64.500000000000014 216.50000000000003 7296.0000000000009 1515.0000000000002 1515.0000000000002 1495.5000000000002 435.00000000000006 46166.000000000007 1580.5000000000002 285.00000000000006 15.500000000000002 1253.5000000000002 1061.5000000000002 1791.5000000000002 246.50000000000003 285.00000000000006 19.500000000000004 168.50000000000003 52.500000000000007 159.50000000000003 21.500000000000004 77.500000000000014 5280.0000000000009 1388.5000000000002
decision_type=2 2 2 2 2 2 2 2 2 2 2 2 2 2 2 2 2 2 2 2 2 2 2 2 2 2 2 2 2 2
left_child=3 6 7 4 5 25 28 10 9 13 22 17 27 -4 -5 -6 -14 18 -8 29 -17 -13 -3 -20 -16 26 -1 -7 -2 -19
right_child=1 2 8 14 15 12 11 -9 -10 -11 -12 21 16 -15 24 20 -18 19 23 -21 -22 -23 -24 -25 -26 -27 -28 -29 -30 -31
leaf_value=-0.010326212268943589 0.00082419842453498307 -0.0027972261674550688 0.00097248249954240201 -0.0091493185453305776 0.0039867606742002354 -0.0019711269875915603 0.0021872378871325188 0.0011986891417897917 0.010707931593060493 -0.00039383057620485099 -0.0024823700516158377 0.0074064856433351317 -0.0063468280710964539 0.0029593498294017031 -0.0094348419824558678 -0.00082694494938716006 -0.0024204263891217993 0.00322546861170243 0.0058167535946995492 0.0035639762258650588 0.0028226239936827106 0.0043330736924387658 -0.00042579246535561735 0.012152763489538278 -0.0043032971861177386 -0.01165050769224763 -0.004267106273060514 0.0013311647632508539 0.0063653956651687623 -0.00055578089557622502
leaf_weight=30 412 166 695 74 74 120 111 459 22 429 639 134 67 723 33 440 863 60 40 444 79 304 1649 39 328 20 185 160 25 176
leaf_count=30 412 166 695 74 74 120 111 459 22 429 639 134 67 723 33 440 863 60 40 444 79 304 1649 39 328 20 185 160 25 176
internal_value=5.58968e-13 0.000936963 0.000142116 -0.00247293 -0.0018232 -0.00267808 0.00311516 -0.000756096 0.00154206 0.00143288 -0.00112172 0.00377466 -0.0020972 0.00198553 -0.00551697 0.000259952 -0.0027033 0.00302015 0.0049969 0.00246782 -0.000271423 0.00527334 -0.000642684 0.00894466 -0.00477239 -0.00566898 -0.00511256 -8.41031e-05 0.0011412 0.000405554
internal_weight=9000 6527 4782 2473 2038 1445 1745 2913 1869 1847 2454 1308 1210 1418 435 593 930 870 190 680 519 438 1815 79 361 235 215 280 437 236
internal_count=9000 6527 4782 2473 2038 1445 1745 2913 1869 1847 2454 1308 1210 1418 435 593 930 870 190 680 519 438 1815 79 361 235 215 280 437 236
is_linear=0
shrinkage=0.1


Tree=38
num_leaves=31
num_cat=0
split_feature=4 0 0 2 2 0 5 5 5 2 0 2 5 5 2 6 0 5 5 6 2 6 4 0 0 2 4 0 5 4
split_gain=1.73255 0.667542 0.573465 0.443564 0.233721 0.229069 0.197334 0.181542 0.164514 0.161286 0.15766 0.150334 0.142974 0.133648 0.128279 0.126521 0.108172 0.103172 0.102438 0.0861576 0.0794969 0.0671385 0.0650285 0.0637164 0.0573456 0.0560462 0.051984 0.0489358 0.043214 0.0425312
threshold=787.50000000000011 435.00000000000006 1050.0000000000002 252.50000000000003 7296.0000000000009 1515.0000000000002 68.500000000000014 15.500000000000002 217.50000000000003 4739.5000000000009 435.00000000000006 64.500000000000014 225.50000000000003 241.50000000000003 26.500000000000004 22488.000000000004 1357.5000000000002 42.500000000000007 27.500000000000004 6881.5000000000009 717.00000000000011 88635.000000000015 1734.0000000000002 1515.0000000000002 285.00000000000006 203.50000000000003 1927.0000000000002 285.00000000000006 229.50000000000003 1480.5000000000002
decision_type=2 2 2 2 2 2 2 2 2 2 2 2 2 2 2 2 2 2 2 2 2 2 2 2 2 2 2 2 2 2
left_child=1 8 4 7 6 12 -2 -3 11 15 26 -1 18 14 -9 -4 -16 -7 -5 -13 -20 29 -12 -11 -21 -26 -8 -10 -19 -17
right_child=2 3 9 5 -6 17 10 13 27 23 22 19 -14 -15 16 21 -18 28 20 24 -22 -23 -24 -25 25 -27 -28 -29 -30 -31
leaf_value=-0.0051280531365509065 0.0009349112620225874 -0.0097697840099606453 -0.0017809337817747493 -0.0029856713520351181 0.013327312842011453 -0.0059157114844218053 0.0036728916399810041 -0.0076219682612579803 0.0058607343863695859 0.0036414975471416259 0.0017124170699638983 -0.002913784378589216 0.0012769499885530752 0.0018100948189385237 -0.0024899472326051272 -0.00052740808861615764 -0.0053651343914005098 -0.0027503374663037498 -0.0018122689833747403 0.0020863191367034052 -0.00042886733079148376 0.0025259215840208534 0.0032539053078108971 0.00063894927744051347 -0.0031687038878555453 0.00074960491071308314 0.005713821309050772 0.0022263005385985196 -0.00028533568808442641 0.00071794287091532895
leaf_weight=44 611 51 379 264 20 98 319 83 80 168 642 55 276 43 402 579 194 536 618 351 1267 123 477 122 42 279 205 69 82 521
leaf_count=44 611 51 379 264 20 98 319 83 80 168 642 55 276 43 402 579 194 536 618 351 1267 123 477 122 42 279 205 69 82 521
internal_value=2.30807e-12 -0.00128804 0.00149457 -0.00185777 0.00256475 -0.00132966 0.00246926 -0.00400368 0.0011358 0.000208307 0.00303985 0.000547937 -0.000865623 -0.00359638 -0.00393876 -0.000184523 -0.00342583 -0.00290128 -0.0011408 0.000891464 -0.000882418 0.000310194 0.00236951 0.00237836 0.00120291 0.000236929 0.00447135 0.00417767 -0.00242327 6.24354e-05
internal_weight=9000 4834 4166 3914 2274 3141 2254 773 920 1892 1643 771 2425 722 679 1602 596 716 2149 727 1885 1223 1119 290 672 321 524 149 618 1100
internal_count=9000 4834 4166 3914 2274 3141 2254 773 920 1892 1643 771 2425 722 679 1602 596 716 2149 727 1885 1223 1119 290 672 321 524 149 618 1100
is_linear=0
shrinkage=0.1


Tree=39
num_leaves=31
num_cat=0
split_feature=2 0 0 2 2 0 2 0 6 6 2 5 5 2 6 5 2 5 5 5 5 4 2 5 5 5 6 2 2 0
split_gain=1.43479 0.58742 0.435999 0.309763 0.245182 0.227997 0.205142 0.178407 0.15011 0.138601 0.129487 0.125552 0.105493 0.103421 0.0989621 0.0916866 0.0811104 0.0730425 0.0667573 0.0611456 0.0583667 0.057945 0.0569709 0.0524695 0.049696 0.0489993 0.0489408 0.0480369 0.0673495 0.0435894
threshold=2127.5000000000005 1200.0000000000002 435.00000000000006 357.50000000000006 178.50000000000003 592.50000000000011 6409.0000000000009 1200.0000000000002 69800.000000000015 55367.500000000007 26.500000000000004 93.500000000000014 207.50000000000003 1219.5000000000002 18905.500000000004 217.50000000000003 6219.0000000000009 64.500000000000014 186.50000000000003 40.500000000000007 37.500000000000007 1715.5000000000002 7296.0000000000009 16.500000000000004 245.50000000000003 227.50000000000003 8706.5000000000018 1145.5000000000002 1239.5000000000002 285.00000000000006
decision_type=2 2 2 2 2 2 2 2 2 2 2 2 2 2 2 2 2 2 2 2 2 2 2 2 2 2 2 2 2 2
left_child=1 3 16 10 11 8 7 12 20 13 19 -3 21 26 -9 23 18 -7 -2 -1 -5 -4 -8 -12 27 -11 -6 -19 -29 -17
right_child=2 4 6 5 9 17 22 14 -10 25 15 -13 -14 -15 -16 29 -18 24 -20 -21 -22 -23 -24 -25 -26 -27 -28 28 -30 -31
leaf_value=-0.010449019000516273 0.0030109524119685659 -0.0084423039859922774 0.00057612204320817628 -0.0011158243329891075 -0.005963598431951208 -0.0017894004433797594 0.0040076672197135003 -0.0017744788313914359 0.0031851935794056604 -0.0014843855600021397 -0.0051345528767948664 -0.0037291754910809324 0.00321960806135748 -0.0015411051645855258 0.00041344152215728807 0.0053657663578633224 0.0094863333739340309 -0.0010139248377832092 0.0053293158795320612 -0.0041260608894607203 0.0010400449880658101 0.0018674575629429114 0.0093797777994320958 -0.0017029255181155432 0.0024958069285085957 0.00038782511053891782 -0.0033155992107091296 0.003772906269743824 -2.1444219060875715e-05 0.00021972451283926923
leaf_weight=20 434 88 766 156 82 358 82 262 319 529 48 158 303 366 980 20 25 501 174 65 644 636 26 621 67 190 469 52 466 93
leaf_count=20 434 88 766 156 82 358 82 262 319 529 48 158 303 366 980 20 25 501 174 65 644 636 26 621 67 190 469 52 466 93
internal_value=-1.26677e-12 -0.00105206 0.00151533 -0.00027311 -0.00247171 0.000279607 0.0010204 0.000863527 0.00135103 -0.00202911 -0.00190704 -0.00541517 0.0015276 -0.00284414 -4.81005e-05 -0.00150412 0.00390397 -0.000550668 0.00367443 -0.00561382 0.00061965 0.00116192 0.00530095 -0.00194914 -0.00014232 -0.000989643 -0.00370968 -0.000315778 0.000359456 0.00113053
internal_weight=9000 5312 3688 3430 1882 2563 3055 2947 1119 1636 867 246 1705 917 1242 782 633 1444 608 85 800 1402 108 669 1086 719 551 1019 518 113
internal_count=9000 5312 3688 3430 1882 2563 3055 2947 1119 1636 867 246 1705 917 1242 782 633 1444 608 85 800 1402 108 669 1086 719 551 1019 518 113
is_linear=0
shrinkage=0.1


Tree=40
num_leaves=31
num_cat=0
split_feature=4 0 0 0 2 2 2 6 5 5 5 6 5 5 0 4 5 0 2 5 0 6 2 4 0 6 6 2 0 6
split_gain=1.1871 0.522403 0.301018 0.251702 0.246656 0.234783 0.152573 0.14146 0.116578 0.108263 0.104409 0.0969379 0.088129 0.0751736 0.0751243 0.0706089 0.0676841 0.0651855 0.0613962 0.0613897 0.0567957 0.0635497 0.0565811 0.048846 0.0382338 0.0374424 0.0364295 0.0359864 0.035338 0.0350127
threshold=1060.5000000000002 1050.0000000000002 900.00000000000011 285.00000000000006 357.50000000000006 178.50000000000003 6950.5000000000009 17387.000000000004 193.50000000000003 31.500000000000004 51.500000000000007 67921.000000000015 215.50000000000003 216.50000000000003 1515.0000000000002 20.500000000000004 12.500000000000002 285.00000000000006 880.50000000000011 220.50000000000003 1515.0000000000002 7909.5000000000009 4912.5000000000009 394.50000000000006 1515.0000000000002 14807.000000000002 88635.000000000015 1545.0000000000002 435.00000000000006 66628.500000000015
decision_type=2 2 2 2 2 2 2 2 2 2 2 2 2 2 2 2 2 2 2 2 2 2 2 2 2 2 2 2 2 2
left_child=1 3 6 12 9 15 8 18 17 -3 -4 20 16 24 22 -5 -1 -2 -7 23 -6 -22 29 -9 -11 -19 -17 -23 -10 -12
right_child=2 4 10 5 11 7 -8 19 28 13 14 -13 -14 -15 -16 26 -18 25 -20 -21 21 27 -24 -25 -26 -27 -28 -29 -30 -31
leaf_value=-0.0041899290645406361 0.0036285856682356566 -0.007539251132228815 -0.00087325470326797712 -0.0061916511268699896 -0.0013138922549447078 -0.0033003005310258066 0.010042953960321567 -0.00061975952805462596 0.0051789102887080333 -0.0030119561562343255 0.00068674492389024977 -0.00033006903990727692 0.0047000404406878117 -0.00051047872949717 1.5795850776274658e-06 -0.0025669503054479887 0.0016199714221255745 0.00029525489964149639 -0.00078960327877177655 0.0016305204326345123 -0.0056236071256740442 -0.002885362051773603 0.0033036482663075547 0.00051519923203237968 -0.0049757305148593013 0.0019008342408224879 0.0017623878494348556 -0.0011896872207324861 0.0031893687241503765 0.002087220679106929
leaf_weight=21 186 67 357 54 834 154 27 623 148 244 475 599 95 83 459 261 444 183 265 300 62 329 156 969 167 704 21 202 225 286
leaf_count=21 186 67 357 54 834 154 27 623 148 244 475 599 95 83 459 261 444 183 265 300 62 329 156 969 167 704 21 202 225 286
internal_value=3.21147e-12 -0.00085431 0.00154394 -1.48037e-06 -0.00191153 -0.000408965 0.00259496 -4.9856e-05 0.00245589 -0.00376714 0.000650601 -0.00139771 0.00192461 -0.00325553 0.00104596 -0.00287891 0.00135759 0.0019265 -0.00171239 0.000318327 -0.00184587 -0.00259404 0.00156872 7.10539e-05 -0.00380989 0.00156958 -0.00224455 -0.0022403 0.00397878 0.00121307
internal_weight=9000 5794 3206 3207 2587 2647 1473 2311 1446 561 1733 2026 560 494 1376 336 465 1073 419 1892 1427 593 917 1592 411 887 282 531 373 761
internal_count=9000 5794 3206 3207 2587 2647 1473 2311 1446 561 1733 2026 560 494 1376 336 465 1073 419 1892 1427 593 917 1592 411 887 282 531 373 761
is_linear=0
shrinkage=0.1


Tree=41
num_leaves=31
num_cat=0
split_feature=2 0 0 2 2 5 2 5 8 6 5 0 0 2 3 2 0 0 8 4 0 2 5 2 2 2 0 6 5 2
split_gain=0.972508 0.396634 0.300009 0.252007 0.228468 0.18869 0.150271 0.14151 0.140151 0.127468 0.0964379 0.0949384 0.0903807 0.083571 0.0728088 0.0664753 0.0622582 0.0612864 0.0609629 0.0606972 0.0596068 0.0498977 0.0490854 0.0435936 0.0703929 0.0684787 0.0408882 0.0391873 0.0375848 0.0373663
threshold=2127.5000000000005 750.00000000000011 435.00000000000006 1190.0000000000002 268.50000000000006 19.500000000000004 6219.0000000000009 84.500000000000014 2010.5000000000002 21317.500000000004 246.50000000000003 285.00000000000006 1515.0000000000002 36.500000000000007 488.25024414062506 4384.0000000000009 1357.5000000000002 285.00000000000006 1904.0000000000002 113.50000000000001 1515.0000000000002 7296.0000000000009 116.50000000000001 1388.5000000000002 1829.5000000000002 983.50000000000011 1515.0000000000002 86136.000000000015 186.50000000000003 1264.5000000000002
decision_type=2 2 2 2 2 2 2 2 2 2 2 2 2 2 2 2 2 2 2 2 2 2 2 2 2 2 2 2 2 2
left_child=1 4 15 8 5 -1 9 -6 19 26 13 18 14 -10 -11 28 -15 23 -7 -3 -5 -8 -20 25 -25 -9 -4 -13 -2 -27
right_child=2 3 6 20 7 11 21 17 10 12 -12 27 -14 16 -16 -17 -18 -19 22 -21 -22 -23 -24 24 -26 29 -28 -29 -30 -31
leaf_value=-0.0098040886988331171 0.0021308965093795834 -0.0052246673639779655 -0.00015210210719732799 8.6758666323239787e-05 -0.0005710409306948893 0.0062406639358960096 0.0031598324629391649 0.0022370644642821496 -0.0055200471416494605 0.00077699283350884496 0.0018208799621788785 -0.0027155879793899504 -0.00017970218512212006 -0.0011028638954128469 0.0020600596163011385 0.0051788524136518257 -0.0024797724208358764 0.001001802053709374 -0.003510361913448343 -0.002894117851991211 -0.0014070783220303737 0.0080351981620949055 0.0017327760285983811 -0.00099020599755021981 0.004241364017713729 0.0081042885235170052 -0.0021584558827751608 0.0013775659881782934 0.0040447519523902509 0.002995630944232372
leaf_weight=28 351 144 542 843 502 20 109 118 59 952 76 233 475 790 826 137 562 768 26 499 391 26 57 64 43 41 125 26 145 22
leaf_count=28 351 144 542 843 502 20 109 118 59 952 76 233 475 790 826 137 562 768 26 499 391 26 57 64 43 41 125 26 145 22
internal_value=3.0053e-12 -0.000866147 0.00124755 -0.0015237 0.000269385 -0.00189517 0.000837001 0.00081122 -0.00218249 0.000686199 -0.00164909 -0.00128343 0.00104569 -0.00183599 0.00137306 0.00322897 -0.00167522 0.00146832 0.00128458 -0.00341604 -0.000386572 0.00409879 9.03473e-05 0.00271236 0.0011122 0.00365831 -0.000528105 -0.00230469 0.00269039 0.00632031
internal_weight=9000 5312 3688 3364 1948 390 3055 1558 2130 2920 1487 362 2253 1411 1778 633 1352 1056 103 643 1234 135 83 288 107 181 667 259 496 63
internal_count=9000 5312 3688 3364 1948 390 3055 1558 2130 2920 1487 362 2253 1411 1778 633 1352 1056 103 643 1234 135 83 288 107 181 667 259 496 63
is_linear=0
shrinkage=0.1


Tree=42
num_leaves=31
num_cat=0
split_feature=4 0 0 1 2 6 5 6 2 2 0 5 5 2 5 4 6 0 5 0 0 2 5 2 0 3 2 2 2 0
split_gain=0.798685 0.306708 0.27951 0.190654 0.12796 0.121963 0.111651 0.10632 0.101093 0.0954427 0.0903449 0.0740895 0.0721221 0.0680908 0.0605736 0.0591401 0.0525243 0.0485631 0.0457697 0.0448823 0.0397702 0.0383504 0.0357948 0.0351809 0.0350494 0.0348456 0.0503907 0.0614121 0.0610586 0.0325901
threshold=706.50000000000011 435.00000000000006 1050.0000000000002 3.5000000000000004 7296.0000000000009 59781.000000000007 233.50000000000003 75582.500000000015 36.500000000000007 18.500000000000004 1515.0000000000002 217.50000000000003 85.500000000000014 3248.5000000000005 193.50000000000003 1753.5000000000002 6881.5000000000009 1200.0000000000002 16.500000000000004 592.50000000000011 1515.0000000000002 4136.0000000000009 13.500000000000002 4739.5000000000009 1515.0000000000002 89.557392120361342 1388.5000000000002 1772.5000000000002 922.50000000000011 285.00000000000006
decision_type=2 2 2 2 2 2 2 2 2 2 2 2 2 2 2 2 2 2 2 2 2 2 2 2 2 2 2 2 2 2
left_child=1 9 4 6 5 15 8 13 -3 -1 14 18 17 -4 22 -2 -12 -10 -11 -7 -14 -21 -5 -9 -15 -20 28 -28 -27 -17
right_child=2 3 7 10 -6 19 -8 23 12 11 16 -13 20 24 -16 29 -18 -19 25 21 -22 -23 -24 -25 -26 26 27 -29 -30 -31
leaf_value=-0.0060650684323627505 0.0005540155585780608 -0.0055224522557514519 -0.00087080625254903226 -0.0026536467675313279 0.0096169997472316041 0.0032176897026942129 0.00075625037206198537 0.0010954270816861242 -0.0025576932265616243 -0.0025482900329339116 -0.0057587893666042125 0.0030145696262170144 -0.0013118027402593535 0.00099894379012724593 0.00048677561176703346 0.0035825661932176443 -0.0017086900494445714 -0.0050491403111718822 -0.00014412071990163361 0.0013191029737258573 -0.0033102112687802654 0.0033996099366858188 -0.00070198266711088018 0.0036863904236434184 -0.00047359115540452929 0.00085997899741072678 -0.0024340269251297286 0.0017455651576500923 0.004149560750754378 0.0015132251745114094
leaf_weight=20 953 115 915 101 20 444 101 372 190 46 34 141 475 430 453 90 550 133 272 365 126 117 1351 61 259 133 64 78 98 493
leaf_count=20 953 115 915 101 20 444 101 372 190 46 34 141 475 430 453 90 550 133 272 365 126 117 1351 61 259 133 64 78 98 493
internal_value=9.90169e-13 -0.00094602 0.000938065 -0.00134689 0.00165054 0.00158583 -0.00241789 6.99395e-05 -0.00272644 0.000761433 -0.000856354 0.000925532 -0.00237845 -0.000305425 -0.000522776 0.00103934 -0.00194448 -0.00358358 0.00049926 0.00249231 -0.00173077 0.00182412 -0.000837739 0.00146044 0.000445407 0.000716604 0.00134426 -0.000138195 0.00225556 0.00183268
internal_weight=9000 4481 4519 3629 2482 2462 1140 2037 1039 852 2489 832 924 1604 1905 1536 584 323 691 926 601 482 1452 433 689 645 373 142 231 583
internal_count=9000 4481 4519 3629 2482 2462 1140 2037 1039 852 2489 832 924 1604 1905 1536 584 323 691 926 601 482 1452 433 689 645 373 142 231 583
is_linear=0
shrinkage=0.1


Tree=43
num_leaves=31
num_cat=0
split_feature=4 0 0 0 3 2 6 6 4 5 6 6 5 0 4 2 5 2 2 5 2 5 0 5 2 2 2 5 5 4
split_gain=0.666203 0.31469 0.172014 0.170123 0.153138 0.146738 0.102508 0.0966499 0.0754497 0.0746746 0.072748 0.0671164 0.0578674 0.0549888 0.0537786 0.0465041 0.0459794 0.0527508 0.0454699 0.0449067 0.0437989 0.0417838 0.0337738 0.0337473 0.0326844 0.0379591 0.0322261 0.0321305 0.0320373 0.0311427
threshold=1138.5000000000002 1200.0000000000002 435.00000000000006 285.00000000000006 83.223842620849624 703.50000000000011 77101.000000000015 21643.500000000004 20.500000000000004 76.500000000000014 12991.500000000002 9115.5000000000018 118.50000000000001 1515.0000000000002 15.500000000000002 6409.0000000000009 241.50000000000003 601.50000000000011 566.50000000000011 215.50000000000003 6219.0000000000009 247.50000000000003 592.50000000000011 134.50000000000003 1388.5000000000002 1725.5000000000002 880.50000000000011 227.50000000000003 12.500000000000002 385.50000000000006
decision_type=2 2 2 2 2 2 2 2 2 2 2 2 2 2 2 2 2 2 2 2 2 2 2 2 2 2 2 2 2 2
left_child=1 3 15 12 7 8 11 -3 -5 -6 26 -4 28 20 -9 23 17 18 -10 22 -13 -16 24 -2 29 -26 -7 -11 -1 -12
right_child=2 4 6 5 9 10 -8 14 16 27 19 13 -14 -15 21 -17 -18 -19 -20 -21 -22 -23 -24 -25 25 -27 -28 -29 -30 -31
leaf_value=-0.0032701267952110029 0.0018927452206284777 -0.0053497439028748397 -0.00093594352387410388 -0.0045324583654291926 -0.0021225462243069522 -0.0043536843281359447 0.0021850442906239144 -0.0069935111146744184 -0.0010788969222459688 -0.00081194854443202534 3.1050532574258876e-06 0.00094761296423488326 0.0023991969626046212 -0.00029677256071112298 -0.0022646561766251024 0.0076002619601786142 0.0013805635990507114 -0.0030692385133685701 0.0024077091009344145 0.0014542476536472022 0.0035701051824413412 0.0018551909255900404 -0.00015520436203377843 0.0035353885184759974 -0.0016052306299282398 0.00097111785687273983 -0.00094267292601356387 0.00069431865013675691 0.00072581504884925514 0.0028344143163909008
leaf_weight=22 260 127 262 65 439 31 479 23 914 874 57 1287 324 371 463 20 74 132 39 329 67 26 1024 241 82 189 260 169 228 122
leaf_count=22 260 127 262 65 439 31 479 23 914 874 57 1287 324 371 463 20 74 132 39 329 67 26 1024 241 82 189 260 169 228 122
internal_value=-3.4865e-13 -0.000606393 0.0012207 -7.23456e-05 -0.00158636 -0.000347333 0.000871894 -0.00288039 -0.00121716 -0.00102841 0.000161102 0.000555337 0.00151722 0.000781839 -0.00226787 0.00287168 -0.00103122 -0.00119571 -0.000936213 0.000397896 0.00107738 -0.00204561 0.000162116 0.00268292 0.000884195 0.000191559 -0.00130605 -0.000567884 0.000374172 0.00193282
internal_weight=9000 6013 2987 3892 2121 3318 2466 639 1224 1482 2094 1987 574 1725 512 521 1159 1085 953 1803 1354 489 1474 501 450 271 291 1043 250 179
internal_count=9000 6013 2987 3892 2121 3318 2466 639 1224 1482 2094 1987 574 1725 512 521 1159 1085 953 1803 1354 489 1474 501 450 271 291 1043 250 179
is_linear=0
shrinkage=0.1


Tree=44
num_leaves=31
num_cat=0
split_feature=2 0 0 5 2 2 2 0 5 0 5 0 6 3 5 5 0 5 0 7 2 6 4 2 2 2 2 5 4 3
split_gain=0.550178 0.229932 0.186384 0.17761 0.152267 0.0914414 0.0835015 0.0798545 0.0758053 0.0691997 0.0687846 0.0661021 0.0532735 0.0510002 0.0492533 0.0476406 0.0463687 0.04324 0.0417081 0.0580483 0.0401145 0.0362343 0.0358319 0.0352855 0.102092 0.0933459 0.0505635 0.0489639 0.0362326 0.0348524
threshold=2127.5000000000005 1515.0000000000002 750.00000000000011 173.50000000000003 252.50000000000003 240.50000000000003 6950.5000000000009 592.50000000000011 200.50000000000003 592.50000000000011 17.500000000000004 750.00000000000011 11796.500000000002 521.65634155273449 31.500000000000004 246.50000000000003 285.00000000000006 25.500000000000004 285.00000000000006 350.70394897460943 1099.5000000000002 3963.0000000000005 15.500000000000002 1388.5000000000002 865.50000000000011 601.50000000000011 1791.5000000000002 70.500000000000014 454.50000000000006 36.985731124877937
decision_type=2 2 2 2 2 2 2 2 2 2 2 2 2 2 2 2 2 2 2 2 2 2 2 2 2 2 2 2 2 2
left_child=1 3 6 4 10 17 12 -5 13 23 11 -1 -2 -4 -7 20 -14 -3 19 -12 -9 -11 -20 24 25 -6 -25 -27 -29 -24
right_child=2 5 8 7 9 14 -8 15 -10 21 18 -13 16 -15 -16 -17 -18 -19 22 -21 -22 -23 29 26 -26 27 -28 28 -30 -31
leaf_value=-0.0097592485218268368 0.00013053811801549774 -0.0085378171270713201 -0.00034281110339919073 0.0015880587956813678 0.0010480442990023547 -0.0037779426305939489 0.0079992197199978618 -0.00084200496382295497 0.0014608451787366989 -0.002685577125909304 0.0046281092376871547 -0.0026336559874471279 0.0031886338471514663 0.00072563040324908484 -0.0013259873919719092 0.0019312654128282845 0.0016787135059000019 -0.0035735685020519127 -0.0053423339293138796 -0.0018583649714364093 0.0006150285945882906 -0.00069957492558174331 -0.0015052779836295452 -0.0017595063319362763 0.0025954235226431548 -0.0051045653591346414 0.00091076784678989497 -0.0025331707585755053 0.0020852711092000111 -0.0038173213639420725
leaf_weight=23 169 20 1070 509 195 92 22 470 530 98 22 30 266 767 748 114 864 143 35 37 316 1468 304 159 198 45 128 49 26 83
leaf_count=23 169 20 1070 509 195 92 22 470 530 98 22 30 266 767 748 114 864 143 35 37 316 1468 304 159 198 45 128 49 26 83
internal_value=-1.13983e-12 -0.000651474 0.000938348 -0.000334055 -0.000781564 -0.00201514 0.00188995 0.000587007 0.000407266 -0.000437319 -0.00230681 -0.00572589 0.00178649 0.000103294 -0.00159453 2.08566e-05 0.00203415 -0.00418268 -0.00193007 0.00056032 -0.000256226 -0.000823859 -0.00227826 0.000319332 0.000816079 -0.000302365 -0.000568583 -0.00249678 -0.000932111 -0.00200114
internal_weight=9000 5312 3688 4309 2900 1003 1321 1409 2367 2366 534 53 1299 1837 840 900 1130 163 481 59 786 1566 422 800 513 315 287 120 75 387
internal_count=9000 5312 3688 4309 2900 1003 1321 1409 2367 2366 534 53 1299 1837 840 900 1130 163 481 59 786 1566 422 800 513 315 287 120 75 387
is_linear=0
shrinkage=0.1


Tree=45
num_leaves=31
num_cat=0
split_feature=2 0 5 2 5 2 2 2 2 6 0 2 0 5 0 2 0 5 2 2 2 5 4 0 2 2 5 5 2 2
split_gain=0.460643 0.269585 0.14022 0.130511 0.109595 0.0942206 0.099884 0.138242 0.0976461 0.0831945 0.0771108 0.0643944 0.059885 0.0569047 0.0542743 0.0504992 0.0483976 0.0435903 0.0415472 0.0409715 0.0397297 0.0778808 0.0358921 0.0346537 0.0343161 0.0330383 0.0324734 0.0306846 0.0297692 0.0284941
threshold=767.50000000000011 750.00000000000011 173.50000000000003 3248.5000000000005 6.5000000000000009 3750.5000000000005 1253.5000000000002 1851.5000000000002 999.00000000000011 65132.500000000007 1357.5000000000002 1190.0000000000002 900.00000000000011 89.500000000000014 1050.0000000000002 6950.5000000000009 285.00000000000006 43.500000000000007 703.50000000000011 1388.5000000000002 1073.5000000000002 168.50000000000003 20.500000000000004 435.00000000000006 81.500000000000014 136.50000000000003 130.50000000000003 247.50000000000003 5139.0000000000009 601.50000000000011
decision_type=2 2 2 2 2 2 2 2 2 2 2 2 2 2 2 2 2 2 2 2 2 2 2 2 2 2 2 2 2 2
left_child=2 5 4 11 25 6 8 19 -2 -10 22 20 18 -5 -13 26 -9 -16 -4 23 -3 -22 -6 -8 -12 -1 -7 -14 -15 -24
right_child=1 3 12 13 10 15 7 16 9 -11 24 14 27 28 17 -17 -18 -19 -20 -21 21 -23 29 -25 -26 -27 -28 -29 -30 -31
leaf_value=-0.0091002804138475956 0.00088391646749913901 -0.00077715376216618004 0.00052019163208259116 -8.7891815892043382e-05 -0.0035259969569704508 0.0014639342088813489 0.00264795885940893 0.0024053413349649951 0.0025398483505804032 0.0070640983934994912 -0.0051210114709101624 0.00057998350589813996 -0.0012048084667784988 0.0009830369981884109 -0.0016290706386665561 0.0071992978038245134 0.00083566170896701055 -0.00024298692769449267 0.0042458247478035366 -0.0013691487414921502 -0.0040523233727678114 5.5496125050315946e-05 -0.00078621611727491152 -0.0009345948656253448 -0.0024170028464084226 -0.0042021044797729704 0.0031299191258480062 0.0016808522965974836 0.0024391454620864401 -0.0020761234295519587
leaf_weight=21 199 475 322 456 61 234 54 263 118 62 55 698 364 626 272 22 776 1368 33 353 120 75 891 54 320 40 234 41 181 212
leaf_count=21 199 475 322 456 61 234 54 263 118 62 55 698 364 626 272 22 776 1368 33 353 120 75 891 54 320 40 234 41 181 212
internal_value=2.94474e-14 0.000426514 -0.00120002 -4.8036e-05 -0.00173127 0.00128207 0.000960014 0.000593527 0.00241049 0.0040982 -0.0015665 -0.000406233 -8.16071e-05 0.000805058 -0.000158548 0.00251703 0.00123299 -0.000472874 0.000866518 -0.000847696 -0.00127054 -0.00247239 -0.00116473 0.000856682 -0.00281359 -0.00588836 0.00229693 -0.00091268 0.00130962 -0.00103414
internal_weight=9000 6640 2360 4271 1600 2369 1879 1500 379 180 1539 3008 760 1263 2338 490 1039 1640 355 461 670 195 1164 108 375 61 468 405 807 1103
internal_count=9000 6640 2360 4271 1600 2369 1879 1500 379 180 1539 3008 760 1263 2338 490 1039 1640 355 461 670 195 1164 108 375 61 468 405 807 1103
is_linear=0
shrinkage=0.1


Tree=46
num_leaves=31
num_cat=0
split_feature=4 0 0 2 6 5 2 5 5 0 5 2 5 7 0 0 2 2 2 1 3 0 6 2 3 2 2 2 2 2
split_gain=0.379857 0.187128 0.124175 0.120986 0.0904962 0.0829308 0.069214 0.0690568 0.0614281 0.0497547 0.0457129 0.044658 0.0434247 0.045162 0.0432857 0.0428023 0.0389776 0.0379697 0.0377188 0.0372658 0.0340017 0.0334092 0.0332273 0.0317792 0.0399334 0.0291867 0.0289566 0.0819747 0.0725505 0.0257351
threshold=435.50000000000006 592.50000000000011 1515.0000000000002 4336.5000000000009 10787.500000000002 189.50000000000003 90.500000000000014 118.50000000000001 243.50000000000003 1515.0000000000002 42.500000000000007 7296.0000000000009 147.50000000000003 318.39323425292974 285.00000000000006 285.00000000000006 5388.5000000000009 894.50000000000011 168.50000000000003 1.5000000000000002 484.49682617187506 1515.0000000000002 9522.5000000000018 382.50000000000006 39.210258483886726 5280.0000000000009 1253.5000000000002 1061.5000000000002 1772.5000000000002 601.50000000000011
decision_type=2 2 2 2 2 2 2 2 2 2 2 2 2 2 2 2 2 2 2 2 2 2 2 2 2 2 2 2 2 2
left_child=2 7 5 4 17 6 12 25 9 20 -4 21 13 -1 -7 18 26 -3 -8 -12 -6 -5 -17 24 -20 -2 27 -9 -28 -25
right_child=1 3 10 11 8 14 15 16 -10 -11 19 -13 -14 -15 -16 22 -18 -19 23 -21 -22 -23 -24 29 -26 -27 28 -29 -30 -31
leaf_value=-0.0043384623657964933 0.00049292041168922122 -0.0055292505114762627 -0.0044553762327049331 0.0016196276776648398 -1.8726988450545762e-05 0.0025198224153605338 0.0047395200535122846 0.0013717983424612612 0.0017794352319947624 -0.00071946668578319118 -0.003994178136314178 0.00579617299054834 -0.0053252442907736021 -0.00098245814702209292 5.2163423152818356e-05 -0.0021892385326126324 0.0047051755084219033 -0.0012618668836204192 0.0011731274805719123 -0.0015165298859058166 0.00087462699893698238 -7.9856439256936464e-05 -0.00071486934344310742 0.0033801971705231283 -0.0047980381777354836 0.0030425319912562071 -0.00042713313262426449 0.0068709482701151724 0.0020694966819049922 7.4566596110040945e-05
leaf_weight=55 695 22 83 484 1771 82 21 80 198 796 72 22 45 148 534 175 49 399 21 387 561 152 1208 35 24 48 146 41 574 72
leaf_count=55 695 22 83 484 1771 82 21 80 198 796 72 22 45 148 534 175 49 399 21 387 561 152 1208 35 24 48 146 41 574 72
internal_value=2.3426e-12 0.000455025 -0.000927562 0.000116069 -0.000103548 -0.000621143 -0.000963218 0.00136936 7.12967e-05 -3.68271e-05 -0.00229571 0.00136668 -0.00251474 -0.00189172 0.00038065 -0.000715932 0.00196352 -0.00148487 0.000766985 -0.00190518 0.000196184 0.00121346 -0.000901431 0.000218148 -0.00201149 0.000657633 0.00180378 0.00323515 0.00156324 0.00115585
internal_weight=9000 6038 2962 4405 3747 2420 1804 1633 3326 3128 542 658 248 203 616 1556 890 421 173 459 2332 636 1383 152 45 743 841 121 720 107
internal_count=9000 6038 2962 4405 3747 2420 1804 1633 3326 3128 542 658 248 203 616 1556 890 421 173 459 2332 636 1383 152 45 743 841 121 720 107
is_linear=0
shrinkage=0.1


Tree=47
num_leaves=31
num_cat=0
split_feature=4 0 2 5 2 0 5 0 2 4 6 5 5 5 2 0 5 5 2 2 6 2 2 4 2 0 2 2 7 0
split_gain=0.317207 0.149396 0.101777 0.0913694 0.0971697 0.0855429 0.0805348 0.0605192 0.0568846 0.0482399 0.046186 0.0452395 0.0438877 0.0361147 0.0346521 0.0346215 0.031475 0.0401109 0.0309737 0.0294653 0.0272751 0.0260309 0.0269831 0.0244301 0.0367566 0.0240879 0.0227956 0.0215243 0.021276 0.018986
threshold=1138.5000000000002 1200.0000000000002 7296.0000000000009 217.50000000000003 64.500000000000014 1050.0000000000002 79.500000000000014 285.00000000000006 178.50000000000003 15.500000000000002 12174.500000000002 222.50000000000003 136.50000000000003 228.50000000000003 111.50000000000001 285.00000000000006 24.500000000000004 56.500000000000007 1173.5000000000002 1316.5000000000002 6881.5000000000009 717.00000000000011 601.50000000000011 140.50000000000003 357.50000000000006 435.00000000000006 566.50000000000011 1239.5000000000002 443.96965026855474 1515.0000000000002
decision_type=2 2 2 2 2 2 2 2 2 2 2 2 2 2 2 2 2 2 2 2 2 2 2 2 2 2 2 2 2 2
left_child=1 3 5 4 16 11 8 -6 -3 -8 14 20 -7 18 -9 -5 -1 -18 28 -10 -2 22 26 -16 -25 -22 -12 -20 -11 -14
right_child=2 6 -4 15 7 12 9 10 19 13 21 -13 29 -15 23 -17 17 -19 27 -21 25 -23 -24 24 -26 -27 -28 -29 -30 -31
leaf_value=-0.0063533513946458708 -0.00029701258137816028 -0.0046272887724141286 0.0064516633370658386 0.0028869843127575872 0.00093892262834742728 -0.0003752449916941265 -0.0053415457273579461 -0.0053495202248450375 -0.0023662657209722261 -0.0011712700402247628 -0.00046470626905043152 0.002642256308402131 0.0012200323937307227 0.00048980279355235654 0.0015654484581318685 0.00077673612048618969 0.0012014936077697526 -0.0029675591401178885 0.0019132861914397106 -0.00090306147746684713 0.0018581766900521138 0.00011346879851328041 -0.0019229977387112741 -0.0046684917144981831 -0.0010097117679070374 0.00091853184714545631 0.0023546376828259483 -0.00046759164859763285 -0.0037385901826543404 0.00012260251879743557
leaf_weight=20 133 75 32 93 455 679 22 20 299 638 651 209 387 243 32 474 29 113 41 255 394 1493 128 30 324 887 30 514 34 266
leaf_count=20 133 75 32 93 455 679 22 20 299 638 651 209 387 243 32 474 29 113 41 255 394 1493 128 30 324 887 30 514 34 266
internal_value=4.75728e-13 -0.000418429 0.000842322 -5.04631e-05 -0.000250546 0.000781578 -0.00109364 -0.000128203 -0.00204267 -0.000693547 -0.000307503 0.001269 0.000187668 -0.000623985 -0.00129088 0.00112286 -0.00263925 -0.00211613 -0.000844564 -0.00169277 0.00106602 -0.000134066 -0.000590888 -0.00108059 -0.00131978 0.00120754 -0.000340506 -0.000291707 -0.00130116 0.000772994
internal_weight=9000 6013 2987 3892 3325 2955 2121 3163 629 1492 2708 1623 1332 1470 406 567 162 142 1227 554 1414 2302 809 386 354 1281 681 555 672 653
internal_count=9000 6013 2987 3892 3325 2955 2121 3163 629 1492 2708 1623 1332 1470 406 567 162 142 1227 554 1414 2302 809 386 354 1281 681 555 672 653
is_linear=0
shrinkage=0.1


Tree=48
num_leaves=31
num_cat=0
split_feature=4 0 0 1 5 2 5 6 5 6 0 2 6 2 5 2 2 2 3 0 5 5 2 2 2 0 0 2 4 5
split_gain=0.258085 0.105065 0.103703 0.0847138 0.0711552 0.0572967 0.0562848 0.0501977 0.0567447 0.0435727 0.0432054 0.0367085 0.0365909 0.0352685 0.0333259 0.0299418 0.0297051 0.0308813 0.0286527 0.0277452 0.0271975 0.0263332 0.0251346 0.0396619 0.0267061 0.02456 0.0361467 0.043804 0.0446002 0.0245159
threshold=595.50000000000011 285.00000000000006 1200.0000000000002 2.5000000000000004 222.50000000000003 3926.0000000000005 15.500000000000002 40677.500000000007 113.50000000000001 14807.000000000002 750.00000000000011 7296.0000000000009 6881.5000000000009 6652.5000000000009 17.500000000000004 128.50000000000003 1388.5000000000002 1030.5000000000002 110.87733840942384 592.50000000000011 147.50000000000003 246.50000000000003 1253.5000000000002 1791.5000000000002 1126.5000000000002 592.50000000000011 1200.0000000000002 215.50000000000003 109.50000000000001 239.50000000000003
decision_type=2 2 2 2 2 2 2 2 2 2 2 2 2 2 2 2 2 2 2 2 2 2 2 2 2 2 2 2 2 2
left_child=1 12 4 7 5 14 -5 18 -9 -4 16 -7 -1 29 -2 -10 17 -8 25 22 -19 -12 24 -24 -16 -3 27 28 -27 -11
right_child=2 3 9 6 -6 11 10 8 15 13 21 -13 -14 -15 19 -17 -18 20 -20 -21 -22 -23 23 -25 -26 26 -28 -29 -30 -31
leaf_value=-0.0029222100537837203 -0.00093550112751166056 -0.0046198585008706654 -0.0012528748539690014 -0.0023715706810387358 0.0020332126184352197 0.0012898485399904069 0.00023854382882193605 0.0033016907723604481 -0.0020779656067979727 -0.00011138452949744103 -0.00073632546324831983 0.0055352323821612768 0.0011891661717527314 0.0036600161881694851 0.00150358035034329 -0.00047932997401112969 -0.00099716179243171756 0.00062567642593586983 0.00018248074821063451 0.00017547993419615823 0.003883149104755527 0.0012159521065364567 -0.00064915909277457617 0.0011339958871466999 0.00583985292352736 -0.0017558746269593637 -0.0037661816781609267 -0.0041586605432842464 0.0025261365213534899 0.0013525631258031355
leaf_weight=23 178 62 294 152 413 676 489 29 228 1348 1710 21 368 27 49 241 152 55 35 1155 48 72 157 607 20 75 113 42 36 125
leaf_count=23 178 62 294 152 413 676 489 29 228 1348 1710 21 368 27 49 241 152 55 35 1155 48 72 157 607 20 75 113 42 36 125
internal_value=5.9172e-13 -0.00060823 0.000471468 -0.000780092 0.000806149 0.00062914 -0.000502675 -0.00164295 -0.000991056 -0.000139688 -0.000390216 0.00141776 0.000947321 7.84963e-05 0.000375369 -0.00125649 0.000249842 0.000570019 -0.00253729 0.000492741 0.00214372 -0.000657446 0.000932641 0.000767562 0.00276047 -0.00282751 -0.00240974 -0.00140793 -0.000367114 1.28473e-05
internal_weight=9000 3930 5070 3539 3276 2863 2678 861 498 1794 2526 697 391 1500 2166 469 744 592 363 1988 103 1782 833 764 69 328 266 153 111 1473
internal_count=9000 3930 5070 3539 3276 2863 2678 861 498 1794 2526 697 391 1500 2166 469 744 592 363 1988 103 1782 833 764 69 328 266 153 111 1473
is_linear=0
shrinkage=0.1


Tree=49
num_leaves=31
num_cat=0
split_feature=4 0 5 2 2 0 6 0 2 5 5 2 0 2 5 0 2 6 0 2 8 2 1 0 2 0 2 6 7 2
split_gain=0.219039 0.114286 0.0880797 0.0757197 0.0698838 0.0627625 0.0587459 0.0468039 0.0458268 0.0394417 0.0388301 0.0309739 0.0394826 0.0443287 0.0299475 0.0290496 0.0261156 0.0261088 0.0251042 0.0231802 0.0230147 0.0227237 0.0219853 0.0257272 0.0238248 0.021768 0.020609 0.0205843 0.0247584 0.0204783
threshold=1138.5000000000002 1515.0000000000002 215.50000000000003 178.50000000000003 7296.0000000000009 1515.0000000000002 66628.500000000015 592.50000000000011 1456.5000000000002 20.500000000000004 17.500000000000004 168.50000000000003 285.00000000000006 90.500000000000014 66.500000000000014 285.00000000000006 1891.5000000000002 7540.0000000000009 750.00000000000011 5139.0000000000009 1336.5000000000002 36.500000000000007 2.5000000000000004 592.50000000000011 119.50000000000001 435.00000000000006 717.00000000000011 15943.000000000002 328.56320190429693 627.50000000000011
decision_type=2 2 2 2 2 2 2 2 2 2 2 2 2 2 2 2 2 2 2 2 2 2 2 2 2 2 2 2 2 2
left_child=1 2 3 10 5 6 17 14 9 -3 18 12 13 -12 -5 -4 -10 -2 -1 -8 -7 -11 23 -14 -24 -19 29 -25 -29 -9
right_child=4 8 15 7 -6 20 19 26 16 21 11 -13 22 -15 -16 -17 -18 25 -20 -21 -22 -23 24 27 -26 -27 -28 28 -30 -31
leaf_value=-0.0069219233922194687 -0.00043754475681211428 -0.0041807295222921924 0.002447090512047295 -0.00043235472234938108 0.005348038382362575 -0.0020943587356613892 0.0013641794304485547 -0.00065368499967699079 0.00075375742517687979 -0.0044635695312172175 -0.00070200852880423722 -0.0047750765012334224 -0.0032141927978955212 0.0052643376472406092 0.00066467299464101532 0.00060498858572027208 -0.00098638010834345403 0.001445338781992237 -0.0021248206273109345 0.0029132258606328005 -9.5295978244756266e-05 -0.0013911737600672928 0.0020378123710138932 0.0011403503355033923 -0.0016534364741186008 0.00049490648371536066 -0.00023709508434360707 -0.0034337829910397813 -0.00090163109591230757 -0.0021872806473571846
leaf_weight=20 237 60 98 351 32 66 633 563 134 25 33 23 84 20 855 677 242 305 24 114 452 649 36 33 34 1148 1747 52 150 103
leaf_count=20 237 60 98 351 32 66 633 563 134 25 33 23 84 20 855 677 242 305 24 114 452 649 36 33 34 1148 1747 52 150 103
internal_value=2.86135e-13 -0.000347705 -0.000140271 -0.000323919 0.00069995 0.000649616 0.000862091 -0.000163299 -0.00126397 -0.00172385 -0.00146593 -0.00119726 -0.00101108 0.00154944 0.000345389 0.000837925 -0.000366225 0.00053567 -0.00430532 0.00160058 -0.000350003 -0.00150514 -0.00135994 -0.00171211 0.00024492 0.000694412 -0.000417538 -0.00117519 -0.00155347 -0.000890863
internal_weight=9000 6013 4903 4128 2987 2955 2437 3619 1110 734 509 465 442 53 1206 775 376 1690 44 747 518 674 389 319 70 1453 2413 235 202 666
internal_count=9000 6013 4903 4128 2987 2955 2437 3619 1110 734 509 465 442 53 1206 775 376 1690 44 747 518 674 389 319 70 1453 2413 235 202 666
is_linear=0
shrinkage=0.1


Tree=50
num_leaves=31
num_cat=0
split_feature=4 0 5 5 2 0 2 5 4 6 2 2 3 4 0 1 5 0 5 6 2 2 0 5 5 3 5 0 0 2
split_gain=0.183631 0.111533 0.0652032 0.0624535 0.0591039 0.0472917 0.0400082 0.0383629 0.0332204 0.032309 0.0308029 0.0422583 0.0362624 0.0330531 0.0306507 0.0312637 0.0281046 0.0453565 0.0641348 0.0322543 0.0328977 0.0393028 0.0276927 0.0270848 0.0259214 0.0249048 0.023979 0.0236212 0.0226234 0.0226583
threshold=1734.0000000000002 1200.0000000000002 173.50000000000003 70.500000000000014 767.50000000000011 285.00000000000006 240.50000000000003 6.5000000000000009 15.500000000000002 80734.500000000015 601.50000000000011 252.50000000000003 67.052112579345717 150.50000000000003 285.00000000000006 1.5000000000000002 106.50000000000001 285.00000000000006 88.500000000000014 43346.000000000007 168.50000000000003 90.500000000000014 435.00000000000006 228.50000000000003 145.50000000000003 76.613830566406264 36.500000000000007 592.50000000000011 285.00000000000006 1444.5000000000002
decision_type=2 2 2 2 2 2 2 2 2 2 2 2 2 2 2 2 2 2 2 2 2 2 2 2 2 2 2 2 2 2
left_child=1 2 4 6 7 -2 -3 -1 -5 -7 11 12 13 16 -4 -16 17 -9 22 -18 21 24 -19 25 -21 -10 -12 -13 29 -6
right_child=5 3 14 8 28 9 -8 10 23 -11 26 27 -14 -15 15 -17 19 18 -20 20 -22 -23 -24 -25 -26 -27 -28 -29 -30 -31
leaf_value=-0.004216538288164884 0.002570814128017857 -0.0036591429620407658 0.0016275645900324159 -0.0042399164633420503 0.0022748721685440453 0.00055406521701620618 -0.0013012908652526181 0.0033204772264330781 -0.001318409199100933 0.0017721481535476796 -0.0044137685003900725 0.00107515135060036 -0.0042442364939987397 0.0022488198555713039 -0.0012949902112595738 0.0005459590660335502 -0.0052912312825875623 -0.0049224504195153722 0.0029860314038215267 -0.0005530699099957322 -0.0048679549145795734 0.0018091499229500954 -0.0012741149691141947 0.00047266685942178445 -0.0051338945648499897 -0.00036253624746010086 -0.0013603798367024479 -0.00041855827276792253 -1.9439593488459347e-05 0.00034024943168558299
leaf_weight=32 155 82 243 23 88 1396 588 28 354 258 31 192 35 31 100 1190 28 25 33 30 23 38 124 289 21 1185 151 236 1797 194
leaf_count=32 155 82 243 23 88 1396 588 28 354 258 31 192 35 31 100 1190 28 25 33 30 23 38 124 289 21 1185 151 236 1797 194
internal_value=-1.02967e-12 -0.000226556 6.28015e-05 -0.000762574 -0.000198409 0.000900589 -0.00158986 -0.000806873 -0.000463122 0.000744068 -0.000700529 -0.000446088 -0.00116382 -0.000880838 0.000597319 0.00040325 -0.00115804 -0.000426377 -0.00100282 -0.00225553 -0.0014966 -0.00062535 -0.00188625 -0.000415603 -0.00243929 -0.000582406 -0.00188046 0.000251517 0.000111238 0.000943961
internal_weight=9000 7191 4670 2521 3137 1809 670 1058 1851 1654 1026 844 416 381 1533 1290 350 210 182 140 112 89 149 1828 51 1539 182 428 2079 282
internal_count=9000 7191 4670 2521 3137 1809 670 1058 1851 1654 1026 844 416 381 1533 1290 350 210 182 140 112 89 149 1828 51 1539 182 428 2079 282
is_linear=0
shrinkage=0.1


Tree=51
num_leaves=31
num_cat=0
split_feature=2 0 0 5 6 2 4 5 2 5 0 6 2 2 3 5 7 2 0 7 2 2 8 0 2 2 5 2 6 3
split_gain=0.158866 0.0945562 0.0573636 0.0551776 0.0435159 0.0474016 0.0414798 0.0580439 0.0408366 0.0404004 0.0312526 0.0312002 0.0298714 0.0322629 0.0283464 0.0335153 0.0291059 0.0281755 0.0541466 0.0280399 0.0240218 0.0298492 0.0222359 0.0383318 0.0274162 0.0310027 0.0219469 0.0189607 0.0188238 0.0189663
threshold=3248.5000000000005 1050.0000000000002 285.00000000000006 85.500000000000014 67921.000000000015 357.50000000000006 72.500000000000014 226.50000000000003 832.50000000000011 130.50000000000003 285.00000000000006 28145.000000000004 534.50000000000011 26.500000000000004 14.263369083404543 125.50000000000001 378.16830444335943 1073.5000000000002 750.00000000000011 346.07826232910162 2496.5000000000005 2649.5000000000005 1955.5000000000002 285.00000000000006 333.50000000000006 158.50000000000003 12.500000000000002 5139.0000000000009 34099.500000000007 108.85669326782228
decision_type=2 2 2 2 2 2 2 2 2 2 2 2 2 2 2 2 2 2 2 2 2 2 2 2 2 2 2 2 2 2
left_child=1 3 -2 8 5 26 7 14 11 -4 -8 12 13 -1 15 -5 19 18 -10 -17 28 -22 23 -15 25 -24 -3 -11 29 -12
right_child=2 4 9 6 -6 -7 10 -9 17 27 20 -13 -14 22 -16 16 -18 -19 -20 -21 21 -23 24 -25 -26 -27 -28 -29 -30 -31
leaf_value=-0.0038724823233981932 0.0026452493890857087 -0.0045548309297633489 0.00016994179869021103 0.0013898649369366467 -5.5332322880265823e-05 -0.00065295598729426076 0.0012441451609338065 0.0027551938351544161 0.003640268361985883 0.00085408804253133547 0.0039622259107418359 -0.0035322845840424881 -0.0023038267791906201 0.0041832591699158704 -0.0050086312551194667 -0.0029074222347023147 -0.005036773842792692 -0.00024113760703989089 -0.00088724445411935457 0.0018951931161973338 0.002792932032249295 0.00056347576222227263 -0.00079932441423547331 2.234243688040546e-06 0.00081932187006857841 -0.005589944378218868 -0.0016519765671268371 0.0019246558311583201 8.456131078475052e-05 0.00055313430196466914
leaf_weight=24 155 28 905 32 929 1809 432 31 56 667 25 51 110 26 26 31 28 723 50 20 78 261 35 140 38 22 373 220 1628 47
leaf_count=24 155 28 905 32 929 1809 432 31 56 667 25 51 110 26 26 31 28 723 50 20 78 261 35 140 38 22 373 220 1628 47
internal_value=5.09304e-13 -0.000220745 0.000799647 0.000107157 -0.000629603 -0.000871004 0.000368136 -0.00115234 -0.00043302 0.00064001 0.000471512 -0.0012046 -0.00090406 -0.0003638 -0.00203653 -0.00134036 -0.00244628 -1.79128e-05 0.00150465 -0.00102404 0.000307815 0.00107645 -4.11623e-05 0.000657094 -0.00126127 -0.00264834 -0.00185467 0.00111962 0.00015454 0.00173685
internal_weight=9000 7053 1947 3914 3139 2210 2639 168 1275 1792 2471 446 395 285 137 111 79 829 106 51 2039 339 261 166 95 57 401 887 1700 72
internal_count=9000 7053 1947 3914 3139 2210 2639 168 1275 1792 2471 446 395 285 137 111 79 829 106 51 2039 339 261 166 95 57 401 887 1700 72
is_linear=0
shrinkage=0.1


Tree=52
num_leaves=31
num_cat=0
split_feature=4 6 0 5 2 0 5 5 2 2 2 6 2 2 2 2 4 6 7 2 3 5 6 7 2 2 1 8 8 0
split_gain=0.129066 0.0807511 0.0676858 0.0587205 0.0433041 0.0401192 0.0297114 0.0293907 0.0268816 0.0583769 0.0499528 0.0256565 0.0231043 0.0224059 0.0220078 0.0218504 0.0378353 0.0237527 0.0264193 0.028137 0.0348366 0.0322113 0.0229041 0.0216054 0.0214911 0.0482399 0.0214266 0.0203313 0.0214882 0.0202462
threshold=418.50000000000006 17387.000000000004 592.50000000000011 7.5000000000000009 4336.5000000000009 900.00000000000011 243.50000000000003 228.50000000000003 1253.5000000000002 1791.5000000000002 1061.5000000000002 70068.500000000015 6001.5000000000009 1388.5000000000002 734.50000000000011 44.500000000000007 42.500000000000007 44114.500000000007 214.80181884765628 268.50000000000006 36.985731124877937 96.500000000000014 9522.5000000000018 406.60778808593756 503.50000000000006 865.50000000000011 2.5000000000000004 935.50000000000011 379.50000000000006 592.50000000000011
decision_type=2 2 2 2 2 2 2 2 2 2 2 2 2 2 2 2 2 2 2 2 2 2 2 2 2 2 2 2 2 2
left_child=3 14 8 27 6 7 -4 15 10 13 -3 -12 -11 -10 -2 23 -17 18 -18 20 21 22 -20 -5 29 -26 -7 28 -1 -21
right_child=1 2 4 5 -6 26 -8 -9 9 12 11 -13 -14 -15 -16 16 17 -19 19 24 -22 -23 -24 -25 25 -27 -28 -29 -30 -31
leaf_value=-0.0047091540668837053 -0.0031658415511871384 0.0010358514575167918 -1.2118738898440124e-05 -0.00075587651286884369 0.0010447266748341208 -0.001406190905174409 0.001250551824239153 0.0012274882024604795 0.0013060499704918085 0.0011057249758736811 0.0028170942120733814 0.0071141778879488518 0.0035058567876971904 -0.0011132422667246181 -0.00042181524588069268 0.004177934448234737 0.0026093907046901145 0.00025387085985212457 -0.0030134652482229287 0.0014379486775836878 -0.0046842008187259372 -0.0041596195391880786 0.0009109470519966823 -0.0042725812122225764 -0.0025799504777769293 0.00053431850499283454 -0.00058378939188153875 -0.0060870678047649568 -0.00059453476530810202 -0.0010258918717646829
leaf_weight=22 30 121 2933 58 531 462 199 152 49 890 33 24 42 175 1136 20 23 532 20 93 37 26 58 25 101 98 1008 20 30 52
leaf_count=22 30 121 2933 58 531 462 199 152 49 890 33 24 42 175 1136 20 23 532 20 93 37 26 58 25 101 98 1008 20 30 52
internal_value=-1.25201e-12 0.000256932 0.000431785 -0.00055815 0.000209682 -0.000484735 6.81084e-05 -7.88973e-05 0.00104165 0.000865502 0.00218563 0.00462639 0.00121389 -0.000584022 -0.000492416 -0.000252625 -0.000130278 -0.000213128 -0.000702191 -0.000859235 -0.00204894 -0.00111139 -9.53125e-05 -0.00181512 -0.000371596 -0.00104629 -0.000842258 -0.00337748 -0.00233534 0.000554364
internal_weight=9000 6163 4997 2837 3663 2765 3132 1295 1334 1156 178 57 932 224 1166 1143 1060 1040 508 485 141 104 78 83 344 199 1470 72 52 145
internal_count=9000 6163 4997 2837 3663 2765 3132 1295 1334 1156 178 57 932 224 1166 1143 1060 1040 508 485 141 104 78 83 344 199 1470 72 52 145
is_linear=0
shrinkage=0.1


Tree=53
num_leaves=31
num_cat=0
split_feature=3 0 5 2 2 0 5 2 0 2 5 6 5 5 2 2 6 2 5 2 2 4 2 2 2 2 3 6 2 2
split_gain=0.112547 0.0761541 0.0518749 0.0439176 0.0421567 0.0392755 0.0340907 0.0327667 0.0321116 0.0318171 0.0318071 0.0403989 0.0257523 0.0250675 0.0246898 0.0275261 0.0480861 0.0236171 0.0252117 0.0202534 0.0188022 0.0183571 0.0243646 0.0271418 0.0272984 0.0178167 0.019355 0.0148262 0.0146138 0.0281331
threshold=488.25024414062506 1515.0000000000002 230.50000000000003 36.500000000000007 7296.0000000000009 1515.0000000000002 16.500000000000004 1527.0000000000002 435.00000000000006 1891.5000000000002 34.500000000000007 53802.500000000007 224.50000000000003 41.500000000000007 1126.5000000000002 1253.5000000000002 25380.000000000004 1073.5000000000002 168.50000000000003 1190.0000000000002 1302.5000000000002 38.500000000000007 136.50000000000003 240.50000000000003 517.50000000000011 119.50000000000001 25.77922344207764 6140.5000000000009 3215.5000000000005 1388.5000000000002
decision_type=2 2 2 2 2 2 2 2 2 2 2 2 2 2 2 2 2 2 2 2 2 2 2 2 2 2 2 2 2 2
left_child=1 2 3 10 5 12 25 13 28 -9 -1 -12 27 -3 17 16 -16 -10 -19 -18 -17 -4 -23 -24 -25 -5 -27 -2 29 -8
right_child=4 7 21 6 -6 -7 8 9 14 -11 11 -13 -14 -15 15 20 19 18 -20 -21 -22 22 23 24 -26 26 -28 -29 -30 -31
leaf_value=-0.0054703773570839659 -0.0003311089474814629 -0.0027097529308483807 0.0038392184616532175 -0.0037387422673814206 0.0043249511400297765 -0.00033819752057528778 0.00080726598856529011 0.0010462988189074505 -0.00036676795355543973 -0.00074215010799745214 0.00033419334943573636 -0.0039031468215398493 0.0019168901197700369 -0.0010706645723637198 -0.0014465196280155418 -0.0018513248009945861 0.00095840629544406339 -0.0034943453919460848 0.00058058838741007173 0.0037305530409018199 2.507507938491048e-05 -0.001688862333110975 0.0043713898143985059 -0.0011816575726228504 0.0010596324796642877 0.0021548747248016299 -0.0010576819413563197 0.00077874204615785371 0.0016281986948352006 -0.00030690057137950554
leaf_weight=22 133 109 20 23 31 358 553 135 1558 378 60 36 189 648 43 55 47 49 22 60 1838 38 22 62 440 20 301 1267 99 384
leaf_count=22 133 109 20 23 31 358 553 135 1558 378 60 36 189 648 43 55 47 49 22 60 1838 38 22 62 440 20 301 1267 99 384
internal_value=3.27984e-13 -0.000187684 -3.29422e-05 -0.000133702 0.000666289 0.000608036 -8.91582e-05 -0.000888532 -1.89404e-05 -0.000271506 -0.00204076 -0.00125481 0.000821221 -0.00130668 -0.000157661 7.3883e-05 0.00137785 -0.000448051 -0.00223169 0.00251288 -2.94426e-05 0.00086212 0.000756173 0.000933485 0.00078282 -0.00105016 -0.000857523 0.000673306 0.000472741 0.00035066
internal_weight=9000 7022 5752 5170 1978 1947 5052 1270 4708 513 118 96 1589 757 3672 2043 150 1629 71 107 1893 582 562 524 502 344 321 1400 1036 937
internal_count=9000 7022 5752 5170 1978 1947 5052 1270 4708 513 118 96 1589 757 3672 2043 150 1629 71 107 1893 582 562 524 502 344 321 1400 1036 937
is_linear=0
shrinkage=0.1


Tree=54
num_leaves=31
num_cat=0
split_feature=2 5 0 0 4 3 6 5 2 4 4 0 2 2 2 2 2 0 2 2 2 7 4 0 6 5 2 4 4 4
split_gain=0.0938948 0.0602685 0.0537194 0.0403776 0.032712 0.0284678 0.02736 0.0261497 0.023885 0.0227092 0.0181186 0.0174191 0.0266549 0.0421331 0.0356565 0.0229402 0.0170482 0.0236821 0.0326755 0.0164999 0.0164659 0.0159156 0.0151422 0.015031 0.0174523 0.0229425 0.0156508 0.0205028 0.0146307 0.0145779
threshold=3248.5000000000005 19.500000000000004 1050.0000000000002 285.00000000000006 113.50000000000001 86.479583740234389 43346.000000000007 230.50000000000003 357.50000000000006 140.50000000000003 579.50000000000011 285.00000000000006 1253.5000000000002 983.50000000000011 1851.5000000000002 1483.5000000000002 1282.5000000000002 750.00000000000011 1073.5000000000002 1471.5000000000002 10.500000000000002 315.24986267089849 231.50000000000003 1665.0000000000002 38265.500000000007 122.50000000000001 168.50000000000003 150.50000000000003 1753.5000000000002 261.50000000000006
decision_type=2 2 2 2 2 2 2 2 2 2 2 2 2 2 2 2 2 2 2 2 2 2 2 2 2 2 2 2 2 2
left_child=1 4 5 -2 -1 10 -5 8 22 -6 20 12 13 -7 15 -14 17 21 -19 -18 -3 -11 23 24 26 -26 -4 -28 -13 -22
right_child=3 2 7 6 9 11 -8 -9 -10 16 -12 28 14 -15 -16 -17 19 18 -20 -21 29 -23 -24 -25 25 -27 27 -29 -30 -31
leaf_value=-0.0033318781600673759 0.0021631835982383741 -0.0032010817408445291 -0.0024847518722162934 5.5408112174762482e-05 0.0023088687321259865 0.00074465471713257769 0.00083971604568321449 0.00045694192362041365 -0.00036928732339948801 0.001018706966179276 0.0019231343223610666 0.00014703886162262681 0.00076077371292437119 0.0043873866309877482 0.0012050748623199854 -0.0021331869424466277 0.0011974933176598925 -0.0017648523602881196 -0.0058159850152710892 -0.00090168675962697727 -0.00015837159324291861 -0.0020081597664102445 -0.003074831759410077 -0.0022451194836041674 0.0020631500281011448 -0.00063217254690419193 0.0014452827839469989 -0.0022218745799424747 0.0010771971255717045 -0.0013681742488494168
leaf_weight=63 155 20 80 820 21 87 972 313 2129 38 36 1968 45 50 202 70 45 85 26 223 840 32 38 78 39 166 31 30 185 113
leaf_count=63 155 20 80 820 21 87 972 313 2129 38 36 1968 45 50 202 70 45 85 26 223 840 32 38 78 39 166 31 30 185 113
internal_value=5.99047e-13 -0.000169705 -8.61262e-05 0.000614757 -0.0011921 0.000171106 0.000480825 -0.000406427 -0.000510724 -0.000905279 -0.000279905 0.000345664 0.000908571 0.00207412 0.000404848 -0.00100077 -0.00105561 -0.00180541 -0.00271377 -0.000549212 -0.000361416 -0.000365004 -0.0011625 -0.000991108 -0.000708412 -0.000119404 -0.00156477 -0.000358237 0.000226964 -0.000301821
internal_weight=9000 7053 6520 1947 533 3616 1792 2904 2591 470 1009 2607 454 137 317 115 449 181 111 268 973 70 462 424 346 205 141 61 2153 953
internal_count=9000 7053 6520 1947 533 3616 1792 2904 2591 470 1009 2607 454 137 317 115 449 181 111 268 973 70 462 424 346 205 141 61 2153 953
is_linear=0
shrinkage=0.1


Tree=55
num_leaves=31
num_cat=0
split_feature=0 3 5 5 2 3 2 2 6 8 7 5 6 0 2 2 7 2 8 7 6 7 3 2 5 1 4 0 6 4
split_gain=0.0820792 0.072512 0.0397552 0.0330121 0.0312086 0.0255205 0.0255158 0.0227711 0.0218836 0.0185185 0.0182695 0.0178252 0.0176084 0.0159712 0.0272484 0.0331965 0.0196324 0.0201228 0.0312428 0.0158459 0.0151485 0.014712 0.0157223 0.0379997 0.0413302 0.0169257 0.0278363 0.0307987 0.025959 0.0259022
threshold=1515.0000000000002 488.25024414062506 173.50000000000003 1.5000000000000002 1456.5000000000002 89.557392120361342 6409.0000000000009 1891.5000000000002 7540.0000000000009 1154.5000000000002 173.17869567871097 189.50000000000003 97160.500000000015 750.00000000000011 1388.5000000000002 1759.5000000000002 317.48814392089849 781.50000000000011 1935.5000000000002 411.90588378906256 29797.500000000004 236.18439483642581 36.985731124877937 226.50000000000003 88.500000000000014 2.5000000000000004 109.50000000000001 592.50000000000011 48808.500000000007 131.50000000000003
decision_type=2 2 2 2 2 2 2 2 2 2 2 2 2 2 2 2 2 2 2 2 2 2 2 2 2 2 2 2 2 2
left_child=1 2 3 -1 8 10 11 -6 -2 -7 -5 -3 19 14 16 -16 -11 18 -18 -4 -9 -12 25 24 -24 26 27 -23 -27 -28
right_child=4 6 12 5 7 9 -8 20 -10 13 21 -13 -14 -15 15 -17 17 -19 -20 -21 -22 22 23 -25 -26 28 29 -29 -30 -31
leaf_value=-0.0034575886558741334 -0.0029504522097219404 0.00042703871676279443 0.00038248092813519688 0.0020858357436954978 0.00081472235342516797 -0.00072456468851948331 0.0022651328270405753 -0.0011994349811478365 -0.00095866807863870761 0.0028245325752154545 -0.0025554202747746155 0.0012085185876392506 0.0015689161151856623 -0.00014678427395108063 -0.0015059489438364144 0.00032265968057482489 -0.0037619701209699826 0.0013857053958176669 0.00048460129984610983 -0.00056469537933905793 -0.00019114497867951544 -0.002756273763747338 -0.0067237571982497529 -0.00062668583638898984 -0.0015063669931675708 0.0015720145478696273 0.003568274490332798 -0.00036493117070113799 -0.0015200656885123887 -4.5669433651103951e-05
leaf_weight=31 60 1118 1571 25 166 326 102 210 684 54 39 395 112 1364 121 553 21 196 99 199 513 85 22 432 49 102 23 147 37 144
leaf_count=31 60 1118 1571 25 166 326 102 210 684 54 39 395 112 1364 121 553 21 196 99 199 513 85 22 432 49 102 23 147 37 144
internal_value=-5.82152e-13 0.000142181 -2.40589e-05 -0.000207392 -0.000641427 -0.000181147 0.000734265 -0.000241501 -0.0011193 -1.72325e-05 -0.000586706 0.00063106 0.000352934 7.85276e-05 0.000372901 -5.62169e-06 0.00106242 0.000761305 -0.000258549 0.00027599 -0.000484009 -0.00064857 -0.000577132 -0.000979052 -0.00312302 -0.000201359 -0.000532417 -0.00124107 0.000748943 0.000452059
internal_weight=9000 7367 5752 3870 1633 3839 1615 889 744 2734 1105 1513 1882 2408 1044 674 370 316 120 1770 723 1080 1041 503 71 538 399 232 139 167
internal_count=9000 7367 5752 3870 1633 3839 1615 889 744 2734 1105 1513 1882 2408 1044 674 370 316 120 1770 723 1080 1041 503 71 538 399 232 139 167
is_linear=0
shrinkage=0.1


Tree=56
num_leaves=31
num_cat=0
split_feature=0 2 5 2 6 0 5 6 2 2 6 5 0 2 3 8 7 4 4 2 2 2 2 2 2 2 2 4 6 2
split_gain=0.0664841 0.0626488 0.0333543 0.0278612 0.0264699 0.0248661 0.0229005 0.0346558 0.020439 0.0215266 0.0187931 0.0186438 0.0162549 0.0155931 0.0298903 0.0371318 0.0522266 0.0248127 0.0152473 0.0195079 0.0222028 0.0214008 0.0151872 0.0495765 0.0491947 0.0373414 0.0233858 0.0159774 0.0151401 0.0146167
threshold=1515.0000000000002 3248.5000000000005 230.50000000000003 36.500000000000007 7909.5000000000009 285.00000000000006 34.500000000000007 53802.500000000007 1545.0000000000002 1891.5000000000002 65508.500000000007 16.500000000000004 592.50000000000011 333.50000000000006 67.052112579345717 1939.5000000000002 307.69320678710943 140.50000000000003 38.500000000000007 136.50000000000003 240.50000000000003 517.50000000000011 1388.5000000000002 983.50000000000011 1759.5000000000002 601.50000000000011 566.50000000000011 466.50000000000006 27413.000000000004 1253.5000000000002
decision_type=2 2 2 2 2 2 2 2 2 2 2 2 2 2 2 2 2 2 2 2 2 2 2 2 2 2 2 2 2 2
left_child=1 2 3 6 -2 -3 -1 -8 -6 -10 -7 -5 13 14 15 16 -13 -17 -4 -20 -21 -22 23 25 -24 26 28 -27 -15 -25
right_child=4 5 18 11 8 10 7 -9 9 -11 -12 12 -14 22 -16 17 -18 -19 19 20 21 -23 24 29 -26 27 -28 -29 -30 -31
leaf_value=-0.0045360929226841437 -0.0019696539001863187 0.0018818756481050515 0.0034089876571670175 -0.00076513464417884188 -0.00085209699060153255 0.0003008419770012948 0.00051261680656655999 -0.0034119927731808275 0.0010797816211143216 -0.00033984675951181828 0.0010652979155394242 -0.00073324862401932486 -0.00015159640700205829 0.0023416662969711153 -0.0032404487127410796 -0.0014331083494336021 0.0053290989413788473 0.001804109685251425 -0.0015881711574988197 0.0038678932953520092 -0.001116290416628603 0.00087045050327442706 -0.0013168939872042441 0.0027529057942490549 0.00054563069407155952 -0.0013112930125679389 0.0042492445563601161 0.00056015813474704582 0.00015517112814957294 0.00091182100760347357
leaf_weight=22 126 155 20 360 708 987 60 36 127 672 477 30 3105 44 34 129 27 29 38 22 62 432 189 121 568 153 22 65 113 67
leaf_count=22 126 155 20 360 708 987 60 36 127 672 477 30 3105 44 34 129 27 29 38 22 62 432 189 121 568 153 22 65 113 67
internal_value=-1.2011e-12 0.000127963 -2.68029e-05 -0.000107037 -0.000577285 0.000677436 -0.00162601 -0.000959112 -0.000460869 -0.000114199 0.000549917 -7.15866e-05 -1.84185e-05 0.000241492 -0.000485297 -4.95981e-05 0.00213839 -0.000838935 0.000696424 0.000598498 0.000759532 0.000621102 0.000376343 0.000759021 8.06146e-05 0.000125525 0.00119582 -0.000753292 0.000767947 0.00209677
internal_weight=9000 7367 5748 5174 1633 1619 118 96 1507 799 1464 5056 4696 1591 249 215 57 158 574 554 516 494 1342 585 757 397 179 218 157 188
internal_count=9000 7367 5748 5174 1633 1619 118 96 1507 799 1464 5056 4696 1591 249 215 57 158 574 554 516 494 1342 585 757 397 179 218 157 188
is_linear=0
shrinkage=0.1


Tree=57
num_leaves=31
num_cat=0
split_feature=3 0 5 5 2 2 0 2 2 2 2 2 1 0 2 2 2 2 0 2 5 6 5 5 5 2 7 5 6 7
split_gain=0.0589678 0.0467238 0.036622 0.0262471 0.0239408 0.0233656 0.0235156 0.020713 0.0206083 0.0276437 0.0312632 0.0273266 0.026216 0.0222064 0.0198863 0.0676679 0.0325521 0.022765 0.0207443 0.0197441 0.0190402 0.0206144 0.0191346 0.0213075 0.0189941 0.0177663 0.0169171 0.0176543 0.0325004 0.0199868
threshold=584.72869873046886 1515.0000000000002 128.50000000000003 1.5000000000000002 7296.0000000000009 18.500000000000004 285.00000000000006 36.500000000000007 800.50000000000011 1073.5000000000002 1158.5000000000002 601.50000000000011 2.5000000000000004 750.00000000000011 1111.0000000000002 1253.5000000000002 832.50000000000011 1545.0000000000002 750.00000000000011 880.50000000000011 122.50000000000001 41851.500000000007 56.500000000000007 45.500000000000007 75.500000000000014 703.50000000000011 422.55958557128912 83.500000000000014 34452.000000000007 342.85510253906256
decision_type=2 2 2 2 2 2 2 2 2 2 2 2 2 2 2 2 2 2 2 2 2 2 2 2 2 2 2 2 2 2
left_child=1 2 3 -1 -2 -4 -7 -3 11 13 -11 12 20 19 16 18 25 -17 -16 -10 21 22 23 -5 -9 -8 27 -24 -29 -30
right_child=4 7 5 8 -6 6 14 24 9 10 -12 -13 -14 -15 15 17 -18 -19 -20 -21 -22 -23 26 -25 -26 -27 -28 28 29 -31
leaf_value=-0.0030279411271101602 0.00062010782060438116 -0.0032591708132932926 -0.0024362268131881137 -0.00075354704116709038 0.0038139373626715194 0.0010099238211099422 -4.3042193644290021e-05 -0.0011448807629024329 0.00019643731211544947 -0.0020374081626955776 -6.512690017438394e-05 -0.0016522608469906692 0.00025163318083346135 0.00024584513745012259 0.0046855483970016636 -0.00071100371420055111 -0.0011483442223878056 0.00038147677078749118 0.0017976082975009276 0.0032722657775351156 -0.003835110126861504 0.0017723279632627965 -0.0036370179145596921 0.0021496694978146305 -0.00032624654494330639 0.0012208287809027333 0.00098189300741069008 0.0014677335010391886 -0.0001461933970197358 -0.0038824683346319945
leaf_weight=33 1063 29 32 137 24 388 770 396 32 84 1860 190 399 157 38 221 251 1393 72 60 21 30 50 31 997 130 20 29 22 41
leaf_count=33 1063 29 32 137 24 388 770 396 32 84 1860 190 399 157 38 221 251 1393 72 60 21 30 50 31 997 130 20 29 22 41
internal_value=8.13235e-13 -9.48704e-05 1.88642e-05 -0.000222315 0.000690625 0.000252797 0.000279168 -0.000614034 -0.000193043 -2.32826e-05 -0.000150349 -0.000576843 -0.000314882 0.000968754 0.000180548 0.000395443 -0.000141329 0.000231887 0.00279526 0.00220241 -0.000908162 -0.000737424 -0.000965583 -0.000217834 -0.000558967 0.000139517 -0.00174103 -0.00212454 -0.00130253 -0.00257774
internal_weight=9000 7913 6491 3196 1087 3295 3263 1422 3163 2193 1944 970 780 249 2875 1724 1151 1614 110 92 381 360 330 168 1393 900 162 142 92 63
internal_count=9000 7913 6491 3196 1087 3295 3263 1422 3163 2193 1944 970 780 249 2875 1724 1151 1614 110 92 381 360 330 168 1393 900 162 142 92 63
is_linear=0
shrinkage=0.1


Tree=58
num_leaves=31
num_cat=0
split_feature=4 6 0 5 0 2 5 2 2 2 2 5 2 2 2 0 0 2 2 8 2 3 2 2 2 0 2 0 2 2
split_gain=0.0496728 0.0356154 0.0352496 0.0226757 0.0196932 0.0188399 0.0187472 0.0186718 0.0404267 0.0363757 0.0176748 0.0161177 0.0170293 0.0176762 0.0702451 0.0277688 0.0230279 0.0184103 0.0148324 0.0136566 0.0135275 0.0132691 0.012738 0.0203622 0.0163674 0.0132305 0.0130399 0.0127038 0.0124901 0.0277948
threshold=1892.5000000000002 92348.500000000015 1515.0000000000002 1.5000000000000002 285.00000000000006 7296.0000000000009 245.50000000000003 685.50000000000011 601.50000000000011 585.50000000000011 319.50000000000006 36.500000000000007 865.50000000000011 1158.5000000000002 1253.5000000000002 750.00000000000011 750.00000000000011 1190.0000000000002 1282.5000000000002 1473.5000000000002 18.500000000000004 108.85669326782228 880.50000000000011 1073.5000000000002 1264.5000000000002 900.00000000000011 1456.5000000000002 285.00000000000006 1388.5000000000002 1545.0000000000002
decision_type=2 2 2 2 2 2 2 2 2 2 2 2 2 2 2 2 2 2 2 2 2 2 2 2 2 2 2 2 2 2
left_child=1 2 3 -1 -5 6 19 8 9 20 -4 22 21 16 15 -15 -14 -17 -16 -2 -6 -13 25 -24 -25 -9 -26 -21 -20 -30
right_child=5 -3 10 4 7 -7 -8 11 -10 -11 -12 12 13 14 18 17 -18 -19 28 27 -22 -23 23 24 26 -27 -28 -29 29 -31
leaf_value=-0.0027953599847144995 -0.00028002255411405509 0.00088074192314070926 -0.0014974730302346872 0.00047408183013032549 -0.0017811789609476041 0.0031220907772270341 0.0020581512906522091 -0.0035703460757548996 -0.0019402762026036185 0.0034759180091966228 -0.00047367863193256536 -3.4848213960815758e-06 0.00050707879570889016 0.0049991689522743618 -0.0018454311990700218 -0.00098987840437552051 -0.0010532583124229957 0.002443038466859792 0.00099873559339281226 0.001551673983767364 -0.00023074285175489975 0.0014432504725664331 0.0017357320415105151 -0.0022872090037708405 0.0011440116365590187 -0.0001492492944817059 -0.00055535388061265622 0.00042209346490657798 -0.0011816478011292993 0.00010516310010021159
leaf_weight=30 257 346 200 662 59 27 70 26 154 26 1075 105 139 33 42 21 296 61 131 109 1218 160 43 48 52 20 343 1150 184 1913
leaf_count=30 257 346 200 662 59 27 70 26 154 26 1075 105 139 33 42 21 296 61 131 109 1218 160 43 48 52 20 343 1150 184 1913
internal_value=7.65953e-13 -0.00010978 -0.000158454 -5.32395e-05 -3.88978e-05 0.000502753 0.000458162 -0.000105826 -0.000408073 -0.000226984 -0.000634274 1.59256e-05 0.000103586 3.15638e-05 0.000138487 0.00254966 -0.000554668 0.00156388 1.63348e-05 0.000384284 -0.000302376 0.000870016 -0.000492408 -0.000341867 -0.00054353 -0.00208291 -0.00033164 0.000519889 5.1431e-05 -7.74735e-06
internal_weight=9000 7387 7041 5766 5736 1613 1586 5074 1457 1303 1275 3617 3085 2820 2385 115 435 82 2270 1516 1277 265 532 486 443 46 395 1259 2228 2097
internal_count=9000 7387 7041 5766 5736 1613 1586 5074 1457 1303 1275 3617 3085 2820 2385 115 435 82 2270 1516 1277 265 532 486 443 46 395 1259 2228 2097
is_linear=0
shrinkage=0.1


Tree=59
num_leaves=31
num_cat=0
split_feature=2 5 0 2 0 3 6 6 6 8 6 0 2 2 2 6 7 3 4 1 0 2 4 4 6 0 5 7 5 6
split_gain=0.0423259 0.0386527 0.0335926 0.024902 0.0227245 0.0207779 0.0190719 0.0139919 0.0538058 0.0138395 0.0135818 0.0134387 0.012181 0.0121141 0.0112904 0.0103747 0.0150654 0.0126012 0.0469698 0.0142555 0.0203745 0.0242277 0.0283775 0.0197698 0.0186284 0.0238819 0.0205428 0.0175412 0.0147069 0.013856
threshold=4435.0000000000009 241.50000000000003 1357.5000000000002 203.50000000000003 285.00000000000006 89.557392120361342 17387.000000000004 49478.500000000007 38265.500000000007 2010.5000000000002 6881.5000000000009 285.00000000000006 90.500000000000014 215.50000000000003 396.50000000000006 44114.500000000007 420.54620361328131 67.052112579345717 198.50000000000003 2.5000000000000004 750.00000000000011 215.50000000000003 109.50000000000001 99.500000000000014 37925.500000000007 285.00000000000006 67.500000000000014 353.42927551269537 88.500000000000014 35977.000000000007
decision_type=2 2 2 2 2 2 2 2 2 2 2 2 2 2 2 2 2 2 2 2 2 2 2 2 2 2 2 2 2 2
left_child=1 2 5 7 -2 15 -7 8 -4 -3 -5 -8 -9 -11 -15 17 -17 19 -19 20 24 22 28 27 25 -1 -27 -21 -22 -25
right_child=4 9 3 10 -6 6 11 12 -10 13 -12 -13 -14 14 -16 16 -18 18 -20 23 21 -23 -24 29 -26 26 -28 -29 -30 -31
leaf_value=0.0013136124469195333 0.0025599980212670445 -0.0016051954149430539 -0.0021793564381997711 -0.0012891961373598963 0.0005381152982358294 -0.00031109807698374359 0.00073852055082899689 -0.0038062566610721827 0.0026638874063991125 0.0024868021327578886 -0.00027770089173523137 0.00014261017360237891 -0.0014038865526621838 -0.00092532041897946916 0.00090271119494729967 8.9953373538894366e-05 -0.0013808389209234754 -0.0056932581482793797 -0.00067642804501295221 0.00021922485973460207 -0.0011484267824839447 -0.0021253618601233116 0.0029467280916366228 -0.00070858150096240503 -0.0040842816682049527 -0.0030327503036182788 0.00038762150518596174 0.003656118738689219 0.00185480651403354 0.0018367282571271062
leaf_weight=29 60 23 81 144 756 849 434 39 32 44 1699 2956 46 37 389 650 78 22 123 33 63 43 37 148 27 59 25 27 22 25
leaf_count=29 60 23 81 144 756 849 434 39 32 44 1699 2956 46 37 389 650 78 22 123 33 63 43 37 148 27 59 25 27 22 25
internal_value=6.14854e-13 -6.84769e-05 -0.000123499 -0.000471222 0.000686783 2.1118e-06 0.000112751 -0.0015369 -0.000807818 0.000789894 -0.000356733 0.000218901 -0.00250615 0.0009071 0.000743938 -0.000330276 -6.76315e-05 -0.000610225 -0.0014376 -0.000387233 -0.000837145 -8.42834e-05 0.000635113 0.000201707 -0.00172445 -0.00116059 -0.00201478 0.00176583 -0.000371119 -0.000340762
internal_weight=9000 8184 7691 2041 816 5650 4239 198 113 493 1843 3390 85 470 426 1411 728 683 145 538 305 165 122 233 140 113 84 60 85 173
internal_count=9000 8184 7691 2041 816 5650 4239 198 113 493 1843 3390 85 470 426 1411 728 683 145 538 305 165 122 233 140 113 84 60 85 173
is_linear=0
shrinkage=0.1


Tree=60
num_leaves=31
num_cat=0
split_feature=3 5 0 2 2 4 2 1 2 5 2 2 2 0 2 2 2 2 3 3 7 5 3 7 1 2 2 6 7 7
split_gain=0.0371174 0.030475 0.0254057 0.0223364 0.0465712 0.0255281 0.0205509 0.018127 0.0155254 0.0146136 0.0195767 0.0291541 0.0141505 0.0169687 0.0260583 0.0466597 0.0334046 0.0224515 0.0136009 0.0156797 0.0174365 0.0152636 0.0145713 0.0144002 0.014197 0.0241113 0.0238614 0.017128 0.0228946 0.0276153
threshold=584.72869873046886 207.50000000000003 1357.5000000000002 136.50000000000003 215.50000000000003 126.50000000000001 111.50000000000001 2.5000000000000004 6409.0000000000009 15.500000000000002 119.50000000000001 319.50000000000006 408.50000000000006 592.50000000000011 1239.5000000000002 1061.5000000000002 743.50000000000011 1707.0000000000002 91.052486419677749 36.985731124877937 439.37147521972662 64.500000000000014 45.354454040527351 445.44174194335943 2.5000000000000004 128.50000000000003 215.50000000000003 41851.500000000007 420.54620361328131 394.80674743652349
decision_type=2 2 2 2 2 2 2 2 2 2 2 2 2 2 2 2 2 2 2 2 2 2 2 2 2 2 2 2 2 2
left_child=1 2 9 6 5 -5 -3 -4 -2 10 -1 -12 -6 14 15 16 -14 -16 19 23 22 -22 -21 24 27 -26 -27 -11 29 -29
right_child=8 3 7 4 12 -7 -8 -9 -10 18 11 -13 13 -15 17 -17 -18 -19 -20 20 21 -23 -24 -25 25 26 -28 28 -30 -31
leaf_value=-0.0032696562388015017 0.00042763245471851984 -0.00034532188308528729 -0.0013587105314299052 0.0059288165775006237 -0.00075774800794368448 0.0011640626450323246 -0.003694744386872196 -0.00037804988573559575 0.0017352403241384308 -0.00098514101645757806 0.0030464778992940079 -0.00073125077829976287 0.0034824273735284809 0.00019778429409628127 -0.0013131414442217318 0.0063336678335200181 -0.00070059164312884356 0.00097582898066395942 0.00010430172616865544 -0.0018655343662335802 -0.00081493276179414901 -0.0041866894571576272 -0.00028617903070473982 0.0021320492864106201 0.0031496233132202178 -0.0017808342551267368 0.0013824054105370715 0.00014311648770672035 -0.0025539801912382244 0.0034493341925553979
leaf_weight=27 987 90 216 23 110 22 23 1480 100 206 22 286 35 911 55 23 42 194 3192 67 29 25 456 32 34 41 57 160 25 30
leaf_count=27 987 90 216 23 110 22 23 1480 100 206 22 286 35 911 55 23 42 194 3192 67 29 25 456 32 34 41 57 160 25 30
internal_value=-1.02827e-12 -7.52682e-05 -0.000171271 0.000325894 0.000433939 0.00359938 -0.00102706 -0.000502945 0.000547928 -5.13047e-05 -0.000687749 -0.000461413 0.000329965 0.000424924 0.00101783 0.00238134 0.00120078 0.000470233 -2.3362e-06 -0.000295269 -0.000665145 -0.00237593 -0.000488506 6.95483e-05 -4.98007e-05 0.000855076 5.90092e-05 -0.000333515 0.000290833 0.000665151
internal_weight=9000 7913 6385 1528 1415 45 113 1696 1087 4689 335 308 1370 1260 349 100 77 249 4354 1162 577 54 523 585 553 132 98 421 215 190
internal_count=9000 7913 6385 1528 1415 45 113 1696 1087 4689 335 308 1370 1260 349 100 77 249 4354 1162 577 54 523 585 553 132 98 421 215 190
is_linear=0
shrinkage=0.1


Tree=61
num_leaves=31
num_cat=0
split_feature=5 0 2 5 1 2 5 0 2 6 0 7 8 4 6 8 4 2 3 2 0 7 2 2 2 2 2 5 5 0
split_gain=0.031513 0.0304377 0.0334443 0.0173407 0.0166868 0.0141541 0.0150199 0.0140132 0.012722 0.0122276 0.011753 0.0107738 0.0104332 0.0101124 0.00939936 0.00965073 0.0130032 0.013914 0.00929648 0.0103049 0.00899926 0.0145679 0.0145385 0.038121 0.0276747 0.0159117 0.0175694 0.0111438 0.0119769 0.00937039
threshold=241.50000000000003 1515.0000000000002 4600.5000000000009 7.5000000000000009 1.5000000000000002 18.500000000000004 139.50000000000003 285.00000000000006 922.50000000000011 20866.500000000004 900.00000000000011 331.96238708496099 2010.5000000000002 1927.0000000000002 2523.5000000000005 1138.0000000000002 154.50000000000003 408.50000000000006 4.7500000000000009 2456.5000000000005 592.50000000000011 326.24349975585943 922.50000000000011 1253.5000000000002 1173.5000000000002 1829.5000000000002 1388.5000000000002 226.50000000000003 235.50000000000003 435.00000000000006
decision_type=2 2 2 2 2 2 2 2 2 2 2 2 2 2 2 2 2 2 2 2 2 2 2 2 2 2 2 2 2 2
left_child=1 2 3 8 11 6 -5 -4 10 -6 -1 -3 -2 14 -7 16 -16 -18 -14 -20 21 -17 27 24 -24 26 -25 -23 -29 -28
right_child=12 4 7 5 9 13 -8 -9 -10 -11 -12 -13 18 -15 15 20 17 -19 19 -21 -22 22 23 25 -26 -27 29 28 -30 -31
leaf_value=-0.0034330258209427653 -0.0012950156373638796 0.00011746472446247936 0.0023317081142076343 -0.00025995682168286296 -0.00090388461565719513 0.0021364713553339242 -0.0033845297396183013 0.00062230770084365113 -0.00042515256635156486 -0.00020872329234494606 -0.00055852590594440699 -0.0023816698563177193 0.0025167682688803442 0.00035833551318849278 -0.0023675903409538378 0.00082947187574441885 0.0020082798442276925 -0.00056462120760303444 0.00038425204556532925 0.0013481772908751821 -9.7641109655593127e-05 -0.00049176862544632837 0.0012058688965798528 0.0008339313518879335 0.0050261998118873198 0.00035990272404782061 -0.0016375108186427194 0.0028939028813814126 -0.00048345806648112131 -0.00016122066742504267
leaf_weight=33 24 23 53 40 328 20 25 504 136 1107 25 69 31 779 36 291 23 244 309 173 3332 492 108 62 23 481 120 21 21 67
leaf_count=33 24 23 53 40 328 20 25 504 136 1107 25 69 31 779 36 291 23 244 309 173 3332 492 108 62 23 481 120 21 21 67
internal_value=-5.02655e-13 -4.71355e-05 4.18478e-05 -2.30392e-05 -0.000451319 6.16112e-06 -0.00146172 0.000784962 -0.000953988 -0.000367617 -0.00219402 -0.00175689 0.000742845 2.17513e-05 -2.73404e-05 -3.54736e-05 -0.000583533 -0.000342986 0.000838184 0.000730225 -2.38031e-06 0.000185881 5.16269e-05 0.000305866 0.00187661 2.39916e-05 -0.000624897 -0.000358297 0.00120522 -0.00110857
internal_weight=9000 8463 6936 6379 1527 6185 65 557 194 1435 58 92 537 6120 5341 5321 303 267 513 482 5018 1686 1395 861 131 730 249 534 42 187
internal_count=9000 8463 6936 6379 1527 6185 65 557 194 1435 58 92 537 6120 5341 5321 303 267 513 482 5018 1686 1395 861 131 730 249 534 42 187
is_linear=0
shrinkage=0.1


Tree=62
num_leaves=31
num_cat=0
split_feature=6 4 2 5 5 8 0 2 2 2 7 7 8 8 2 5 6 2 2 2 2 2 2 5 2 2 0 5 0 2
split_gain=0.0267361 0.026045 0.0214921 0.0189217 0.0168011 0.0158773 0.0154788 0.0290534 0.0377893 0.0174949 0.0139587 0.0165574 0.0125261 0.016369 0.0118622 0.0174201 0.0133979 0.0107686 0.025253 0.0101449 0.0198559 0.0146381 0.0118533 0.014872 0.0111316 0.0157945 0.0206718 0.0134681 0.0147317 0.0131614
threshold=92348.500000000015 418.50000000000006 7296.0000000000009 27.500000000000004 7.5000000000000009 687.00000000000011 750.00000000000011 1253.5000000000002 1829.5000000000002 1158.5000000000002 365.09039306640631 387.03094482421881 935.50000000000011 379.50000000000006 18.500000000000004 139.50000000000003 34793.000000000007 1388.5000000000002 1329.5000000000002 1190.0000000000002 1253.5000000000002 1302.5000000000002 1073.5000000000002 120.50000000000001 1876.5000000000002 1545.0000000000002 900.00000000000011 104.50000000000001 1200.0000000000002 2105.5000000000005
decision_type=2 2 2 2 2 2 2 2 2 2 2 2 2 2 2 2 2 2 2 2 2 2 2 2 2 2 2 2 2 2
left_child=1 4 3 -3 12 -6 7 9 17 10 -5 -12 13 -1 15 16 -7 18 -9 22 -21 -22 -8 -24 25 26 -23 -28 -29 -26
right_child=-2 2 -4 6 5 14 19 8 -10 -11 11 -13 -14 -15 -16 -17 -18 -19 -20 20 21 24 23 -25 29 -27 27 28 -30 -31
leaf_value=-0.003055574603124776 0.00078591069339042528 -0.00043072402311887059 0.0027959143620733063 0.0018142231249790215 0.0024852674543148 -0.0017241157806926857 -0.00016720748933778397 -0.0012952911132015289 0.00044672317145807343 0.0034405738301575188 -0.0013977100157353563 0.001195831837867445 -0.0039285257086157802 0.00053564008325338367 -0.00023729652901501334 -0.0032353331158502087 0.0016436870032477948 -0.0010787706812548535 0.0025804272407248361 0.0016855105851120882 -0.0017835643826401794 0.0022591316762695752 -0.0027317885863695941 -0.00024031393113546076 -0.00077035795255667638 0.00092290397021437237 0.00070444655978008086 -0.0022561373445600017 -0.00021384279543161194 3.6336878378006079e-05
leaf_weight=22 413 676 29 110 21 27 320 40 1296 35 40 64 20 30 2531 33 21 248 29 74 44 31 46 50 225 314 64 59 88 2000
leaf_count=22 413 676 29 110 21 27 320 40 1296 35 40 64 20 30 2531 33 21 248 29 74 44 31 46 50 225 314 64 59 88 2000
internal_value=5.1437e-14 -3.77991e-05 8.03042e-05 6.68491e-05 -0.000294614 -0.000253402 0.000131821 0.000362539 0.00020734 0.00136791 0.00102892 0.000198316 -0.00180172 -0.00098372 -0.00027542 -0.00146666 -0.000250702 -0.000771339 0.000333634 2.22897e-06 6.84972e-05 2.614e-05 -0.000459578 -0.00143415 5.47725e-05 0.000454999 -0.000152118 -0.000506378 -0.00103354 -4.5239e-05
internal_weight=9000 8587 5882 5853 2705 2633 5177 1862 1613 249 214 104 72 52 2612 81 48 317 69 3315 2899 2825 416 96 2781 556 242 211 147 2225
internal_count=9000 8587 5882 5853 2705 2633 5177 1862 1613 249 214 104 72 52 2612 81 48 317 69 3315 2899 2825 416 96 2781 556 242 211 147 2225
is_linear=0
shrinkage=0.1


Tree=63
num_leaves=31
num_cat=0
split_feature=0 4 5 2 8 3 2 6 2 2 2 2 2 6 0 7 6 2 2 2 7 0 3 5 3 3 3 3 7 7
split_gain=0.025342 0.0215055 0.0154133 0.0137691 0.0124506 0.0122206 0.0291087 0.015323 0.0139495 0.0150251 0.0369803 0.0202111 0.0197372 0.0168449 0.0119935 0.0111744 0.0111452 0.0100899 0.009392 0.0241378 0.00827384 0.00881288 0.0204805 0.00801698 0.00784063 0.00779864 0.0202696 0.0154908 0.0332485 0.0132511
threshold=285.00000000000006 595.50000000000011 240.50000000000003 4435.0000000000009 1994.5000000000002 14.263369083404543 370.50000000000006 45550.000000000007 601.50000000000011 908.50000000000011 1253.5000000000002 1851.5000000000002 1483.5000000000002 59453.000000000007 1665.0000000000002 439.37147521972662 13340.000000000002 26.500000000000004 64.500000000000014 168.50000000000003 509.56756591796881 750.00000000000011 68.200500488281264 177.50000000000003 584.72869873046886 1.0000000180025095e-35 14.263369083404543 23.813808441162113 366.12438964843756 378.73808288574224
decision_type=2 2 2 2 2 2 2 2 2 2 2 2 2 2 2 2 2 2 2 2 2 2 2 2 2 2 2 2 2 2
left_child=3 4 16 5 17 18 7 -7 -8 13 23 12 -12 -10 15 25 -3 -2 -1 -20 21 22 -17 -11 -18 29 -27 28 -28 -6
right_child=1 2 -4 -5 14 6 8 -9 9 10 11 -13 -14 -15 -16 20 24 -19 19 -21 -22 -23 -24 -25 -26 26 27 -29 -30 -31
leaf_value=0.00011897332317728019 -0.0023384304101152038 -0.00033478115128154451 0.00080202864377190036 0.0019844428232560557 0.00013961692144847569 -0.0032170524206859147 0.0022129036708396269 -0.00027159618154033331 -0.0025590244574206218 0.0019439736319169323 0.00067381661986776935 0.00064633519985190591 -0.0018692237461341154 0.00056622668175270309 -0.00078636670482503984 -0.0042360827530501409 3.4464719732419409e-05 -0.00047727542437382708 0.0047059066462679768 0.00034731148345464909 0.00062821727497533019 -0.00053528250030375197 -0.00039684614819248748 0.004230556793197099 0.00039283687158916654 0.0019429607122157027 -0.0034882955105245313 0.00010575408390523349 0.00078039975811002981 -0.0012851016638682189
leaf_weight=28 30 666 284 60 151 33 44 38 35 46 51 315 76 34 243 24 2904 1003 24 27 39 138 33 23 773 58 37 1632 36 115
leaf_count=28 30 666 284 60 151 33 44 38 35 46 51 315 76 34 243 24 2904 1003 24 27 39 138 33 23 773 58 37 1632 36 115
internal_value=-5.62351e-13 -5.36263e-05 8.82992e-05 0.000525074 -0.000239184 0.000411945 0.000277978 -0.00164061 0.00049628 0.000366053 0.000553082 0.000216967 -0.000848003 -0.00101905 -0.00011876 -4.70725e-05 4.16266e-05 -0.000531326 0.00159051 0.00239842 -0.000701412 -0.000967338 -0.00201337 0.00270617 0.000109804 2.8391e-05 0.000104543 4.20048e-05 -0.00138319 -0.000476333
internal_weight=9000 8166 4627 834 3539 774 695 71 624 580 511 442 127 69 2506 2263 4343 1033 79 51 234 195 57 69 3677 2029 1763 1705 73 266
internal_count=9000 8166 4627 834 3539 774 695 71 624 580 511 442 127 69 2506 2263 4343 1033 79 51 234 195 57 69 3677 2029 1763 1705 73 266
is_linear=0
shrinkage=0.1


Tree=64
num_leaves=31
num_cat=0
split_feature=2 5 6 0 4 4 2 2 2 2 0 2 0 0 3 2 6 6 2 2 2 2 2 0 2 2 1 6 6 5
split_gain=0.0213452 0.0194629 0.0167764 0.0154501 0.0139631 0.0190447 0.0149083 0.0164981 0.0218274 0.0121471 0.0108803 0.0103543 0.00933937 0.00914363 0.0179388 0.0220634 0.0187416 0.0108196 0.00897556 0.0202012 0.016877 0.0165416 0.0155797 0.00827978 0.00886824 0.0118522 0.0081068 0.0082201 0.0112082 0.00895411
threshold=5038.0000000000009 19.500000000000004 97160.500000000015 1050.0000000000002 113.50000000000001 140.50000000000003 382.50000000000006 552.50000000000011 767.50000000000011 7296.0000000000009 592.50000000000011 2519.0000000000005 1200.0000000000002 285.00000000000006 14.263369083404543 370.50000000000006 39531.000000000007 45550.000000000007 1253.5000000000002 983.50000000000011 1759.5000000000002 1483.5000000000002 642.50000000000011 1200.0000000000002 1302.5000000000002 1851.5000000000002 2.5000000000000004 12609.500000000002 16935.000000000004 179.50000000000003
decision_type=2 2 2 2 2 2 2 2 2 2 2 2 2 2 2 2 2 2 2 2 2 2 2 2 2 2 2 2 2 2
left_child=1 4 3 11 10 -6 -7 -8 -9 -2 -1 13 -12 14 16 17 -3 -16 19 22 21 -20 -17 -10 -25 -26 27 -5 -29 -30
right_child=9 2 -4 26 5 6 7 8 23 -11 12 -13 -14 -15 15 18 -18 -19 20 -21 -22 -23 -24 24 25 -27 -28 28 29 -31
leaf_value=-0.0039059037249535322 0.00051311104252656713 0.0044657454872503877 0.001010547564907765 -0.002556051839492284 0.0025449281579182884 -0.002960827747786728 0.0015951816452127931 -0.0032289209496631321 -7.8796997892776883e-05 0.0025293708345998315 0.00042573279435081148 0.00035444858049609444 -0.002522569642910226 -6.9342381493974256e-05 -0.0029786408025819552 0.0016811231412538427 0.00084371343627572058 -0.00039889526292304133 0.00044719814164140693 0.0026346105319904525 0.00074931894464929847 -0.002187290906238979 -0.00066603206296477629 -0.0023218103725977583 0.0010113964951597154 -0.0011186342142837109 -0.00011375188394421531 0.0014515534428937828 -0.00097168298130522347 4.0018289975922752e-05
leaf_weight=20 451 20 163 20 21 24 38 29 295 32 21 1252 22 2467 29 47 50 37 44 52 137 52 71 37 35 103 3017 28 252 134
leaf_count=20 451 20 163 20 21 24 38 29 295 32 21 1252 22 2467 29 47 50 37 44 52 137 52 71 37 35 103 3017 28 252 134
internal_value=1.03492e-12 -3.66741e-05 6.59705e-06 -1.46306e-05 -0.000564783 -0.000411702 -0.000522378 -0.000413397 -0.000566355 0.000646693 -0.00197896 0.000112819 -0.0010827 1.21796e-05 0.000385305 0.000162428 0.00187858 -0.00153242 0.000439996 0.000992496 3.68853e-05 -0.000979817 0.000268852 -0.000402069 -0.000947014 -0.000578409 -0.000171883 -0.000575989 -0.000480334 -0.000620471
internal_weight=9000 8517 7872 7709 645 582 561 537 499 483 63 4258 43 3006 539 469 70 66 403 170 233 96 118 470 175 138 3451 434 414 386
internal_count=9000 8517 7872 7709 645 582 561 537 499 483 63 4258 43 3006 539 469 70 66 403 170 233 96 118 470 175 138 3451 434 414 386
is_linear=0
shrinkage=0.1


Tree=65
num_leaves=31
num_cat=0
split_feature=0 2 5 4 2 2 2 5 6 2 6 2 2 2 2 0 6 2 5 4 4 7 1 6 7 0 5 4 0 7
split_gain=0.0189314 0.0201155 0.0137008 0.0125088 0.0140753 0.0140661 0.0151302 0.0117077 0.0108282 0.00979586 0.0106123 0.00894861 0.026761 0.0128244 0.0111615 0.00800198 0.00760767 0.0068809 0.0120921 0.00685301 0.0157165 0.0186759 0.0356891 0.0177298 0.021556 0.0167329 0.0249091 0.0144286 0.0201336 0.0142977
threshold=1515.0000000000002 4667.5000000000009 230.50000000000003 38.500000000000007 136.50000000000003 240.50000000000003 517.50000000000011 1.5000000000000002 7909.5000000000009 734.50000000000011 91332.000000000015 1045.5000000000002 1239.5000000000002 2456.5000000000005 2603.5000000000005 285.00000000000006 92826.500000000015 73.500000000000014 141.50000000000003 67.500000000000014 58.500000000000007 332.56100463867193 2.5000000000000004 59453.000000000007 381.31256103515631 592.50000000000011 96.500000000000014 76.500000000000014 592.50000000000011 362.25709533691412
decision_type=2 2 2 2 2 2 2 2 2 2 2 2 2 2 2 2 2 2 2 2 2 2 2 2 2 2 2 2 2 2
left_child=1 2 7 -4 -5 -6 -7 -1 -2 10 -8 -11 -13 -14 -15 -3 17 18 -10 20 21 -9 23 25 -25 -23 -27 28 -21 -22
right_child=8 15 3 4 5 6 9 19 16 11 -12 12 13 14 -16 -17 -18 -19 -20 27 29 22 -24 24 -26 26 -28 -29 -30 -31
leaf_value=-0.0018502461640829489 -0.0011985979746520845 0.0018157939222324991 0.0029076324822381143 -0.0014995403860475086 0.0029662118383302271 -0.0010882617946105799 0.00040709089953452351 -0.0014482894178503489 -3.6147389793768529e-05 -0.00069691793354239402 0.0033510172933456494 0.0031226989558873403 -0.00024063968673210297 0.003021871044554494 0.0006392800551996491 0.00052381521789690436 0.00074135752097629997 -0.0002458593358505478 -0.0033350734421401284 -0.00078900233784224845 -0.0041218629916242901 -0.0010804818271260177 0.0039862018815862632 0.00014158988737368158 -0.0040413256999189883 -8.5388037912321817e-05 0.0041486389515436413 -9.0603457391205653e-06 0.0028746540151769299 -0.0004739359677345915
leaf_weight=35 126 53 20 38 22 62 24 79 25 62 25 38 193 22 185 502 76 1386 20 24 21 35 24 28 22 33 24 5734 40 22
leaf_count=35 126 53 20 38 22 62 24 79 25 62 25 38 193 22 185 502 76 1386 20 24 21 35 24 28 22 33 24 5734 40 22
internal_value=2.39468e-12 6.82838e-05 2.11177e-05 0.00044321 0.000369755 0.000481972 0.000392523 -2.65323e-05 -0.00030805 0.000559752 0.00190909 0.000427516 0.000586683 0.000345761 0.000892502 0.000647193 -0.000233592 -0.000285371 -0.00150234 -1.60443e-05 -0.000492166 -0.000182686 0.00041962 -0.000183183 -0.00169889 0.000640572 0.00169736 7.60574e-06 0.00150078 -0.00225548
internal_weight=9000 7367 6812 691 671 633 611 6121 1633 549 49 500 438 400 207 555 1507 1431 45 6086 288 245 166 142 50 92 57 5798 64 43
internal_count=9000 7367 6812 691 671 633 611 6121 1633 549 49 500 438 400 207 555 1507 1431 45 6086 288 245 166 142 50 92 57 5798 64 43
is_linear=0
shrinkage=0.1


Tree=66
num_leaves=31
num_cat=0
split_feature=3 5 0 4 2 2 2 2 2 2 0 0 1 2 2 2 2 2 6 7 5 5 2 6 2 2 0 2 6 4
split_gain=0.017673 0.017256 0.017455 0.0145413 0.0129382 0.0118466 0.02928 0.0110545 0.0102125 0.0274484 0.0132496 0.0129339 0.00957147 0.00949626 0.0157679 0.0353673 0.0216916 0.0248783 0.018593 0.0195948 0.0172274 0.00918208 0.00942587 0.00915229 0.0206627 0.0178112 0.0215276 0.021243 0.014473 0.0109532
threshold=674.21014404296886 84.500000000000014 900.00000000000011 369.50000000000006 894.50000000000011 1527.0000000000002 1876.5000000000002 6409.0000000000009 1253.5000000000002 1190.0000000000002 1200.0000000000002 1515.0000000000002 5.5000000000000009 2519.0000000000005 1388.5000000000002 1111.0000000000002 1253.5000000000002 1316.5000000000002 34099.500000000007 309.93624877929693 151.50000000000003 1.5000000000000002 922.50000000000011 43721.500000000007 148.50000000000003 818.50000000000011 750.00000000000011 1061.5000000000002 47728.000000000007 207.50000000000003
decision_type=2 2 2 2 2 2 2 2 2 2 2 2 2 2 2 2 2 2 2 2 2 2 2 2 2 2 2 2 2 2
left_child=1 21 13 -4 12 8 -7 -2 9 -6 -10 -12 -5 14 15 18 20 -18 19 -3 -17 22 -1 24 -20 28 27 -27 -25 -26
right_child=7 2 3 4 5 6 -8 -9 10 -11 11 -13 -14 -15 -16 16 17 -19 23 -21 -22 -23 -24 25 29 26 -28 -29 -30 -31
leaf_value=-0.0032787880813702945 0.00038889602616898149 -3.3060178559805666e-05 -0.00043119024071648811 0.0005052039566879208 -0.00058938111289216517 0.001219614205468793 -6.6450966479134668e-05 0.0018151479433281118 -0.0020351962416202993 0.0019977800295097182 0.00063299664852820578 -0.0013621503752360834 0.0023783626973026377 0.0005463679386931412 -0.00026498569553886833 0.00098833787048988606 -0.0010950306715029809 0.0021616087682374127 -0.0029497508861823008 0.0042374894661902961 0.0039373239385895433 -0.00021910421294764673 -0.00033933619039695865 0.0020928974838015884 0.0013115868585086184 -0.00067254472129633816 -0.0026434690233806827 0.0026007815254464124 0.00026986842590940642 -0.00077709601287465752
leaf_weight=20 498 21 920 138 194 204 1339 61 77 52 64 66 34 776 654 32 45 49 32 22 52 2692 24 47 38 114 44 24 593 74
leaf_count=20 498 21 920 138 194 204 1339 61 77 52 64 66 34 776 654 32 45 49 32 22 52 2692 24 47 38 114 44 24 593 74
internal_value=-7.69744e-13 -3.60614e-05 6.29543e-05 -9.80715e-05 4.32889e-05 -2.84229e-05 0.00010358 0.000544534 -0.000478048 -4.25015e-05 -0.000995653 -0.000379924 0.00087548 0.000252961 0.000129287 0.000346519 0.00164612 0.000602579 0.000117253 0.00215187 0.0028139 -0.000242525 -0.00167545 2.66846e-05 -0.000708728 0.000155516 -0.000717384 -0.000103271 0.000403747 -6.84358e-05
internal_weight=9000 8441 5705 3088 2168 1996 1543 559 453 246 207 130 172 2617 1841 1187 178 94 1009 43 84 2736 44 966 144 822 182 138 640 112
internal_count=9000 8441 5705 3088 2168 1996 1543 559 453 246 207 130 172 2617 1841 1187 178 94 1009 43 84 2736 44 966 144 822 182 138 640 112
is_linear=0
shrinkage=0.1


Tree=67
num_leaves=31
num_cat=0
split_feature=0 2 4 5 2 2 2 2 2 0 0 0 6 2 2 7 4 4 4 4 5 6 6 0 7 0 0 3 2 5
split_gain=0.0157971 0.0123481 0.0148226 0.0125239 0.0269888 0.0135488 0.0138577 0.039865 0.0196232 0.0130611 0.0127509 0.0120106 0.012002 0.0113712 0.0108362 0.0098475 0.0280964 0.0156683 0.016396 0.0140035 0.0316466 0.0136855 0.0308913 0.0111964 0.0138808 0.0111766 0.0154363 0.00923425 0.016728 0.00899429
threshold=285.00000000000006 178.50000000000003 140.50000000000003 167.50000000000003 240.50000000000003 408.50000000000006 627.50000000000011 655.50000000000011 566.50000000000011 1357.5000000000002 1050.0000000000002 1050.0000000000002 67617.500000000015 490.50000000000006 5139.0000000000009 337.46345520019537 113.50000000000001 120.50000000000001 109.50000000000001 81.500000000000014 98.500000000000014 49085.500000000007 41851.500000000007 1357.5000000000002 391.33276367187506 900.00000000000011 592.50000000000011 23.813808441162113 111.50000000000001 136.50000000000003
decision_type=2 2 2 2 2 2 2 2 2 2 2 2 2 2 2 2 2 2 2 2 2 2 2 2 2 2 2 2 2 2
left_child=-1 2 15 12 10 9 8 -8 13 11 -5 -6 -3 -7 -9 16 27 18 19 21 -21 22 25 24 -23 26 -17 28 29 -2
right_child=1 3 -4 4 5 6 7 14 -10 -11 -12 -13 -14 -15 -16 17 -18 -19 -20 20 -22 23 -24 -25 -26 -27 -28 -29 -30 -31
leaf_value=0.00041456142739135855 -0.00050499673413399325 -9.0731401722004792e-05 -0.002208983630375264 0.0039330948394938154 -0.00073909035665226759 0.0013547136477966518 -0.0035665858424557698 0.00010381564842756267 0.0028018316432358104 0.00071030744852472461 0.00099124829421805977 -0.0030924167186985245 -0.0024865668291957784 -0.00072745650866315426 0.00095534567827480321 -0.00038381481907613901 0.0025519891664208399 -0.0021091892380568694 0.0025552497979683376 -0.0042576933531866725 0.00027504840508363277 0.00094214479652913032 0.0040209194348857702 -0.0018221560715755915 -0.0013339820146072833 -0.00064989492396411847 0.0033213101851288229 0.00025291381734273127 -0.0038952010442261341 -0.0023201030983251432
leaf_weight=834 78 4843 45 26 86 54 29 2082 47 43 34 29 21 51 161 23 21 34 26 24 43 74 27 40 42 61 22 31 27 42
leaf_count=834 78 4843 45 26 86 54 29 2082 47 43 34 29 21 51 161 23 21 34 26 24 43 74 27 40 42 61 22 31 27 42
internal_value=-1.25354e-12 -4.23395e-05 -0.000457034 -5.87552e-06 0.00016939 0.000120668 0.000179152 0.000117308 0.00110355 -0.000776574 0.00226605 -0.00133254 -0.000101075 0.000343374 0.000164938 -0.000328843 -0.000907399 -5.20816e-05 0.000131012 -4.60394e-05 -0.00134862 0.000255943 0.00100122 -0.000379454 0.00011803 0.000232052 0.00142758 -0.00131553 -0.00164629 -0.00114028
internal_weight=9000 8166 660 7506 2642 2582 2424 2272 152 158 60 115 4864 105 2243 615 199 416 382 356 67 289 133 156 116 106 45 178 147 120
internal_count=9000 8166 660 7506 2642 2582 2424 2272 152 158 60 115 4864 105 2243 615 199 416 382 356 67 289 133 156 116 106 45 178 147 120
is_linear=0
shrinkage=0.1


Tree=68
num_leaves=31
num_cat=0
split_feature=6 0 0 3 2 2 2 5 6 1 6 2 3 2 4 2 2 2 2 7 2 2 3 2 2 2 5 3 4 3
split_gain=0.0139822 0.0118896 0.0116692 0.0105419 0.0157283 0.01051 0.0102446 0.00942257 0.026344 0.0155354 0.0177951 0.014198 0.00925006 0.00955684 0.0175597 0.0118117 0.0425248 0.0190943 0.0129869 0.0096739 0.00913409 0.0133802 0.00903485 0.00869443 0.00858344 0.0116171 0.009158 0.0073594 0.0073514 0.0142712
threshold=72843.000000000015 1200.0000000000002 592.50000000000011 83.223842620849624 627.50000000000011 10.500000000000002 849.50000000000011 122.50000000000001 36731.000000000007 2.5000000000000004 21643.500000000004 226.50000000000003 729.29089355468761 90.500000000000014 144.50000000000003 1253.5000000000002 1061.5000000000002 1689.5000000000002 781.50000000000011 380.86471557617193 2456.5000000000005 2649.5000000000005 14.263369083404543 2728.0000000000005 2011.5000000000002 1569.5000000000002 244.50000000000003 681.98876953125011 58.500000000000007 30.157348632812504
decision_type=2 2 2 2 2 2 2 2 2 2 2 2 2 2 2 2 2 2 2 2 2 2 2 2 2 2 2 2 2 2
left_child=1 5 12 4 7 -1 -6 8 9 22 -11 -10 13 -2 -15 16 18 -17 19 -16 24 -22 -3 -23 25 26 -4 -7 -9 -30
right_child=2 3 20 -5 6 27 -8 28 11 10 -12 -13 -14 14 15 17 -18 -19 -20 -21 21 23 -24 -25 -26 -27 -28 -29 29 -31
leaf_value=-0.0020179382227361203 0.0026153324182987925 -0.00099756557967913603 -0.00032704928468831838 -0.00014446143725395358 -0.0033631018242768701 5.5347524377426057e-06 -0.0010580113651681756 -0.002510587072798184 0.0032562638996751049 -0.00077713517241022605 0.0018913395893788419 -1.0253654023551423e-06 0.0026573139708489183 -0.0014519341577154895 0.0021138636127472164 -0.0012741985588441962 0.0047758561294076254 0.0006295925788867699 -0.00085332015772688794 0.00012861305821893943 0.0017878739771643474 -0.0018130792281590405 -0.0033863355917856095 0.00031554209112819351 -0.00080802297624711866 0.00082836936899246248 0.00056518244839354442 0.00054812758122229439 0.00046286129202185707 -0.0017584649063017007
leaf_weight=25 21 76 572 1911 31 4149 51 28 32 64 41 23 21 45 54 65 29 278 44 45 62 20 20 473 147 147 144 266 55 61
leaf_count=25 21 76 572 1911 31 4149 51 28 32 64 41 23 21 45 54 65 29 278 44 45 62 20 20 473 147 147 144 266 55 61
internal_value=-2.07978e-12 -7.01925e-05 0.000221331 -0.000249872 -0.000667794 2.6648e-05 -0.00192945 -0.000409155 -4.51428e-05 -0.000575788 0.000264841 0.00189412 0.000595486 0.000520962 0.000442423 0.000607949 0.00128424 0.000268816 0.000576155 0.00121148 7.74077e-05 0.000403312 -0.00149523 0.000229188 -0.000101678 1.86378e-05 -0.000147606 3.82255e-05 -0.00105629 -0.00070525
internal_weight=9000 6833 2167 2393 482 4440 82 400 256 201 105 55 602 581 560 515 172 343 143 99 1565 555 96 493 1010 863 716 4415 144 116
internal_count=9000 6833 2167 2393 482 4440 82 400 256 201 105 55 602 581 560 515 172 343 143 99 1565 555 96 493 1010 863 716 4415 144 116
is_linear=0
shrinkage=0.1


Tree=69
num_leaves=31
num_cat=0
split_feature=2 0 5 2 2 0 2 2 2 2 5 8 2 3 2 2 0 3 2 0 0 0 0 2 2 2 6 3 0 2
split_gain=0.013293 0.0125467 0.0128254 0.0089174 0.0219062 0.0216716 0.0216356 0.0213201 0.0152031 0.0212713 0.011997 0.0114024 0.0113249 0.0367789 0.0315249 0.032612 0.0253651 0.014618 0.0214819 0.0140217 0.0132972 0.0111714 0.015944 0.0106566 0.0138784 0.0147873 0.0102235 0.00979285 0.00961558 0.0126588
threshold=7296.0000000000009 1665.0000000000002 84.500000000000014 832.50000000000011 1073.5000000000002 750.00000000000011 1204.5000000000002 601.50000000000011 1456.5000000000002 1329.5000000000002 73.500000000000014 1291.5000000000002 357.50000000000006 30.157348632812504 226.50000000000003 292.50000000000006 285.00000000000006 43.407314300537116 408.50000000000006 592.50000000000011 1050.0000000000002 592.50000000000011 1200.0000000000002 2090.5000000000005 2473.5000000000005 2624.5000000000005 7540.0000000000009 14.263369083404543 900.00000000000011 1891.5000000000002
decision_type=2 2 2 2 2 2 2 2 2 2 2 2 2 2 2 2 2 2 2 2 2 2 2 2 2 2 2 2 2 2
left_child=1 2 3 7 5 -5 -6 10 9 11 12 -8 13 16 -15 -16 -1 -14 -19 -20 -21 -18 26 28 -25 -26 -23 -12 -10 -30
right_child=-2 -3 -4 4 6 -7 8 -9 23 -11 27 -13 17 14 15 -17 21 18 19 20 -22 22 -24 24 25 -27 -28 -29 29 -31
leaf_value=0.0036091031344688456 0.0020345267354969112 -0.00038442961182093364 0.00011637156657312021 0.0026802203571423891 -0.0015791469777468592 0.00025986444966896418 -0.0020784917103204253 -0.0014858687688292075 -0.0011177509089680272 0.0020387242631426765 -0.0030475289262223825 0.00047204607770814065 -0.0016545492021933846 -0.0041065982536804919 0.0011273101670667529 -0.0029569690266404961 -0.0013915942481253296 0.0033453846521297238 0.0018248707436933455 -0.0023766606279726453 0.00053802796691242193 0.0028870255752865759 -0.00089792304945429083 0.0007519047204545791 -0.0015664999230024738 -5.3508177151687718e-05 0.00059050409029060534 -0.0005967156813962253 0.00046034342330747153 -0.0013740778478138426
leaf_weight=23 32 803 5529 55 99 113 24 156 191 79 23 65 23 38 46 34 40 32 43 24 45 28 52 199 70 837 63 56 124 54
leaf_count=23 32 803 5529 55 99 113 24 156 191 79 23 65 23 38 46 34 40 32 43 24 45 28 52 199 70 837 63 56 124 54
internal_value=5.13963e-13 -7.25968e-06 2.98337e-05 -0.000151679 -3.82831e-05 0.00105224 -0.000143454 -0.000450008 -5.69458e-05 0.000844395 -0.000166509 -0.000215739 1.75136e-05 -0.000327282 -0.00173501 -0.000608508 0.000479088 0.000686458 0.00106037 0.000407508 -0.000475777 8.56978e-05 0.000498926 -0.000159607 -4.35108e-06 -0.000170277 0.00129713 -0.00131024 -0.000624954 -9.61664e-05
internal_weight=9000 8968 8165 2636 1910 168 1742 726 1643 168 570 89 491 324 118 80 206 167 144 112 69 183 143 1475 1106 907 91 79 369 178
internal_count=9000 8968 8165 2636 1910 168 1742 726 1643 168 570 89 491 324 118 80 206 167 144 112 69 183 143 1475 1106 907 91 79 369 178
is_linear=0
shrinkage=0.1


Tree=70
num_leaves=31
num_cat=0
split_feature=6 0 2 2 2 2 5 6 2 0 0 0 0 2 7 2 2 6 5 4 2 0 2 7 8 5 7 8 5 3
split_gain=0.0119554 0.0114383 0.0125016 0.00912136 0.0126547 0.0100086 0.00754826 0.00624523 0.0057044 0.00545489 0.00700265 0.00725383 0.00815599 0.00500209 0.00475107 0.00467409 0.0360484 0.0158021 0.0195179 0.00909604 0.0113148 0.0124932 0.0199025 0.0123459 0.0121772 0.0114212 0.0134095 0.0126908 0.00868758 0.0149046
threshold=92348.500000000015 1515.0000000000002 4600.5000000000009 203.50000000000003 517.50000000000011 717.00000000000011 1.5000000000000002 7909.5000000000009 2456.5000000000005 285.00000000000006 1200.0000000000002 900.00000000000011 1050.0000000000002 6219.0000000000009 407.13845825195318 685.50000000000011 627.50000000000011 66628.500000000015 121.50000000000001 503.50000000000006 434.50000000000006 592.50000000000011 601.50000000000011 338.19572448730474 1973.5000000000002 53.500000000000007 467.32757568359381 1304.5000000000002 36.500000000000007 30.157348632812504
decision_type=2 2 2 2 2 2 2 2 2 2 2 2 2 2 2 2 2 2 2 2 2 2 2 2 2 2 2 2 2 2
left_child=1 2 6 -2 14 -6 -1 -3 -7 -4 11 -11 -13 -12 -5 16 19 18 -18 20 25 22 23 -22 -23 26 28 -27 -8 -30
right_child=3 7 9 4 5 8 15 -9 -10 10 13 12 -14 -15 -16 -17 17 -19 -20 -21 21 24 -24 -25 -26 27 -28 -29 29 -31
leaf_value=-0.0014752059448177794 0.0020699649541971407 -0.0009463081825598484 0.0014449911093216321 -0.0019344673550974756 0.0025291720461100339 6.8183102764102614e-05 0.0002311806447509372 -0.00021171043789811679 0.0009421411069607448 0.00050339119513406381 0.00075441640380105178 -0.00108852226388423 0.0004143519845456467 0.0024598432799047307 6.8989087594673038e-05 4.7382692818828852e-05 -0.0024216235423874526 -0.0036416763466383729 0.00080896177096292379 -0.0019954872004745994 0.0033094557407619303 -0.0011451237243525084 -0.001642452641390264 0.0010706595172077634 0.0005259362574457667 -0.002734911676851057 -0.0016604409522928852 -0.00024793653375782627 0.0028380748355716825 0.00017397497791708227
leaf_weight=35 35 126 53 29 25 172 147 1420 132 253 95 77 68 21 20 4787 45 35 32 23 36 62 20 78 147 21 27 895 42 42
leaf_count=35 35 126 53 29 25 172 147 1420 132 253 95 77 68 21 20 4787 45 35 32 23 36 62 20 78 147 21 27 895 42 42
internal_value=-6.21134e-13 -2.52764e-05 2.88049e-05 0.000525541 0.000382539 0.000605834 -1.06292e-05 -0.000271581 0.000447665 0.000479063 0.000379463 0.000180195 -0.000383726 0.00106316 -0.00111673 -2.66828e-06 -0.000147701 -0.00187987 -0.00107904 -2.17254e-05 8.19984e-06 0.000513463 0.00126719 0.00177765 3.02151e-05 -0.00013942 0.000448286 -0.000304952 0.00069476 0.00150602
internal_weight=9000 8587 7041 413 378 329 6474 1546 304 567 514 398 145 116 49 6439 1652 112 77 1540 1517 343 134 114 209 1174 258 916 231 84
internal_count=9000 8587 7041 413 378 329 6474 1546 304 567 514 398 145 116 49 6439 1652 112 77 1540 1517 343 134 114 209 1174 258 916 231 84
is_linear=0
shrinkage=0.1


Tree=71
num_leaves=31
num_cat=0
split_feature=3 6 6 0 2 3 2 2 2 2 2 2 1 2 5 2 5 6 4 1 5 0 2 5 5 2 4 2 6 6
split_gain=0.0104924 0.0102903 0.00894946 0.00845056 0.00807324 0.0171896 0.00858831 0.0180785 0.0117809 0.0138183 0.0123505 0.0121451 0.00763212 0.00736587 0.0071557 0.00713527 0.0115904 0.00862257 0.00711721 0.0185531 0.0103919 0.0107488 0.00742532 0.0310712 0.0147403 0.010124 0.0306613 0.027093 0.0406279 0.0367774
threshold=674.21014404296886 4715.5000000000009 97160.500000000015 1665.0000000000002 119.50000000000001 25.77922344207764 382.50000000000006 552.50000000000011 894.50000000000011 1073.5000000000002 1282.5000000000002 1456.5000000000002 12.500000000000002 319.50000000000006 136.50000000000003 18.500000000000004 139.50000000000003 34793.000000000007 42.500000000000007 2.5000000000000004 113.50000000000001 900.00000000000011 73.500000000000014 189.50000000000003 78.500000000000014 119.50000000000001 109.50000000000001 148.50000000000003 45550.000000000007 72445.000000000015
decision_type=2 2 2 2 2 2 2 2 2 2 2 2 2 2 2 2 2 2 2 2 2 2 2 2 2 2 2 2 2 2
left_child=1 4 3 15 -1 -6 -7 -8 -9 -10 -11 -12 -2 14 -5 16 17 -3 19 20 21 -17 23 24 -20 26 -24 28 -27 -30
right_child=12 2 -4 13 5 6 7 8 9 10 11 -13 -14 -15 -16 18 -18 -19 22 -21 -22 -23 25 -25 -26 27 -28 -29 29 -31
leaf_value=-0.0019848710514933747 0.00029025204829654418 -0.0012037873479791663 0.00073107241681831222 -0.00030926016922247539 0.0024774200411047786 -0.0021543569614489873 0.0023179621071271277 -0.0021899276052135975 0.0021777005481999367 -0.0028751423039163155 0.0017398243015632035 -0.00059003239348129062 0.0014753357430950542 -0.00022186072745043457 -0.0020637047771268281 0.0027644944804099698 -0.0023212996270398005 0.0016651202482171356 -0.00021509080892428758 0.0032684222445823253 -0.00074848052733744101 -0.00014406233267099769 0.00024917807444909068 0.0022386964463207517 -0.003697198007496134 -0.0039437968542780401 0.0042793542201583152 2.7424795696250158e-05 0.0028447956260956395 -0.0026447680890155228
leaf_weight=34 498 22 163 47 20 30 23 40 20 21 25 213 61 612 46 24 34 20 20 24 56 27 133 21 31 43 22 6621 26 23
leaf_count=34 498 22 163 47 20 30 23 40 20 21 25 213 61 612 46 24 34 20 20 24 56 27 133 21 31 43 22 6621 26 23
internal_value=2.8876e-13 -2.77859e-05 -2.33111e-06 -1.75559e-05 -0.000506707 -0.000378499 -0.000532043 -0.000389735 -0.00058496 -0.000354858 -0.000550422 -0.0003453 0.000419572 -0.000347864 -0.00117705 1.50267e-05 -0.000948751 0.000162359 2.53855e-05 0.000755614 0.000191993 0.00122467 1.16017e-05 -0.000998643 -0.00233167 2.21925e-05 0.000821203 3.74368e-06 -0.00170052 0.000268062
internal_weight=9000 8441 8015 7852 426 392 372 342 319 279 259 238 559 705 93 7147 76 42 7071 131 107 51 6940 72 51 6868 155 6713 92 49
internal_count=9000 8441 8015 7852 426 392 372 342 319 279 259 238 559 705 93 7147 76 42 7071 131 107 51 6940 72 51 6868 155 6713 92 49
is_linear=0
shrinkage=0.1


Tree=72
num_leaves=31
num_cat=0
split_feature=0 4 8 7 5 3 2 3 0 3 2 3 2 2 2 2 2 0 5 2 8 0 2 6 5 0 2 3 2 2
split_gain=0.0101844 0.00848443 0.0084523 0.00848276 0.0092099 0.00892693 0.00877656 0.0117281 0.0080325 0.00733941 0.0179823 0.00959216 0.00718224 0.027552 0.0117754 0.0177741 0.0171564 0.0123158 0.0154511 0.00991744 0.00966406 0.00950246 0.00732829 0.00771312 0.0137845 0.00714304 0.00704728 0.00700836 0.00697937 0.00693073
threshold=285.00000000000006 10.500000000000002 1973.5000000000002 319.35391235351568 243.50000000000003 10.936501979827883 279.50000000000006 80.154644012451186 1665.0000000000002 14.263369083404543 370.50000000000006 51.970792770385749 767.50000000000011 601.50000000000011 1073.5000000000002 1302.5000000000002 1444.5000000000002 750.00000000000011 21.500000000000004 1219.5000000000002 1598.5000000000002 1357.5000000000002 26.500000000000004 3963.0000000000005 7.5000000000000009 750.00000000000011 1527.0000000000002 34.68896675109864 168.50000000000003 503.50000000000006
decision_type=2 2 2 2 2 2 2 2 2 2 2 2 2 2 2 2 2 2 2 2 2 2 2 2 2 2 2 2 2 2
left_child=9 -2 12 5 8 -4 -7 -8 -5 -1 11 -11 13 22 20 17 -17 -16 -19 -20 25 -15 -3 24 27 -14 -18 -24 -10 -12
right_child=1 2 3 4 -6 6 7 -9 28 10 29 -13 14 21 15 16 26 18 19 -21 -22 -23 23 -25 -26 -27 -28 -29 -30 -31
leaf_value=0.001249946072650484 -0.0015876150941975149 -0.001916922282670503 0.0025483306142545883 1.637174569104e-05 0.00048033105148855622 -0.001607903642579913 0.0025799225765065509 0.00033771853139731697 -0.0018315916266146816 -0.00042099027754296039 0.0019069470168123473 -0.0028545305803418159 0.0022855655921279992 -0.0014211828379178948 0.00020132895260758233 0.0012583202121147356 -0.0011599909998528631 -0.0039679711724322541 -0.0019005355345143471 0.00070498198647761631 -0.00042947432804411574 -0.0036514575690962375 0.0012955827126279473 -0.00025667842546726118 0.0028223436054152749 0.0006633302302246815 -0.00010810556730152606 -0.0011742094134980883 -0.00030621895327038106 0.00032716229868691085
leaf_weight=79 35 23 21 4557 387 20 26 227 32 46 29 25 38 81 40 91 67 26 48 21 57 25 20 409 24 95 1290 27 479 655
leaf_count=79 35 23 21 4557 387 20 26 227 32 46 29 25 38 81 40 91 67 26 48 21 57 25 20 409 24 95 1290 27 479 655
internal_value=-9.11415e-14 -3.39958e-05 -2.73082e-05 3.83199e-05 1.012e-05 0.000561554 0.000408725 0.000568143 -2.57861e-05 0.000332865 0.000236906 -0.00127787 -0.000185703 -0.000481985 -8.39345e-05 -0.000173218 -7.09036e-05 -0.00127063 -0.0018904 -0.00110755 0.000659936 -0.00194719 -0.000173214 -8.96609e-05 0.000872454 0.00112683 -0.000160041 -0.000123234 -0.000401741 0.000394141
internal_weight=9000 8166 8131 5749 5455 294 273 253 5068 834 755 71 2382 609 1773 1583 1448 135 95 69 190 106 503 480 71 133 1357 47 511 684
internal_count=9000 8166 8131 5749 5455 294 273 253 5068 834 755 71 2382 609 1773 1583 1448 135 95 69 190 106 503 480 71 133 1357 47 511 684
is_linear=0
shrinkage=0.1


Tree=73
num_leaves=31
num_cat=0
split_feature=2 5 4 3 0 2 2 6 2 3 6 5 4 5 6 2 5 2 2 2 2 2 2 1 8 2 2 2 0 4
split_gain=0.00931713 0.00834812 0.00986367 0.0084876 0.00633506 0.0158091 0.0206754 0.0146565 0.00983779 0.00960047 0.00888138 0.00715749 0.00572776 0.00547211 0.00519456 0.0108909 0.00741246 0.00650916 0.00533107 0.00524376 0.024598 0.0123572 0.0071271 0.00690181 0.00494624 0.017068 0.0107342 0.0105072 0.0121108 0.0177671
threshold=7296.0000000000009 19.500000000000004 48.500000000000007 575.50350952148449 285.00000000000006 168.50000000000003 434.50000000000006 38265.500000000007 517.50000000000011 51.970792770385749 54254.000000000007 173.50000000000003 10.500000000000002 252.50000000000003 44507.000000000007 818.50000000000011 124.50000000000001 1483.5000000000002 1829.5000000000002 1264.5000000000002 1061.5000000000002 1759.5000000000002 1483.5000000000002 5.5000000000000009 935.50000000000011 215.50000000000003 252.50000000000003 382.50000000000006 750.00000000000011 426.50000000000006
decision_type=2 2 2 2 2 2 2 2 2 2 2 2 2 2 2 2 2 2 2 2 2 2 2 2 2 2 2 2 2 2
left_child=1 2 -1 4 5 7 9 -3 -8 10 -7 -9 -6 -14 15 -10 -16 -17 -19 20 23 22 -21 -18 25 -4 -26 -27 29 -29
right_child=-2 3 24 -5 12 6 8 11 14 -11 -12 -13 13 -15 16 17 19 18 -20 21 -22 -23 -24 -25 26 27 -28 28 -30 -31
leaf_value=-0.0024240825614966033 0.0017033058615197661 0.0040050120255909856 0.0025119145917706191 0.00029184682049341134 -0.0013808688927383628 0.0010469450405798852 0.0024514239192718551 -0.00043186468246858567 -0.0022580047843472461 -0.0027982779688412143 -0.0018647001156668096 0.0020652727380035107 -5.183726088672877e-05 0.00065013247869694524 0.002307238410520811 0.0011091321410779704 -0.0012015377613284661 -0.0014592934171026896 8.2391283473098704e-05 -0.00014110961431382043 0.0038250855387836368 0.00055531039556043634 -0.0023861616429013133 0.00087834724399726838 -0.0025390408709645273 -0.0023639596023020291 -0.00038367125675173812 0.0035195386213308665 -0.00050569020636642714 0.00017424596839451365
leaf_weight=22 32 20 25 1020 32 20 21 24 22 31 22 22 6435 113 21 47 27 29 99 31 23 156 26 39 25 21 305 20 193 77
leaf_count=22 32 20 25 1020 32 20 21 24 22 31 22 22 6435 113 21 47 27 29 99 31 23 156 26 39 25 21 305 20 193 77
internal_value=3.59463e-13 -6.07781e-06 -0.000340787 2.17338e-05 -1.6216e-05 0.000274364 0.00011628 0.00174502 0.00032944 -0.00146344 -0.000478202 0.000762418 -4.62455e-05 -3.97232e-05 0.000243745 -0.000160963 0.000490578 0.000102665 -0.000266897 0.000364254 0.00100889 9.49006e-05 -0.00116517 2.74852e-05 -0.000271969 -1.89222e-06 -0.000546957 -0.000203967 -4.75534e-05 0.000863997
internal_weight=9000 8968 688 8280 7260 680 614 66 541 73 42 46 6580 6548 520 197 323 175 128 302 89 213 57 66 666 336 330 311 290 97
internal_count=9000 8968 688 8280 7260 680 614 66 541 73 42 46 6580 6548 520 197 323 175 128 302 89 213 57 66 666 336 330 311 290 97
is_linear=0
shrinkage=0.1


Tree=74
num_leaves=31
num_cat=0
split_feature=6 2 0 2 2 2 2 2 7 6 3 2 5 2 5 7 7 0 0 2 4 4 8 5 2 7 2 3 6 5
split_gain=0.00789678 0.00835191 0.00690207 0.00717121 0.0150391 0.0067236 0.0346838 0.0145794 0.0131059 0.00772815 0.00818377 0.0107565 0.00705556 0.00669262 0.0181098 0.0156768 0.0102055 0.00943585 0.00959051 0.00728756 0.0290287 0.0173807 0.0176621 0.0274653 0.0181755 0.0197807 0.00962683 0.0247372 0.0201828 0.0290006
threshold=72843.000000000015 5139.0000000000009 592.50000000000011 90.500000000000014 148.50000000000003 1253.5000000000002 1061.5000000000002 1689.5000000000002 363.00975036621099 92826.500000000015 59.59587478637696 642.50000000000011 236.50000000000003 64.500000000000014 156.50000000000003 328.56320190429693 355.31755065917974 592.50000000000011 1050.0000000000002 119.50000000000001 109.50000000000001 81.500000000000014 1357.5000000000002 60.500000000000007 81.500000000000014 349.46762084960943 226.50000000000003 67.052112579345717 68308.000000000015 151.50000000000003
decision_type=2 2 2 2 2 2 2 2 2 2 2 2 2 2 2 2 2 2 2 2 2 2 2 2 2 2 2 2 2 2
left_child=13 2 3 -2 -5 6 8 -7 12 10 -10 -12 -6 14 15 -1 -17 -18 -19 20 21 22 -15 -24 -25 -26 27 28 29 -21
right_child=1 -3 -4 4 5 7 -8 -9 9 -11 11 -13 -14 19 -16 16 17 18 -20 26 -22 -23 23 24 25 -27 -28 -29 -30 -31
leaf_value=-0.0015424177322305786 0.0022284976475583835 0.0010235285685970062 6.9919753095291841e-06 -0.0021576974816802565 0.0024135949318103184 -0.0011610607682870557 0.0041130174119988908 0.00050421680552112369 -0.0026095724778861041 0.0010436794782812098 0.0015230319507065276 -0.0013896151089284104 0.00027512685053268258 -0.0019298003523588359 -0.0028813890321180225 0.0023700265018057757 -0.0015674715396016836 0.0021328852476122286 -0.00026068830530733819 -1.1575322174364239e-05 0.0041828771773725756 -0.0017267117938516959 0.0039939786893901999 -0.0013101251699923966 -0.00045880557736381893 0.0039887411193922162 -2.6711926691227524e-05 -0.0031989927819019862 0.0026819176617122833 -0.0029282756144225243
leaf_weight=61 21 108 1481 23 36 65 29 275 20 29 21 32 27 21 30 22 28 26 47 181 20 38 27 37 20 20 6159 33 21 42
leaf_count=61 21 108 1481 23 36 65 29 275 20 29 21 32 27 21 30 22 28 26 47 181 20 38 27 37 20 20 6159 33 21 42
internal_value=2.32224e-14 0.000166334 0.000121371 0.000414444 0.000346051 0.00045389 0.000923642 0.000185855 0.000363085 -0.000337341 -0.000885965 -0.000235547 0.00149711 -5.27506e-05 -0.000603155 -0.000231703 0.000418326 -6.7974e-06 0.000591817 -3.49554e-05 0.000587313 0.000146139 0.000715486 0.00124963 0.000287326 0.00176497 -5.26488e-05 -0.000629347 -0.000281813 -0.000560909
internal_weight=9000 2167 2059 578 557 534 194 340 165 102 73 53 63 6833 214 184 123 101 73 6619 183 163 125 104 77 40 6436 277 244 223
internal_count=9000 2167 2059 578 557 534 194 340 165 102 73 53 63 6833 214 184 123 101 73 6619 183 163 125 104 77 40 6436 277 244 223
is_linear=0
shrinkage=0.1


Tree=75
num_leaves=31
num_cat=0
split_feature=2 6 8 2 2 7 0 4 2 4 6 0 4 7 2 7 2 3 2 3 5 0 4 2 5 6 2 7 4 3
split_gain=0.0073483 0.0071136 0.00655322 0.0101897 0.0229392 0.00919364 0.00873192 0.00784377 0.00673833 0.00758027 0.00617959 0.00661002 0.00629635 0.00573496 0.00936154 0.00653284 0.0070161 0.0109732 0.00592084 0.0051083 0.00500841 0.00495722 0.00801358 0.00455628 0.0058764 0.00688012 0.00590484 0.00427141 0.0136466 0.00505675
threshold=7296.0000000000009 4715.5000000000009 1014.0000000000001 119.50000000000001 319.50000000000006 379.32110595703131 750.00000000000011 739.50000000000011 894.50000000000011 1194.0000000000002 97160.500000000015 1665.0000000000002 1927.0000000000002 509.56756591796881 1016.5000000000001 439.37147521972662 880.50000000000011 7.7387611865997323 1030.5000000000002 304.08119201660162 245.50000000000003 750.00000000000011 231.50000000000003 319.50000000000006 136.50000000000003 74900.500000000015 158.50000000000003 248.28625488281253 159.50000000000003 94.491107940673842
decision_type=2 2 2 2 2 2 2 2 2 2 2 2 2 2 2 2 2 2 2 2 2 2 2 2 2 2 2 2 2 2
left_child=1 2 3 -1 -5 7 -6 -4 -8 19 11 12 13 15 -15 27 17 -17 -18 -10 -14 22 -19 24 26 -26 -13 28 -3 -30
right_child=-2 10 5 4 6 -7 8 -9 9 -11 -12 23 20 14 -16 16 18 21 -20 -21 -22 -23 -24 -25 25 -27 -28 -29 29 -31
leaf_value=-0.0022318781872110614 0.0015126724855235808 -0.0028544628593538488 -0.0035248356250425182 0.0030341464418755927 0.00051317230513586308 -0.00032441021111480952 -0.0018563706660643222 -0.00098714387718716579 -0.00013531378728138017 -0.0010577394680264039 0.00061224048256168745 0.00094827387947589166 0.00019461102094519992 0.002491045465770488 4.5440403951538938e-05 0.00069450828013941648 0.0015561335846905422 -0.0035239879841632814 -0.00022820010479267266 0.0017264987039379777 0.0013044719812959167 -0.00088443646087049677 -0.00085439996328204879 -0.0001874098200284836 -0.0031333054159767928 -0.00066626992058725317 -0.0012939722277224065 2.418679028829861e-05 0.0012226478345995851 -0.00036067907828354938
leaf_weight=22 32 21 21 23 99 80 37 29 56 76 170 24 1274 24 45 32 20 23 265 20 42 73 22 655 20 26 23 5559 23 164
leaf_count=22 32 21 21 23 99 80 37 29 56 76 170 24 1274 24 45 32 20 23 265 20 42 73 22 655 20 26 23 5559 23 164
internal_value=-1.35114e-12 -5.39758e-06 -0.000387117 -0.000152052 -4.92632e-06 -0.000989243 -0.00024763 -0.00205297 -0.000646146 -0.000351551 1.53826e-05 3.20918e-06 3.11709e-05 -1.05611e-05 0.000896086 -2.06479e-05 -0.000394341 -0.000947921 -0.000102984 0.000354637 0.000230032 -0.00139333 -0.00221886 -0.000280408 -0.000935397 -0.00173889 -0.000148995 7.53948e-06 -0.000437376 -0.000165938
internal_weight=9000 8968 463 333 311 130 288 50 189 152 8505 8335 7587 6271 69 6202 435 150 285 76 1316 118 45 748 93 46 47 5767 208 187
internal_count=9000 8968 463 333 311 130 288 50 189 152 8505 8335 7587 6271 69 6202 435 150 285 76 1316 118 45 748 93 46 47 5767 208 187
is_linear=0
shrinkage=0.1


Tree=76
num_leaves=31
num_cat=0
split_feature=0 6 2 6 4 2 3 6 4 8 7 6 4 1 2 2 8 5 5 7 8 2 2 7 2 8 7 5 0 2
split_gain=0.00659214 0.00570704 0.0134018 0.0197924 0.0140449 0.0129619 0.0130909 0.00591577 0.00538677 0.0053827 0.00645284 0.00762357 0.00683158 0.00575772 0.00557832 0.0204317 0.00879971 0.0108159 0.0156642 0.00957598 0.00892287 0.0092658 0.017185 0.009313 0.00755896 0.0128086 0.0123099 0.00738413 0.0072241 0.00671666
threshold=285.00000000000006 3963.0000000000005 168.50000000000003 37100.000000000007 62.500000000000007 370.50000000000006 36.985731124877937 33300.500000000007 10.500000000000002 1893.5000000000002 317.48814392089849 58191.000000000007 256.50000000000006 7.5000000000000009 767.50000000000011 601.50000000000011 1794.5000000000002 83.500000000000014 73.500000000000014 307.69320678710943 1282.5000000000002 81.500000000000014 203.50000000000003 313.19859313964849 950.50000000000011 1598.5000000000002 296.77809143066412 84.500000000000014 1357.5000000000002 849.50000000000011
decision_type=2 2 2 2 2 2 2 2 2 2 2 2 2 2 2 2 2 2 2 2 2 2 2 2 2 2 2 2 2 2
left_child=1 -1 3 -3 -5 6 -4 -7 -2 14 11 12 -11 -13 15 16 17 18 20 -19 -10 -22 -23 -24 25 26 29 -18 -17 -16
right_child=8 2 5 4 -6 7 -8 -9 9 10 -12 13 -14 -15 24 28 27 19 -20 -21 21 22 23 -25 -26 -27 -28 -29 -30 -31
leaf_value=-0.0011356935686697917 -0.0012652844736086473 0.0042974818444054116 0.00038001486526778095 -0.00079315417155157776 0.0026279725230415351 -0.00012719713185927424 -0.0025121023775735761 0.00051611416410132132 0.00040826779009113393 0.0020604878238107012 3.6856358465394699e-06 -0.00083643575811660612 0.00056531628045680313 0.00051303535271895085 -0.00065252412925474344 -0.0012800676346608048 -0.00023768876425867133 -3.0681530781159245e-05 -0.0028609761195680637 0.0018898720219731333 0.0011400070617951098 -0.0031555303273489697 0.0012028150045527864 -0.001266790713762512 -0.00012169767694188473 -0.0010731485395306915 0.0032767091664330419 -0.0023901706460552914 -0.0033264992500493386 0.0015204952084318256
leaf_weight=28 35 20 29 30 20 206 34 467 155 41 5663 57 120 71 25 69 34 54 22 50 21 30 26 37 1517 29 24 30 23 33
leaf_count=28 35 20 29 30 20 206 34 467 155 41 5663 57 120 71 25 69 34 54 22 50 21 30 26 37 1517 29 24 30 23 33
internal_value=1.67918e-12 0.000267802 0.000316558 0.00163878 0.000575297 0.000190804 -0.00118081 0.000319202 -2.73508e-05 -2.20221e-05 2.72074e-05 0.00048812 0.000946074 -8.7901e-05 -0.000156494 -0.00043152 -0.000158897 1.73494e-05 -0.000295477 0.000892662 -8.56592e-05 -0.000757227 -0.00118563 -0.000247588 -6.34106e-05 0.00073318 0.001372 -0.00124666 -0.00179168 0.000583849
internal_weight=9000 834 806 70 50 736 63 673 8166 8131 5952 289 161 128 2179 551 459 395 291 104 269 114 93 63 1628 111 82 64 92 58
internal_count=9000 834 806 70 50 736 63 673 8166 8131 5952 289 161 128 2179 551 459 395 291 104 269 114 93 63 1628 111 82 64 92 58
is_linear=0
shrinkage=0.1


Tree=77
num_leaves=31
num_cat=0
split_feature=5 8 3 1 6 7 2 2 2 2 2 2 2 0 2 2 6 1 3 7 6 0 5 7 0 0 7 2 2 5
split_gain=0.00630985 0.00844429 0.00593262 0.00540804 0.00464559 0.00689998 0.00781666 0.0118954 0.0101046 0.00914298 0.0210507 0.00776568 0.0193296 0.0155742 0.0114083 0.00895795 0.00715349 0.00940769 0.0147453 0.00927811 0.00894738 0.00960146 0.00761348 0.00753827 0.00648784 0.00909562 0.00788413 0.00550431 0.0246991 0.00631349
threshold=1.5000000000000002 319.50000000000006 674.21014404296886 12.500000000000002 69364.000000000015 365.61904907226568 1239.5000000000002 1045.5000000000002 1425.5000000000002 754.50000000000011 685.50000000000011 1099.5000000000002 1253.5000000000002 900.00000000000011 865.50000000000011 1329.5000000000002 92826.500000000015 1.5000000000000002 14.263369083404543 396.43650817871099 77452.000000000015 1050.0000000000002 246.50000000000003 404.50662231445318 1357.5000000000002 1665.0000000000002 346.61297607421881 717.00000000000011 627.50000000000011 219.50000000000003
decision_type=2 2 2 2 2 2 2 2 2 2 2 2 2 2 2 2 2 2 2 2 2 2 2 2 2 2 2 2 2 2
left_child=1 -1 4 -4 -2 6 7 9 -8 10 24 14 13 -13 16 -14 17 20 -19 -18 -7 -22 -21 27 26 -26 -6 28 29 -20
right_child=2 -3 3 -5 5 11 8 -9 -10 -11 -12 12 15 -15 -16 -17 19 18 23 22 21 -23 -24 -25 25 -27 -28 -29 -30 -31
leaf_value=-0.0024678159514830138 -6.1591027118266712e-05 0.00021358049302564369 0.00021293126450583452 0.0012108374661842331 0.00068470873204205416 0.0002232161538400264 -0.0012200912108205053 0.0019881363821633419 0.00021981018247533942 -0.00050903654131476421 0.0031682514052297321 0.0040862669530768126 -0.0016440006314716754 0.00067664903550836684 -0.0013289679256941831 8.7466872451003483e-05 0.0018572222717155359 0.0022360564125701787 0.00017840221736588758 0.00084414737701246688 -0.0038587008498143409 -0.00086282347227730188 -0.0014694017858710141 0.00051670131393006776 0.0022039926434690889 -0.00044290846271906049 -0.00079180118453595332 0.00051848535895260284 -0.0037227312353654549 -0.0013839313089096994
leaf_weight=24 6022 23 495 61 80 22 54 58 500 78 31 21 31 37 95 827 38 25 81 33 20 23 25 77 37 20 66 32 26 38
leaf_count=24 6022 23 495 61 80 22 54 58 500 78 31 21 31 37 95 827 38 25 81 33 20 23 25 77 37 20 66 32 26 38
internal_value=-1.60201e-13 -0.00115564 6.06671e-06 0.000322414 -1.48799e-05 0.00010356 0.000317154 0.000673055 7.94588e-05 0.000428584 0.000741125 -3.24577e-05 0.000144344 0.00191117 -0.000335168 2.4908e-05 -0.000120597 -0.000333602 -8.11859e-05 0.000642669 -0.00141705 -0.00225625 -0.000153072 -0.000309261 0.00037048 0.00127526 1.72453e-05 -0.000668578 -0.00093055 -0.000320494
internal_weight=9000 47 8953 556 8397 2375 924 370 554 312 234 1451 916 58 535 858 440 344 279 96 65 43 58 254 203 57 146 177 145 119
internal_count=9000 47 8953 556 8397 2375 924 370 554 312 234 1451 916 58 535 858 440 344 279 96 65 43 58 254 203 57 146 177 145 119
is_linear=0
shrinkage=0.1


Tree=78
num_leaves=31
num_cat=0
split_feature=2 2 7 6 0 2 2 0 2 0 3 0 0 2 2 0 2 2 5 0 2 2 2 2 4 2 2 2 2 2
split_gain=0.00543557 0.00537151 0.00663961 0.0048179 0.00494601 0.00501849 0.00731856 0.00992751 0.00629086 0.00625643 0.0053798 0.00433307 0.00836598 0.00899042 0.00929344 0.00451884 0.0128589 0.014308 0.00414735 0.00440282 0.0086458 0.00593166 0.00513129 0.00475679 0.00482865 0.00347933 0.0325613 0.0141323 0.0136808 0.0281467
threshold=7296.0000000000009 10.500000000000002 367.20716857910162 97160.500000000015 1515.0000000000002 3248.5000000000005 3433.5000000000005 900.00000000000011 3613.5000000000005 1050.0000000000002 593.80200195312511 435.00000000000006 592.50000000000011 5482.0000000000009 3999.5000000000005 750.00000000000011 3861.5000000000005 4807.5000000000009 75.500000000000014 1665.0000000000002 168.50000000000003 627.50000000000011 818.50000000000011 490.50000000000006 120.50000000000001 1388.5000000000002 1359.5000000000002 1406.5000000000002 1173.5000000000002 1253.5000000000002
decision_type=2 2 2 2 2 2 2 2 2 2 2 2 2 2 2 2 2 2 2 2 2 2 2 2 2 2 2 2 2 2
left_child=1 2 -1 4 5 25 7 -7 9 10 -8 -10 13 14 -13 16 -14 -18 -6 21 -21 23 -23 24 -20 26 28 -27 -3 -30
right_child=-2 3 -4 -5 18 6 8 -9 11 -11 -12 12 15 -15 -16 -17 17 -19 19 20 -22 22 -24 -25 -26 27 -28 -29 29 -31
leaf_value=-0.0024521878268569711 0.001300990301751881 -6.2865810876554286e-05 3.9115942933637164e-05 0.00052799412248264973 -0.00042100976384367442 0.0014720218749380834 -0.0013612987338162315 -8.3146863599883066e-06 0.00056500026640526695 0.00032036684784716708 0.0002764545458679398 0.00051532421078133797 -0.0016078740055672826 0.00093041314544750316 -0.0016014581099079808 0.0001067770819257657 0.0023723180977797782 0.00014683317858725788 0.001138666664948687 -0.0017897568245617938 -0.00016522892905896925 -0.0014920258499762935 4.0254332249159958e-05 0.0020832825907167386 -0.00027310640843426613 -0.0021919560966125575 0.0026383363796412596 -7.7289807812013067e-05 0.0017441698282121599 -0.00013674709147325662
leaf_weight=20 32 2648 23 170 463 97 78 85 241 63 27 28 20 29 80 692 52 65 50 35 512 23 439 22 47 32 48 2548 133 198
leaf_count=20 32 2648 23 170 463 97 78 85 241 63 27 28 20 29 80 692 52 65 50 35 512 23 439 22 47 32 48 2548 133 198
internal_value=-9.22258e-13 -4.64225e-06 -0.00111963 7.2968e-07 -9.50846e-06 2.59122e-05 0.000184741 0.000780656 0.000105864 -0.000467464 -0.000940162 0.000185664 9.10263e-05 -0.000632888 -0.00105266 0.00021066 0.000735381 0.00113594 -0.000169002 -6.55621e-05 -0.000269175 0.000126135 -3.6028e-05 0.00075571 0.000454612 -1.81928e-05 5.45326e-05 -0.000103518 1.29003e-05 0.000619029
internal_weight=9000 8968 43 8925 8755 7164 1557 182 1375 168 105 1207 966 137 108 829 137 117 1591 1128 547 581 462 119 97 5607 3027 2580 2979 331
internal_count=9000 8968 43 8925 8755 7164 1557 182 1375 168 105 1207 966 137 108 829 137 117 1591 1128 547 581 462 119 97 5607 3027 2580 2979 331
is_linear=0
shrinkage=0.1


Tree=79
num_leaves=31
num_cat=0
split_feature=5 2 0 3 8 3 7 8 5 3 7 2 2 2 2 2 4 3 7 7 5 1 5 7 8 2 8 2 2 2
split_gain=0.00495614 0.00719821 0.00504911 0.00723223 0.0114444 0.00996406 0.0123372 0.0118791 0.0393489 0.00673332 0.00603511 0.00505206 0.0180574 0.00698483 0.00483656 0.00520612 0.00449839 0.00471196 0.00482651 0.00812908 0.00738207 0.00637303 0.0137795 0.00463996 0.00484063 0.00554165 0.00445637 0.00434002 0.00385645 0.00749557
threshold=1.5000000000000002 922.50000000000011 285.00000000000006 14.263369083404543 1948.5000000000002 88.121795654296889 403.12225341796881 2008.5000000000002 162.50000000000003 118.92041397094728 350.70394897460943 1891.5000000000002 1483.5000000000002 908.50000000000011 2235.5000000000005 4384.0000000000009 595.50000000000011 202.25152587890628 509.56756591796881 463.28153991699224 16.500000000000004 7.5000000000000009 46.500000000000007 406.05198669433599 1900.5000000000002 880.50000000000011 405.00000000000006 168.50000000000003 1891.5000000000002 2184.5000000000005
decision_type=2 2 2 2 2 2 2 2 2 2 2 2 2 2 2 2 2 2 2 2 2 2 2 2 2 2 2 2 2 2
left_child=1 -1 3 4 -2 6 7 -5 -9 10 -7 12 13 -11 -13 -16 17 18 19 26 -20 22 -21 24 -19 -26 -4 -6 -18 -30
right_child=2 -3 16 5 27 9 -8 8 -10 11 -12 14 -14 -15 15 -17 28 23 20 21 -22 -23 -24 -25 25 -27 -28 -29 29 -31
leaf_value=-0.0024621078372001649 0.0032195248315110801 4.0912199161808807e-05 0.0012295808380048793 0.00039035745832169877 0.001073029025390401 0.0025718330496760167 0.0012047212626874592 -0.0050031085426990802 0.00016481323828509845 -0.00054640010454353285 0.00053891896197455936 0.0011321547408491219 -0.0014556100381211052 0.00098820881045597444 1.1471052006304908e-05 0.00104444641401642 0.00021852073956674063 -0.0016607381292322481 -0.00019500054223763367 -0.0037308329461319817 0.0021145757050253454 -1.625023546188863e-05 -0.00043420305773906876 -0.002113986015874183 0.0013069535927074454 -0.00081391747808083896 -8.4831135231679345e-05 -0.00074689471606689036 -0.00040689168557489697 4.9371636510917797e-05
leaf_weight=20 20 27 26 29 38 23 26 26 34 44 40 75 74 91 229 62 1015 22 31 21 25 36 32 21 22 28 3255 20 406 3182
leaf_count=20 20 27 26 29 38 23 26 26 34 44 40 75 74 91 229 62 1015 22 31 21 25 36 32 21 22 28 3255 20 406 3182
internal_value=5.0197e-13 -0.0010242 5.37669e-06 0.000240153 0.00115677 0.000145205 -0.0007116 -0.00127142 -0.00207462 0.000299645 0.00128109 0.000192112 -0.000200142 0.00048804 0.000416104 0.000231555 -1.86444e-05 -0.00010376 -8.46946e-05 -9.9995e-05 0.00083606 -0.001043 -0.00174041 -0.000806093 -0.000424624 0.000119266 -7.44152e-05 0.000445469 4.64265e-05 -2.25682e-06
internal_weight=9000 47 8953 831 78 753 115 89 60 638 63 575 209 135 366 291 8122 3519 3426 3370 56 89 53 93 72 50 3281 58 4603 3588
internal_count=9000 47 8953 831 78 753 115 89 60 638 63 575 209 135 366 291 8122 3519 3426 3370 56 89 53 93 72 50 3281 58 4603 3588
is_linear=0
shrinkage=0.1


Tree=80
num_leaves=31
num_cat=0
split_feature=6 8 2 5 6 4 5 5 5 1 7 4 7 5 8 0 4 6 2 2 4 6 7 2 5 2 2 7 2 0
split_gain=0.00476584 0.0102991 0.00477003 0.00715372 0.00840671 0.00506405 0.0138686 0.0220346 0.016581 0.0116747 0.00797052 0.00604732 0.0127949 0.016221 0.0199026 0.0231853 0.0101593 0.00918816 0.00577835 0.0170198 0.0284066 0.0257633 0.0116248 0.00643437 0.00503487 0.0363359 0.0203956 0.0100082 0.00832936 0.0068391
threshold=4339.0000000000009 1575.5000000000002 18.500000000000004 139.50000000000003 34793.000000000007 42.500000000000007 118.50000000000001 226.50000000000003 90.500000000000014 1.5000000000000002 376.34068298339849 72.500000000000014 399.08767700195318 188.50000000000003 1893.5000000000002 1200.0000000000002 76.500000000000014 81074.500000000015 148.50000000000003 119.50000000000001 109.50000000000001 45550.000000000007 393.18725585937506 158.50000000000003 207.50000000000003 215.50000000000003 178.50000000000003 350.70394897460943 268.50000000000006 592.50000000000011
decision_type=2 2 2 2 2 2 2 2 2 2 2 2 2 2 2 2 2 2 2 2 2 2 2 2 2 2 2 2 2 2
left_child=1 -1 3 4 -2 6 8 10 9 -4 -8 12 13 14 -7 -16 -13 -15 19 20 22 -21 -18 -20 26 -26 27 -25 -27 -30
right_child=2 -3 5 -5 -6 11 7 -9 -10 -11 -12 16 -14 17 15 -17 18 -19 23 21 -22 -23 -24 24 25 28 -28 -29 29 -31
leaf_value=-0.00018597252743165883 -0.0011782455816864968 -0.0020503649620877695 -0.0011702042416713778 -0.001852139290970038 0.0015357700708721366 0.00028695188706148077 -0.00033339457004331056 0.0024891875743854883 0.0039738883508280629 0.0019257855428992934 -0.0026860697063966657 0.0017023366342376297 0.00099590659194204591 0.0018480741251260043 -0.0041376341660950512 -0.00024137019499903545 0.00041056079834771273 -0.0008912082431682697 0.001544048429267215 -0.0037779660824912064 0.0032847830608564743 4.1307476471717424e-05 -0.0022331633357931301 -0.00017465372104197741 0.0036316540309538447 -0.001560768843748896 2.1070451400333796e-06 -0.0029938137473757651 0.0004943725574495084 2.0493342523506664e-05
leaf_weight=400 25 32 21 34 21 33 36 21 21 29 24 36 42 25 42 24 39 24 28 33 24 38 29 20 30 29 6272 34 419 1115
leaf_count=400 25 32 21 34 21 33 36 21 21 29 24 36 42 25 42 24 39 24 28 33 24 38 29 20 30 29 6272 34 419 1115
internal_value=-6.65187e-13 -0.000324076 1.63399e-05 -0.000752221 6.07616e-05 2.35837e-05 0.000595593 -0.000298703 0.00161585 0.00062547 -0.00127446 1.31536e-05 -0.000544543 -0.000981698 -0.00171822 -0.00272081 2.61615e-05 0.000506385 1.8721e-05 -0.000570664 0.00032701 -0.00173385 -0.00071691 3.08098e-05 2.54593e-05 0.000184356 -1.45538e-05 -0.00194968 0.000118189 0.00014993
internal_weight=9000 432 8568 80 46 8488 152 81 71 50 60 8336 190 148 99 66 8146 49 8110 163 92 71 68 7947 7919 1593 6326 54 1563 1534
internal_count=9000 432 8568 80 46 8488 152 81 71 50 60 8336 190 148 99 66 8146 49 8110 163 92 71 68 7947 7919 1593 6326 54 1563 1534
is_linear=0
shrinkage=0.1


Tree=81
num_leaves=31
num_cat=0
split_feature=3 1 5 4 4 0 2 2 2 5 8 2 5 1 6 7 7 3 0 6 7 3 7 4 8 2 3 5 2 8
split_gain=0.00460867 0.0054603 0.00462691 0.0067278 0.0142241 0.01056 0.00868404 0.010236 0.0078292 0.00462017 0.00416839 0.0104799 0.00761422 0.00379991 0.00415851 0.00476809 0.00400277 0.00353837 0.00334748 0.00471589 0.00317363 0.00860305 0.00311891 0.00976331 0.00989553 0.00846023 0.00692125 0.00472571 0.00466878 0.00306992
threshold=689.58471679687511 12.500000000000002 19.500000000000004 113.50000000000001 140.50000000000003 592.50000000000011 382.50000000000006 476.50000000000006 73.500000000000014 20.500000000000004 405.00000000000006 767.50000000000011 4.5000000000000009 14.500000000000002 30189.000000000004 364.11820983886724 509.56756591796881 557.04238891601574 900.00000000000011 82130.000000000015 463.28153991699224 55.853570938110359 252.93996429443362 280.50000000000006 1027.0000000000002 1444.5000000000002 150.55836486816409 47.500000000000007 1595.5000000000002 544.00000000000011
decision_type=2 2 2 2 2 2 2 2 2 2 2 2 2 2 2 2 2 2 2 2 2 2 2 2 2 2 2 2 2 2
left_child=2 -2 3 5 -5 -1 -6 -8 -7 -4 12 -12 -9 16 -15 18 20 29 19 -16 22 -22 23 24 -11 26 27 -25 -27 -13
right_child=1 -3 9 4 6 8 7 10 -10 13 11 17 -14 14 15 -17 -18 -19 -20 -21 21 -23 -24 25 -26 28 -28 -29 -30 -31
leaf_value=-0.0031549769081175329 0.00019438083399695138 0.0013738626269704859 0.0011341291046442672 0.0023864873596245333 -0.0021254313644021752 0.0010074631310999394 0.0019311665208078923 -0.00020889812662704466 -0.0016919665832326493 -0.00015472847560886295 -0.0020463344135454721 -0.0013141285066376441 0.002093295780941844 -0.00018469167294699282 0.00071374844722110233 7.7547610231397499e-05 0.00088251027767303949 -0.00090728501379646286 0.00030339849573884459 0.002338141282754285 -0.0022164307956700213 -0.0001704062053008116 -1.0367127471271859e-05 0.00048372596618719401 -0.0032281190638472749 -0.0019711776625453716 -0.00039247913732348629 0.0026076144221323459 -0.00030801541521044743 -3.7062940190253361e-05
leaf_weight=20 450 43 36 21 24 21 22 51 22 20 35 20 20 232 120 415 48 67 178 21 24 143 6426 20 22 21 30 22 86 320
leaf_count=20 450 43 36 21 24 21 22 51 22 20 35 20 20 232 120 415 48 67 178 21 24 143 6426 20 22 21 30 22 86 320
internal_value=1.05364e-12 0.000297257 -1.72267e-05 -0.00027514 -0.000168533 -0.0012566 -0.000264517 -0.000181037 -0.00037364 3.86158e-06 -0.000271619 -0.000385865 0.000439607 -1.33638e-06 0.000184358 0.000301005 -2.74775e-05 -0.000243073 0.000591711 0.000955679 -3.38878e-05 -0.000464446 -2.30704e-05 -0.000392442 -0.0017646 -7.04826e-05 0.000767606 0.00159624 -0.00063443 -0.000112184
internal_weight=9000 493 8507 643 580 63 559 535 43 7864 513 442 71 7828 966 734 6862 407 319 141 6814 167 6647 221 42 179 72 42 107 340
internal_count=9000 493 8507 643 580 63 559 535 43 7864 513 442 71 7828 966 734 6862 407 319 141 6814 167 6647 221 42 179 72 42 107 340
is_linear=0
shrinkage=0.1


Tree=82
num_leaves=31
num_cat=0
split_feature=2 0 3 5 5 5 5 5 2 5 5 3 4 4 5 2 2 2 2 6 2 2 2 2 6 5 7 2 2 3
split_gain=0.00384797 0.00372386 0.00390004 0.00417813 0.00520616 0.00525747 0.00379019 0.00343455 0.0035843 0.00362379 0.00850522 0.00819389 0.00396387 0.00677927 0.00523878 0.00477281 0.0080072 0.0175341 0.0130724 0.0110428 0.009519 0.00813298 0.0112663 0.00925327 0.00677387 0.0130469 0.00633142 0.00629006 0.00694512 0.00557965
threshold=7296.0000000000009 1515.0000000000002 584.72869873046886 1.5000000000000002 2.5000000000000004 3.5000000000000004 249.50000000000003 41.500000000000007 3861.5000000000005 52.500000000000007 56.500000000000007 112.23536682128908 58.500000000000007 81.500000000000014 136.50000000000003 260.50000000000006 627.50000000000011 800.50000000000011 908.50000000000011 55367.500000000007 552.50000000000011 1581.5000000000002 1876.5000000000002 2184.5000000000005 70432.500000000015 111.50000000000001 399.68002319335943 1253.5000000000002 1329.5000000000002 81.215244293212905
decision_type=2 2 2 2 2 2 2 2 2 2 2 2 2 2 2 2 2 2 2 2 2 2 2 2 2 2 2 2 2 2
left_child=1 2 3 -1 -5 -6 -4 -3 9 11 -11 -9 14 -14 -12 24 20 19 -19 -18 29 26 -23 -24 25 -15 27 -20 -29 -17
right_child=-2 7 6 4 5 -7 -8 8 -10 10 12 -13 13 15 -16 16 17 18 21 -21 -22 22 23 -25 -26 -27 -28 28 -30 -31
leaf_value=-0.0011224049348101922 0.0010946305477773422 -0.0004943623844604751 0.00019441970369169011 0.0015776397721354097 -0.0014767599224190539 6.0824223805618004e-06 0.0015873940059100277 0.0023902053351048383 -0.00049748412552516033 -0.0017831352221297234 0.00032859066646778956 -1.1704031767665733e-05 0.0017586549214849421 0.00034568166094166893 -0.0017904611982105833 0.00081449909911241738 -0.0034310306305997077 0.0020227378559866337 0.00028008125623015971 -0.00048296963364851693 0.0024724248886251682 0.0011566789712025977 -0.00088946376340665707 0.00022401841944285348 0.00052915103361010553 -0.0030055639602673745 -0.0013970676254757564 -0.002509968709200621 -0.00034895202875461488 -0.00072056174086516402
leaf_weight=33 32 235 837 21 24 6405 20 20 180 28 20 49 22 21 28 78 24 32 106 27 26 97 98 313 25 26 61 20 58 34
leaf_count=33 32 235 837 21 24 6405 20 20 180 28 20 49 22 21 28 78 24 32 106 27 26 97 98 313 25 26 61 20 58 34
internal_value=1.80907e-13 -3.90591e-06 2.6442e-05 -6.06587e-08 5.68157e-06 5.46847e-07 0.000226928 -0.000140732 -8.10746e-05 -1.92826e-05 -6.17311e-05 0.000684502 -1.85418e-05 2.14124e-05 -0.000907523 -1.51261e-05 4.29514e-05 -7.35409e-05 4.31907e-05 -0.00187029 0.000748659 -4.09335e-05 0.0001873 -4.14834e-05 -0.000800786 -0.0015082 -0.000514168 -0.000221467 -0.000903059 0.000348498
internal_weight=9000 8968 7340 6483 6450 6429 857 1628 1393 1213 1144 69 1116 1068 48 1046 974 836 785 51 138 753 508 411 72 47 245 184 78 112
internal_count=9000 8968 7340 6483 6450 6429 857 1628 1393 1213 1144 69 1116 1068 48 1046 974 836 785 51 138 753 508 411 72 47 245 184 78 112
is_linear=0
shrinkage=0.1


Tree=83
num_leaves=31
num_cat=0
split_feature=2 7 0 7 7 7 7 7 2 6 5 4 2 3 2 5 5 3 5 1 7 6 5 4 4 8 8 7 2 1
split_gain=0.00364158 0.00558956 0.00363536 0.00665373 0.0166274 0.0112806 0.00865625 0.00766068 0.00744393 0.00600301 0.00945439 0.00965628 0.00711584 0.0133212 0.00577597 0.00501844 0.00493858 0.00447024 0.00411925 0.0037373 0.00374699 0.00316286 0.00598641 0.00700026 0.00320066 0.00299689 0.00474547 0.00825205 0.0102773 0.00752208
threshold=10.500000000000002 367.20716857910162 285.00000000000006 326.95420837402349 332.56100463867193 306.39189147949224 283.68586730957037 316.32223510742193 1444.5000000000002 45550.000000000007 142.50000000000003 490.50000000000006 832.50000000000011 67.052112579345717 1253.5000000000002 190.50000000000003 60.500000000000007 257.57133483886724 252.50000000000003 7.5000000000000009 389.22219848632818 77452.000000000015 218.50000000000003 280.50000000000006 560.50000000000011 1555.5000000000002 1700.5000000000002 405.27984619140631 252.50000000000003 4.5000000000000009
decision_type=2 2 2 2 2 2 2 2 2 2 2 2 2 2 2 2 2 2 2 2 2 2 2 2 2 2 2 2 2 2
left_child=1 -1 3 5 -5 6 8 -7 -2 12 11 -11 13 -6 -14 19 -16 -8 25 20 -12 -17 -23 -24 -25 -4 27 28 -27 -30
right_child=2 -3 18 4 9 7 17 -9 -10 10 15 -13 14 -15 16 21 -18 -19 -20 -21 -22 22 23 24 -26 26 -28 -29 29 -31
leaf_value=-0.002140712656546384 0.0019128600833937526 0.00014511770771249481 -0.00016147714879139559 -0.0022975720335721393 5.2437650409933092e-05 0.0030554829286411405 -0.0021027852370891545 0.0009667769145047236 -6.714914019613964e-05 0.0033046438042739672 -0.0016162691594217905 0.00052738713566213846 0.0016543473496789204 -0.0028371098171057251 -0.00087493304273043328 0.0012055312701481948 0.00038269194940910802 -6.3027974895455628e-05 0.00055842644027935919 0.00019529676116208602 3.6662524992910522e-05 -0.00090864929511691591 0.0021385264518661035 -0.00080111809783493706 0.00056353405638861554 0.0022181478067950316 -1.5893583730114635e-05 -0.0011341330406139606 -0.0008975636767700496 0.00058804553937980106
leaf_weight=20 31 23 1335 29 39 25 21 59 49 21 32 31 21 27 53 49 76 22 123 68 24 33 24 23 68 33 6366 32 41 202
leaf_count=20 31 23 1335 29 39 25 21 59 49 21 32 31 21 27 53 49 76 22 123 68 24 33 24 23 68 33 6366 32 41 202
internal_value=1.6391e-13 -0.000918059 4.40734e-06 0.000204423 4.00627e-05 0.000695122 8.50671e-05 0.00158842 0.000700104 0.000155159 0.000398099 0.00164897 -0.000264363 -0.00112965 0.000116363 0.000195465 -0.000134007 -0.00105919 -1.58845e-05 -0.000302908 -0.00090787 0.000509162 0.000278607 0.000619298 0.000218622 -2.47046e-05 2.65405e-06 0.000386012 0.000562261 0.000337387
internal_weight=9000 43 8957 825 618 207 123 84 80 589 373 52 216 66 150 321 129 43 8132 124 56 197 148 115 91 8009 6674 308 276 243
internal_count=9000 43 8957 825 618 207 123 84 80 589 373 52 216 66 150 321 129 43 8132 124 56 197 148 115 91 8009 6674 308 276 243
is_linear=0
shrinkage=0.1


Tree=84
num_leaves=31
num_cat=0
split_feature=2 0 0 6 0 6 8 2 2 8 2 4 7 2 1 7 3 3 7 2 0 5 2 2 4 6 4 2 2 2
split_gain=0.00329684 0.00382204 0.0076924 0.00312322 0.00300092 0.00343118 0.00824745 0.00451438 0.0175748 0.0050754 0.0106419 0.00779273 0.00360848 0.00614673 0.0037539 0.00312434 0.00520561 0.00647026 0.00446101 0.00364338 0.00453749 0.00336624 0.00819591 0.0289582 0.0183658 0.00757775 0.0149875 0.0138079 0.00585048 0.0130613
threshold=6652.5000000000009 900.00000000000011 1200.0000000000002 97160.500000000015 1665.0000000000002 4339.0000000000009 1575.5000000000002 119.50000000000001 319.50000000000006 405.00000000000006 880.50000000000011 445.50000000000006 509.56756591796881 615.50000000000011 14.500000000000002 449.72593688964849 68.200500488281264 32.42199897766114 447.51298522949224 703.50000000000011 435.00000000000006 36.500000000000007 128.50000000000003 240.50000000000003 48.500000000000007 12609.500000000002 207.50000000000003 1190.0000000000002 743.50000000000011 1073.5000000000002
decision_type=2 2 2 2 2 2 2 2 2 2 2 2 2 2 2 2 2 2 2 2 2 2 2 2 2 2 2 2 2 2
left_child=3 -2 -3 4 5 6 7 -1 -9 11 -11 -10 14 -14 15 18 17 -17 21 -18 -21 22 24 -24 -7 26 -25 -27 -28 -30
right_child=1 2 -4 -5 -6 12 -8 8 9 10 -12 -13 13 -15 -16 16 19 -19 -20 20 -22 -23 23 25 -26 27 28 -29 29 -31
leaf_value=-0.0014194984006910371 0.0013624201832020558 -0.0012054710720594112 0.0011102344782557339 0.00041950700581619671 -0.00020197026374390941 -0.001045948825776577 -0.0018501567868365637 0.0027490098650256797 0.0021705089200986551 -0.0021019483861677789 -0.00019169308587329507 -0.00014021859585934887 0.0021920777554623786 0.00021039245127920164 0.00020494468582175457 -0.00031935794057940726 0.0009508879801379171 -0.0026573601762356703 0.0012375308927309154 0.00065577041806093241 -0.00049915245227216047 1.6296775945937526e-05 -0.0038385969166562939 0.0025487912353128195 0.0028695899108424783 -0.0033126424920434752 -0.0012528034111512723 3.0686948254394037e-05 0.0017207940798126967 -0.00027509761309071716
leaf_weight=26 38 26 32 169 778 23 31 21 20 34 205 54 20 72 881 29 27 20 29 42 179 5753 23 21 25 21 46 30 37 288
leaf_count=26 38 26 32 169 778 23 31 21 20 34 205 54 20 72 881 29 27 20 29 42 179 5753 23 21 25 21 46 30 37 288
internal_value=3.59099e-13 0.000582888 7.21596e-05 -6.2845e-06 -1.45225e-05 3.80532e-06 -0.000285058 -0.000150285 -5.14843e-05 -0.000239377 -0.000463445 0.000484302 1.87334e-05 0.000641194 1.10713e-05 -1.48354e-05 -0.000331786 -0.00127364 1.16103e-07 -0.000145693 -0.000279665 -5.60993e-06 -0.000250803 -0.000378961 0.000993394 -0.000199341 -5.01609e-05 -0.00134598 -0.000197271 -4.7873e-05
internal_weight=9000 96 58 8904 8735 7957 391 360 334 313 239 74 7566 92 7474 6593 297 49 6296 248 221 6267 514 466 48 443 392 51 371 325
internal_count=9000 96 58 8904 8735 7957 391 360 334 313 239 74 7566 92 7474 6593 297 49 6296 248 221 6267 514 466 48 443 392 51 371 325
is_linear=0
shrinkage=0.1


Tree=85
num_leaves=31
num_cat=0
split_feature=3 1 5 8 5 5 8 0 1 8 2 5 6 4 1 7 7 5 0 4 2 2 4 6 2 2 2 2 0 6
split_gain=0.00317969 0.00382272 0.00300144 0.00710067 0.00340177 0.00354679 0.00449024 0.00351744 0.00347882 0.00333724 0.00233249 0.00632478 0.00548726 0.00449411 0.0131852 0.0104235 0.0153519 0.00642712 0.0065286 0.00418135 0.00882328 0.00531511 0.00418782 0.00324257 0.00661658 0.0308881 0.0220638 0.0257103 0.0198656 0.0135064
threshold=689.58471679687511 12.500000000000002 1.5000000000000002 319.50000000000006 2.5000000000000004 5.5000000000000009 476.00000000000006 900.00000000000011 4.5000000000000009 588.50000000000011 18.500000000000004 139.50000000000003 34793.000000000007 42.500000000000007 2.5000000000000004 406.05198669433599 368.11927795410162 60.500000000000007 1050.0000000000002 52.500000000000007 64.500000000000014 64.500000000000014 58.500000000000007 22488.000000000004 226.50000000000003 128.50000000000003 292.50000000000006 333.50000000000006 750.00000000000011 14807.000000000002
decision_type=2 2 2 2 2 2 2 2 2 2 2 2 2 2 2 2 2 2 2 2 2 2 2 2 2 2 2 2 2 2
left_child=2 -2 3 -1 -4 7 -7 -6 -9 -8 11 12 -11 14 15 16 17 -12 -19 20 -15 -21 -23 24 25 -24 29 -28 -27 -26
right_child=1 -3 4 -5 5 6 9 8 -10 10 13 -13 -14 19 -16 -17 -18 18 -20 21 -22 22 23 -25 26 28 27 -29 -30 -31
leaf_value=-0.002108440985268151 0.00016083072669072055 0.0011477223703190418 0.0010711796811565051 0.00043225926135412676 -0.0013957512387100402 0.0013315695212222636 -0.0012135271590365017 0.00085918574980248458 -0.00068687585748997409 -0.00074177342898177885 0.0012966155190952122 -0.0015814950196620299 0.0014135231130889484 0.0002345262209983599 0.0024146121051550531 -0.0015094296638703637 0.0026689372948917132 -0.0018955158866727009 0.00050766895175911484 -0.0016341583849862219 -0.002228660222877247 0.0013455061774711003 0.00097198283395603848 2.7554957783098852e-05 0.0035032268734303887 -0.004915280821954921 -0.0034634906859339581 -9.4959441351524917e-05 -0.0010451364649472655 0.00024285637579547862
leaf_weight=22 450 43 29 22 36 25 23 22 43 27 20 34 21 33 30 31 26 26 20 20 26 23 48 6244 27 21 23 1525 36 24
leaf_count=22 450 43 29 22 36 25 23 22 43 27 20 34 21 33 30 31 26 26 20 20 26 23 48 6244 27 21 23 1525 36 24
internal_value=-2.25908e-13 0.000246908 -1.43089e-05 -0.000838091 -1.0026e-05 -1.37437e-05 -6.60428e-06 -0.000602778 -0.000163593 -1.0631e-05 -7.29168e-06 -0.000537984 0.000201169 -1.9867e-06 0.000534906 7.64417e-05 0.000610811 -0.000199966 -0.000850653 -1.2191e-05 -0.000850946 -5.99822e-06 -1.91301e-06 -5.81218e-06 -0.00012808 -0.000897054 -7.75846e-05 -0.000145009 -0.00247098 0.00196893
internal_weight=9000 493 8507 44 8463 8434 8333 101 65 8308 8285 82 48 8203 153 123 92 66 46 8050 59 7991 7971 7948 1704 105 1599 1548 57 51
internal_count=9000 493 8507 44 8463 8434 8333 101 65 8308 8285 82 48 8203 153 123 92 66 46 8050 59 7991 7971 7948 1704 105 1599 1548 57 51
is_linear=0
shrinkage=0.1


Tree=86
num_leaves=31
num_cat=0
split_feature=0 2 5 0 0 0 8 0 1 1 2 1 3 3 2 7 7 3 4 1 2 2 2 2 5 4 6 2 2 7
split_gain=0.00268697 0.00367968 0.00391555 0.00288052 0.00616386 0.00537371 0.00284096 0.00438108 0.00738683 0.00525524 0.00376526 0.0036517 0.0045994 0.0032223 0.00307734 0.00298155 0.00571824 0.00740615 0.00697785 0.00410314 0.00509352 0.0122808 0.00969329 0.00907389 0.00907374 0.00946516 0.0083252 0.00692471 0.0104702 0.00594642
threshold=1515.0000000000002 5038.0000000000009 218.50000000000003 1200.0000000000002 900.00000000000011 1050.0000000000002 1598.5000000000002 1665.0000000000002 7.5000000000000009 6.5000000000000009 1545.0000000000002 3.5000000000000004 246.55177307128909 182.57212066650393 1359.5000000000002 354.84230041503912 350.02742004394537 156.67758941650393 93.500000000000014 1.5000000000000002 627.50000000000011 818.50000000000011 552.50000000000011 936.50000000000011 129.50000000000003 109.50000000000001 74900.500000000015 1456.5000000000002 1891.5000000000002 364.63064575195318
decision_type=2 2 2 2 2 2 2 2 2 2 2 2 2 2 2 2 2 2 2 2 2 2 2 2 2 2 2 2 2 2
left_child=1 -1 3 4 -3 -6 7 9 11 14 -10 -9 -13 -11 -2 16 18 -18 -8 -17 22 -22 24 -23 25 -21 -26 29 -29 -25
right_child=6 2 -4 -5 5 -7 15 8 10 13 -12 12 -14 -15 -16 19 17 -19 -20 20 21 23 -24 27 26 -27 -28 28 -30 -31
leaf_value=8.9030869542799455e-06 -0.0020005156369823055 0.00037594636449168629 0.0011403412175793931 0.00077392616556608122 -0.0014006321402525324 0.00018203013744091663 -0.0017364250318635079 -0.00018688401207327845 -0.0018686139851342887 0.00083577578188851484 -0.00027017824403238982 0.0024260784778743984 0.00028145642369054258 -0.00065781891932531911 -0.00048749113833764565 -0.0010037198714498018 0.0026616229570936411 7.9852486960589901e-05 0.00013813045990377449 0.0028124065184965733 -0.0019930611169469113 0.0017097944129580774 0.0024089850765275991 0.00066819752876957255 -0.0016618953171066671 0.00012476542779998119 0.00039270384203097446 0.00095620382995188638 -0.00023031521143796431 -0.0010439945179730799
leaf_weight=6972 41 188 51 70 45 41 21 25 20 20 56 20 20 52 20 54 20 25 365 20 37 26 21 24 38 38 41 91 407 131
leaf_count=6972 41 188 51 70 45 41 21 25 20 20 56 20 20 52 20 54 20 25 365 20 37 26 21 24 38 38 41 91 407 131
internal_value=5.51841e-13 2.57252e-05 0.000322645 0.000201417 5.51559e-05 -0.000646107 -0.000116055 -0.000409802 -2.14444e-05 -0.000821519 -0.000690819 0.000761209 0.00135377 -0.000242932 -0.00150444 -5.68297e-05 0.000160514 0.00122731 3.61469e-05 -0.000157773 -0.000105506 -0.000218909 0.000408397 -0.000122232 0.000101738 0.00105154 -0.000595584 -0.000195177 -1.35015e-05 -0.000778881
internal_weight=9000 7367 395 344 274 86 1633 274 141 133 76 65 40 72 61 1359 431 45 386 928 874 716 158 679 137 58 79 653 498 155
internal_count=9000 7367 395 344 274 86 1633 274 141 133 76 65 40 72 61 1359 431 45 386 928 874 716 158 679 137 58 79 653 498 155
is_linear=0
shrinkage=0.1


Tree=87
num_leaves=31
num_cat=0
split_feature=4 2 2 2 0 5 2 2 2 0 4 2 2 6 3 6 2 6 5 5 2 2 2 3 3 7 5 2 2 7
split_gain=0.00258228 0.00650545 0.0178787 0.0107151 0.00979572 0.00894335 0.0215222 0.0150621 0.0120182 0.00887858 0.00696775 0.0067291 0.00653959 0.00638731 0.00592458 0.0112174 0.0101584 0.00700841 0.00583837 0.0187066 0.011629 0.0324668 0.0254673 0.0149984 0.0137378 0.0108952 0.00994613 0.0134053 0.0404191 0.0192137
threshold=418.50000000000006 627.50000000000011 685.50000000000011 434.50000000000006 1357.5000000000002 70.500000000000014 880.50000000000011 1073.5000000000002 717.00000000000011 592.50000000000011 309.50000000000006 1219.5000000000002 1456.5000000000002 60078.500000000007 76.613830566406264 66220.000000000015 865.50000000000011 50263.000000000007 53.500000000000007 50.500000000000007 240.50000000000003 292.50000000000006 357.50000000000006 27.642542839050297 63.87817573547364 269.90211486816412 85.500000000000014 304.50000000000006 252.50000000000003 415.20812988281256
decision_type=2 2 2 2 2 2 2 2 2 2 2 2 2 2 2 2 2 2 2 2 2 2 2 2 2 2 2 2 2 2
left_child=1 3 4 10 13 6 9 -8 -7 -4 18 -9 -13 -3 15 17 -16 -10 19 20 23 -22 -23 -1 -24 -20 27 28 29 -27
right_child=-2 2 5 -5 -6 8 7 11 14 -11 -12 12 -14 -15 16 -17 -18 -19 25 -21 21 22 24 -25 -26 26 -28 -29 -30 -31
leaf_value=9.7056334102250586e-05 3.6342416970426081e-05 -0.00023270546998901411 -0.0035850910924357148 0.0004898815269196421 -0.0035768176923738795 0.0017165074679360258 0.0012667417237759782 -0.0019820519966742725 -0.00073324880933413588 -0.0012820721205145597 -0.0010993141697712638 0.00084820370037301356 -0.0014689335128336791 -0.0021281898865709082 0.00093297522627701118 0.00040020186267793184 -0.00017106308734159256 -0.0028639432257757738 -0.0022621156477725889 0.0032930667069740595 0.0034085509178920699 -0.0026184213780132788 -0.00053943525621434672 -0.002172953543251626 0.003167023048736155 -0.0010674602988324801 1.049416431657315e-05 0.0010294782015262173 -0.0045872738970250916 0.0024361675605177879
leaf_weight=152 6163 40 26 396 20 40 57 32 38 47 66 29 21 32 108 50 365 26 24 20 36 28 20 36 20 72 957 30 29 20
leaf_count=152 6163 40 26 396 20 40 57 32 38 47 66 29 21 32 108 50 365 26 24 20 36 28 20 36 20 72 957 30 29 20
internal_value=-1.16233e-13 -7.8949e-05 -0.000295617 2.68843e-05 -0.00161899 -0.000150504 -0.000711985 1.81937e-05 3.93424e-05 -0.00210233 -9.45375e-05 -0.0008497 -0.000124994 -0.00107514 -7.49448e-05 -0.000722069 8.10218e-05 -0.00159884 -4.86128e-05 0.000334395 0.000131747 0.000980229 -0.000305354 -0.000337626 0.00131379 -0.000154177 -0.000108518 -0.000862784 -0.00133194 -0.000305802
internal_weight=9000 2837 931 1906 92 839 212 139 627 73 1510 82 50 72 587 114 473 64 1444 312 292 104 68 188 40 1132 1108 151 121 92
internal_count=9000 2837 931 1906 92 839 212 139 627 73 1510 82 50 72 587 114 473 64 1444 312 292 104 68 188 40 1132 1108 151 121 92
is_linear=0
shrinkage=0.1


Tree=88
num_leaves=31
num_cat=0
split_feature=0 7 7 7 2 2 2 3 2 2 5 5 2 4 2 5 6 6 2 2 5 6 4 3 5 6 0 0 6 6
split_gain=0.0026254 0.00399408 0.0110014 0.010643 0.00754024 0.00706791 0.00594543 0.00464877 0.00749622 0.00369813 0.00299887 0.00288796 0.00276711 0.00920231 0.00825487 0.0135792 0.026103 0.0197639 0.00548636 0.0196714 0.0174846 0.0168699 0.010308 0.00950647 0.0139141 0.0263762 0.0121573 0.0117321 0.0184545 0.0108168
threshold=285.00000000000006 326.95420837402349 332.56100463867193 306.39189147949224 396.50000000000006 734.50000000000011 1444.5000000000002 7.7387611865997323 192.50000000000003 2043.5000000000002 252.50000000000003 126.50000000000001 178.50000000000003 140.50000000000003 215.50000000000003 195.50000000000003 43346.000000000007 23323.000000000004 136.50000000000003 119.50000000000001 135.50000000000003 25874.500000000004 109.50000000000001 1.0000000180025095e-35 118.50000000000001 31744.500000000004 900.00000000000011 592.50000000000011 52732.000000000007 54254.000000000007
decision_type=2 2 2 2 2 2 2 2 2 2 2 2 2 2 2 2 2 2 2 2 2 2 2 2 2 2 2 2 2 2
left_child=1 3 -3 4 -1 -5 -6 11 -9 -8 12 -4 13 18 15 16 17 -14 19 22 -21 -20 23 27 25 26 -25 28 -2 -26
right_child=10 2 7 5 6 -7 9 8 -10 -11 -12 -13 14 -15 -16 -17 -18 -19 21 20 -22 -23 -24 24 29 -27 -28 -29 -30 -31
leaf_value=-0.0017180680186852856 -0.0033890717294848254 -0.0018259936419781299 0.00023778531439824121 0.0029118017020189893 0.0015648427631406647 0.00085469770415105915 -0.0013072798957000486 -0.0015089706264853734 0.00014301631201166088 0.00028062835600311782 0.00047277833778875869 0.0018285090085119011 -5.4936884650184464e-05 -0.00160228723504891 -1.9748954752654132e-05 0.003225613799877465 -0.0017358254248808537 0.0041458202736629618 -0.0019051646604202688 -0.0036344102583825591 -0.00038575584547141119 0.0014221293011360105 0.002058017684549154 0.0019473674756699004 -0.002478734231553972 0.004347733578073199 -0.00084341098334187185 -0.0001592008464985366 0.00045031618903435417 0.00018556574936496873
leaf_weight=22 31 30 21 23 28 61 20 29 520 55 123 25 24 45 7294 20 35 21 20 30 37 64 23 27 20 22 37 208 21 64
leaf_count=22 31 30 21 23 28 61 20 29 520 55 123 25 24 45 7294 20 35 21 20 30 37 64 23 27 20 22 37 208 21 64
internal_value=-3.81354e-13 0.000169005 4.24556e-05 0.00054744 -3.75435e-05 0.00141795 0.000321403 0.000136663 5.57529e-05 -0.000142814 -1.72606e-05 0.00110231 -2.47546e-05 -0.000222735 -7.37716e-06 0.000895021 0.000312373 0.00190542 -0.000119953 -0.000241086 -0.00184038 0.000629916 -4.54652e-06 -0.00011487 0.000466614 0.00136073 0.000333949 -0.000495071 -0.00183855 -0.000448791
internal_weight=9000 834 625 209 125 84 103 595 549 75 8166 46 8043 649 7394 100 80 45 604 520 67 84 453 430 170 86 64 260 52 84
internal_count=9000 834 625 209 125 84 103 595 549 75 8166 46 8043 649 7394 100 80 45 604 520 67 84 453 430 170 86 64 260 52 84
is_linear=0
shrinkage=0.1


Tree=89
num_leaves=31
num_cat=0
split_feature=0 3 1 3 6 8 3 3 2 2 8 2 4 1 7 4 2 2 2 6 2 0 0 7 7 7 7 5 6 6
split_gain=0.00250178 0.00310839 0.00386103 0.00286248 0.00250647 0.00660249 0.00333538 0.0046884 0.00347247 0.0155229 0.00570307 0.00633525 0.00551776 0.0026567 0.00389361 0.00430986 0.00287007 0.0221707 0.0139291 0.00934177 0.0102704 0.00912943 0.0080164 0.0061241 0.00576861 0.00943292 0.00876803 0.00877503 0.0127481 0.0157443
threshold=1665.0000000000002 689.58471679687511 12.500000000000002 696.56597900390636 4339.0000000000009 1575.5000000000002 432.26528930664068 351.06428527832037 119.50000000000001 319.50000000000006 405.00000000000006 880.50000000000011 445.50000000000006 14.500000000000002 509.56756591796881 570.50000000000011 1388.5000000000002 1359.5000000000002 1545.0000000000002 36312.000000000007 1425.5000000000002 1200.0000000000002 750.00000000000011 378.73808288574224 373.38334655761724 374.33413696289068 363.56918334960943 111.50000000000001 50733.500000000007 61684.000000000007
decision_type=2 2 2 2 2 2 2 2 2 2 2 2 2 2 2 2 2 2 2 2 2 2 2 2 2 2 2 2 2 2
left_child=1 4 3 -3 5 6 7 8 -1 -10 12 -12 -11 14 16 -16 17 24 19 22 -21 -22 -18 -19 26 -26 -6 -28 -29 -30
right_child=-2 2 -4 -5 13 -7 -8 -9 9 10 11 -13 -14 -15 15 -17 18 23 -20 20 21 -23 -24 -25 25 -27 27 28 29 -31
leaf_value=-0.0011639160856318016 -0.00016810623586862309 0.0012443013431038708 0.0012510786476431768 0.00011883813171368934 4.9196484737081307e-05 -0.0016508901397877885 -0.00066423103093470948 0.0014218432059430559 0.0026350362625505246 0.0019428558321669697 -0.0017953321873915918 -0.00017794133010473883 -0.00018759100667891965 0.00017183280147781426 0.001516266633781405 5.0531035571537443e-05 -0.0010447458661575284 0.0030338246095925571 -2.200933454284186e-05 -0.0025420012188057395 -0.0013234967213856695 0.00045582990749694764 0.00092930065511609428 0.00080725685305272547 -0.001983973739616987 -9.7138000788134969e-05 0.001737298757268677 -0.0014950410898534521 0.0026581987990842511 0.0001703485901580771
leaf_weight=26 806 24 37 387 1515 31 85 23 21 20 33 91 31 935 35 47 36 30 2859 43 92 42 48 21 27 1419 61 31 33 111
leaf_count=26 806 24 37 387 1515 31 85 23 21 20 33 91 31 935 35 47 36 30 2859 43 92 42 48 21 27 1419 61 31 33 111
internal_value=6.10066e-13 1.65357e-05 0.000272642 0.000184559 1.72349e-06 -0.000255562 -0.000124485 6.27735e-05 -7.8031e-05 6.6015e-05 -0.000242268 -0.000608376 0.000647878 1.43003e-05 -8.53579e-06 0.00067615 -1.73524e-05 4.84458e-05 -8.585e-05 -0.000785162 -0.0011973 -0.000765797 8.32807e-05 0.002117 1.54472e-05 -0.000132369 0.000137516 0.000704484 0.000344474 0.000740481
internal_weight=9000 8194 448 411 7746 361 330 245 222 196 175 124 51 7385 6450 82 6368 3248 3120 261 177 134 84 51 3197 1446 1751 236 175 144
internal_count=9000 8194 448 411 7746 361 330 245 222 196 175 124 51 7385 6450 82 6368 3248 3120 261 177 134 84 51 3197 1446 1751 236 175 144
is_linear=0
shrinkage=0.1


Tree=90
num_leaves=31
num_cat=0
split_feature=6 2 2 2 0 2 6 3 2 5 5 2 0 3 5 8 8 4 6 2 2 0 5 7 8 6 2 7 2 1
split_gain=0.00225184 0.00249946 0.00568434 0.0042682 0.00229901 0.0026102 0.00412625 0.00306003 0.00245825 0.0076894 0.00376411 0.00294369 0.00227599 0.00374522 0.0019557 0.00492685 0.00177775 0.00411422 0.00254282 0.00776538 0.0106928 0.0051206 0.00305211 0.00238295 0.00284479 0.00548786 0.00276177 0.00222569 0.00398098 0.00253488
threshold=97160.500000000015 517.50000000000011 1239.5000000000002 2473.5000000000005 1665.0000000000002 6219.0000000000009 74590.000000000015 720.85974121093761 252.50000000000003 60.500000000000007 171.50000000000003 4041.5000000000005 900.00000000000011 629.17858886718761 1.5000000000000002 319.50000000000006 405.00000000000006 713.50000000000011 4339.0000000000009 203.50000000000003 1282.5000000000002 750.00000000000011 6.5000000000000009 173.17869567871097 1052.5000000000002 3207.5000000000005 2519.0000000000005 509.56756591796881 1016.5000000000001 14.500000000000002
decision_type=2 2 2 2 2 2 2 2 2 2 2 2 2 2 2 2 2 2 2 2 2 2 2 2 2 2 2 2 2 2
left_child=4 -2 -3 -4 5 14 7 12 9 -6 -11 -10 13 -7 15 -1 17 -16 19 -18 21 -21 -23 -22 26 -26 -25 29 -29 -20
right_child=1 2 3 -5 8 6 -8 -9 11 10 -12 -13 -14 -15 16 -17 18 -19 27 20 23 22 -24 24 25 -27 -28 28 -30 -31
leaf_value=-0.0017622753290370816 -0.00045144436399794123 0.0017351920096834582 -0.00045341503752682072 0.00080475216896697284 0.0010167780902702362 0.0013486633135471493 0.0014534816566494203 0.0010341363629840059 -3.1207753632050606e-05 -0.0019686282492440308 -0.00040702376151377143 -0.00064059070202427315 -0.00068912373482329188 -0.00054210036184733996 0.0013218392705311999 0.00040388162846543966 0.0014306222122589438 -0.00033799761897950831 -1.5199497691004551e-05 -0.00042033812205772848 -0.00071593119545678536 -0.001135425751895777 -0.0027302386297378689 0.0012163742798079243 -0.0015337343256760505 0.00052698293542822029 7.7600185907437681e-05 0.0014466871879509806 3.9700476822947137e-05 0.0001673933581744857
leaf_weight=21 31 31 52 56 20 20 31 29 615 33 29 91 41 22 32 21 24 28 6559 32 39 21 28 34 24 28 57 30 61 860
leaf_count=21 31 31 52 56 20 20 31 29 615 33 29 91 41 22 32 21 24 28 6559 32 39 21 28 34 24 28 57 30 61 860
internal_value=-2.93017e-13 0.000360498 0.000541579 0.000198968 -6.94051e-06 9.03192e-06 0.000432454 0.000149848 -0.000169948 -0.000688206 -0.0012382 -0.000109754 -0.000159121 0.000358263 1.36648e-06 -0.000679197 5.00446e-06 0.000547249 8.31748e-07 -0.000291296 -0.000448429 -0.00140422 -0.00204675 -2.30521e-05 0.000165915 -0.000424117 0.000503076 1.19956e-05 0.000503542 5.96641e-06
internal_weight=9000 170 139 108 8830 8042 143 112 788 82 62 706 83 42 7899 42 7857 60 7797 287 263 81 49 182 143 52 91 7510 91 7419
internal_count=9000 170 139 108 8830 8042 143 112 788 82 62 706 83 42 7899 42 7857 60 7797 287 263 81 49 182 143 52 91 7510 91 7419
is_linear=0
shrinkage=0.1


Tree=91
num_leaves=31
num_cat=0
split_feature=2 7 0 4 8 4 7 8 3 5 2 2 2 7 7 4 2 0 1 6 2 2 7 2 2 2 2 1 5 7
split_gain=0.00209702 0.00418733 0.00236034 0.00837566 0.00839053 0.00633482 0.00912721 0.0323106 0.0132671 0.00909057 0.00853317 0.0284421 0.0147407 0.00706229 0.00975379 0.00622357 0.00571262 0.00784378 0.00496374 0.00730493 0.00636292 0.00814175 0.00607356 0.00430521 0.00460763 0.00706493 0.00686769 0.00420901 0.00964937 0.00918077
threshold=10.500000000000002 367.20716857910162 435.00000000000006 38.500000000000007 405.00000000000006 150.50000000000003 307.69320678710943 1948.5000000000002 30.157348632812504 205.50000000000003 1388.5000000000002 1689.5000000000002 1173.5000000000002 289.16200256347662 303.19189453125006 169.50000000000003 1253.5000000000002 285.00000000000006 5.5000000000000009 25380.000000000004 743.50000000000011 1016.5000000000001 364.11820983886724 3324.5000000000005 3043.5000000000005 3101.5000000000005 2842.0000000000005 3.5000000000000004 215.50000000000003 351.09652709960943
decision_type=2 2 2 2 2 2 2 2 2 2 2 2 2 2 2 2 2 2 2 2 2 2 2 2 2 2 2 2 2 2
left_child=1 -1 3 -2 -5 6 -6 -8 9 -9 12 -12 13 -7 -15 -16 -14 -18 27 -20 -21 22 -22 24 26 -26 -13 28 29 -17
right_child=2 -3 -4 4 5 10 7 8 -10 -11 11 23 16 14 15 18 17 -19 19 20 21 -23 -24 -25 25 -27 -28 -29 -30 -31
leaf_value=-0.0017549071110261141 0.0018270552524232439 0.00022353699795253897 -2.0795169921536172e-05 0.0021177356687257999 -0.0025567295073415154 0.0015044274322019938 0.0032228542872789231 -0.0027010896936232268 0.00054935938306799575 -0.00027172244135726943 -0.0015264400702641257 -8.6453986672407846e-05 0.002957823508360889 -0.0020031368359923365 0.0018840524506577778 0.0024529188694114882 1.729802501484238e-05 0.0024612682968533292 0.0019671465109648376 0.0014056758404794065 0.00023015116713941098 0.00095293565804289808 -0.0018362214055025216 0.00044470587139853785 -0.002395475222729147 -3.9415252228666631e-05 0.001049908663656923 -0.00071441617817428148 -0.0016152851979511426 8.4887724187865398e-05
leaf_weight=20 28 23 7335 20 20 39 22 43 36 24 116 374 25 21 21 22 29 24 29 33 25 37 33 305 20 35 62 92 23 64
leaf_count=20 28 23 7335 20 20 39 22 43 36 24 116 374 25 21 21 22 29 24 29 33 25 37 33 305 20 35 62 92 23 64
internal_value=-1.40317e-12 -0.00069667 3.34451e-06 0.000112509 8.23913e-05 5.65293e-05 -0.000573262 -0.000255908 -0.000998944 -0.00183087 0.000120434 -6.35529e-05 0.000444991 0.000219915 9.46751e-05 0.000210913 0.00171176 0.001124 0.000112768 0.000534087 0.000209409 -0.000206136 -0.000945544 0.000149632 -3.36629e-05 -0.000896164 7.51389e-05 -0.000216322 0.000204087 0.000690663
internal_weight=9000 43 8957 1622 1594 1574 145 125 103 67 1429 912 517 439 400 379 78 53 358 157 128 95 58 796 491 55 436 201 109 86
internal_count=9000 43 8957 1622 1594 1574 145 125 103 67 1429 912 517 439 400 379 78 53 358 157 128 95 58 796 491 55 436 201 109 86
is_linear=0
shrinkage=0.1


Tree=92
num_leaves=31
num_cat=0
split_feature=3 6 7 0 6 7 1 7 3 8 5 5 3 3 5 7 6 5 5 2 2 2 5 6 5 6 2 3 5 7
split_gain=0.00201031 0.0036051 0.00200165 0.00281446 0.00264697 0.00258238 0.00262785 0.00267941 0.00311649 0.00190039 0.00492305 0.00293425 0.00178816 0.00334289 0.00346316 0.00174202 0.0015802 0.00158012 0.00158301 0.00144665 0.02763 0.0206019 0.0117823 0.0120386 0.00856674 0.012948 0.0120284 0.00724605 0.0063449 0.004923
threshold=584.72869873046886 90925.500000000015 345.00369262695318 1050.0000000000002 3619.0000000000005 382.65473937988287 8.5000000000000018 372.25642395019537 738.11407470703136 319.50000000000006 1.5000000000000002 2.5000000000000004 689.58471679687511 640.38198852539074 56.500000000000007 116.4670753479004 37100.000000000007 110.50000000000001 174.50000000000003 601.50000000000011 585.50000000000011 685.50000000000011 121.50000000000001 28552.500000000004 174.50000000000003 87729.000000000015 642.50000000000011 125.47632598876955 152.50000000000003 221.81839752197268
decision_type=2 2 2 2 2 2 2 2 2 2 2 2 2 2 2 2 2 2 2 2 2 2 2 2 2 2 2 2 2 2
left_child=9 2 3 12 -5 6 7 16 -9 10 -1 -11 13 -2 -15 -13 -4 -14 -19 20 29 22 23 27 28 26 -26 -21 -24 -17
right_child=1 -3 5 4 -6 -7 -8 8 -10 11 -12 15 17 14 -16 19 -18 18 -20 21 -22 -23 24 -25 25 -27 -28 -29 -30 -31
leaf_value=-0.0017620123708514835 0.00069380776184371448 0.00090166660012041492 -0.00089150913368814212 -0.001061931911549023 0.00011165672135815073 0.00016593239209913507 6.6172268951322004e-05 -0.002063701830255533 -0.00039559586730320007 0.00092755743924389014 0.00016919964868010898 -0.00085080140421632674 0.0011600114641049388 -0.0013992847318877466 0.00029952828879080092 0.00096666337698339848 -3.1286776662275289e-05 -0.0002907106106431456 0.00095239802224872025 0.00016219806938562006 0.0027672441260939516 -2.8786216174153856e-06 -0.00041317830889186428 -0.0034683471072639808 -0.0003195334328338504 0.0010316965775564314 -0.0032895236260568105 -0.0023352883229519994 0.0016726760361343623 -2.0284073456310239e-05
leaf_weight=22 69 57 29 22 152 337 147 21 24 33 33 25 57 20 30 52 81 20 21 26 37 5696 35 32 25 20 30 21 25 1801
leaf_count=22 69 57 29 22 152 337 147 21 24 33 33 25 57 20 30 52 81 20 21 26 37 5696 35 32 25 20 30 21 25 1801
internal_value=6.93936e-13 0.000127517 8.46753e-05 0.000262887 -3.6728e-05 -2.43717e-05 -0.000236731 -0.000524 -0.00117405 -1.75168e-05 -0.000603285 -1.34169e-05 0.000503132 0.000242629 -0.000379997 -1.73852e-05 -0.000258073 0.000819457 0.000346004 -1.4714e-05 6.14407e-05 -3.9068e-05 -0.00100232 -0.00197229 -0.0004347 -0.0011472 -0.00193953 -0.0009537 0.000455928 7.41224e-06
internal_weight=9000 1087 1030 391 174 639 302 155 45 7913 55 7858 217 119 50 7825 110 98 41 7800 1890 5910 214 79 135 75 55 47 60 1853
internal_count=9000 1087 1030 391 174 639 302 155 45 7913 55 7858 217 119 50 7825 110 98 41 7800 1890 5910 214 79 135 75 55 47 60 1853
is_linear=0
shrinkage=0.1


Tree=93
num_leaves=31
num_cat=0
split_feature=0 2 2 4 3 7 2 4 2 2 2 6 7 4 6 5 2 2 2 2 2 2 2 5 2 4 2 6 6 6
split_gain=0.00193086 0.00459069 0.0106895 0.00836984 0.00565536 0.00487883 0.00452692 0.0032486 0.00326995 0.0145515 0.00599285 0.00456017 0.00531926 0.0045131 0.00369696 0.00304279 0.00273985 0.00366349 0.0108797 0.00997152 0.00451053 0.00566546 0.00320447 0.0022926 0.0021611 0.007396 0.0065638 0.0115046 0.0249508 0.015931
threshold=285.00000000000006 168.50000000000003 370.50000000000006 67.500000000000014 36.985731124877937 374.33413696289068 503.50000000000006 231.50000000000003 1483.5000000000002 1772.5000000000002 908.50000000000011 42948.000000000007 370.96908569335943 337.50000000000006 30559.000000000004 174.50000000000003 2235.5000000000005 2686.0000000000005 2910.5000000000005 3180.0000000000005 3682.5000000000005 4384.0000000000009 1929.5000000000002 252.50000000000003 178.50000000000003 140.50000000000003 215.50000000000003 69364.000000000015 46517.500000000007 23323.000000000004
decision_type=2 2 2 2 2 2 2 2 2 2 2 2 2 2 2 2 2 2 2 2 2 2 2 2 2 2 2 2 2 2
left_child=1 3 4 5 -3 -1 -4 -8 10 -10 11 -9 -13 -12 -15 -16 22 -18 -19 -20 -21 -22 -11 24 25 -2 27 28 29 -26
right_child=23 2 6 -5 -6 -7 7 8 9 16 13 12 -14 14 15 -17 17 18 19 20 21 -23 -24 -25 26 -27 -28 -29 -30 -31
leaf_value=-0.00077084667734905255 -0.00010417448478535594 -0.00016383096459321678 0.0013112286915095278 0.0023421016914093903 -0.0020475675933994352 0.0012898294226033613 -0.0011269818500659313 -0.00141259578747188 -0.0014162312273210923 -0.00011903130398422946 0.0022734578011468763 0.0014282223080163416 -0.00065950101438479929 0.0016606546446887986 -0.00032850649961466464 0.00096381775685586049 -0.00056432544542159041 0.0019908965288777838 -0.0015273284189087073 0.0012119165956053536 -0.00073600338542342391 0.00066504685227916909 0.0011003631738386696 0.00041366316587906725 -0.00012257744335026171 -0.0014330856812496981 -1.7029713626589224e-05 0.0027073762010635014 -0.0020477143422855683 0.0036029102100821383
leaf_weight=27 604 30 34 26 34 20 20 22 61 32 21 23 26 27 38 35 66 32 35 43 54 62 66 123 24 45 7294 24 30 22
leaf_count=27 604 30 34 26 34 20 20 22 61 32 21 23 26 27 38 35 66 32 35 43 54 62 66 123 24 45 7294 24 30 22
internal_value=-1.86229e-13 0.000144936 7.2271e-05 0.000902443 -0.00116457 0.000106037 0.00018584 0.000128128 0.000167167 2.00282e-05 0.00051279 -0.00021655 0.000320451 0.000940749 0.00066088 0.000291101 0.000244674 9.11228e-05 0.000282537 7.45572e-07 0.000337114 1.28338e-05 0.000702194 -1.48024e-05 -2.13549e-05 -0.000196318 -5.9977e-06 0.000798678 0.000195931 0.00165918
internal_weight=9000 834 761 73 64 47 697 663 643 451 192 71 49 121 100 73 390 292 226 194 159 116 98 8166 8043 649 7394 100 76 46
internal_count=9000 834 761 73 64 47 697 663 643 451 192 71 49 121 100 73 390 292 226 194 159 116 98 8166 8043 649 7394 100 76 46
is_linear=0
shrinkage=0.1


Tree=94
num_leaves=31
num_cat=0
split_feature=4 4 4 5 8 8 8 2 2 5 2 3 6 5 5 2 2 2 2 2 2 4 8 8 5 2 2 2 7 7
split_gain=0.00191132 0.00519831 0.00502545 0.00412638 0.00928007 0.0061533 0.012551 0.00396878 0.0139077 0.00940636 0.00690485 0.00703999 0.00689471 0.00669302 0.011908 0.0117069 0.0149527 0.0302279 0.0195035 0.0206253 0.0117967 0.00971977 0.00908217 0.007132 0.00781055 0.0148878 0.056339 0.0302292 0.0160236 0.0177705
threshold=418.50000000000006 413.50000000000006 422.50000000000006 7.5000000000000009 687.00000000000011 935.50000000000011 379.50000000000006 627.50000000000011 685.50000000000011 36.500000000000007 434.50000000000006 149.09562683105472 9115.5000000000018 52.500000000000007 48.500000000000007 370.50000000000006 292.50000000000006 240.50000000000003 136.50000000000003 90.500000000000014 64.500000000000014 20.500000000000004 1510.5000000000002 1601.5000000000002 98.500000000000014 252.50000000000003 304.50000000000006 370.50000000000006 425.60534667968756 378.16830444335943
decision_type=2 2 2 2 2 2 2 2 2 2 2 2 2 2 2 2 2 2 2 2 2 2 2 2 2 2 2 2 2 2
left_child=1 3 -2 5 -5 6 -1 10 -9 12 13 -12 -10 14 15 16 17 18 19 20 21 -6 -15 -24 25 28 -27 -28 29 -25
right_child=2 -3 -4 4 7 -7 -8 8 9 -11 11 -13 -14 22 -16 -17 -18 -19 -20 -21 -22 -23 23 24 -26 26 27 -29 -30 -31
leaf_value=-0.0020413735421078109 0.0013012900944769142 -0.0013156894904871783 2.4845978049413956e-05 0.0020605225770850668 -0.0010078951054972342 -0.0022911397053394468 0.0011032473175631215 -0.0014171423697586184 -0.00036134275582045062 1.8508006747377593e-05 0.00031271412393550375 0.0022405734565109016 -0.002336604600714054 -0.0013870148080529581 0.0021658204721682001 0.001981142950632299 -0.0020489393541698949 0.0030719472046550969 -0.0022127454391987311 0.0026225322496210195 -0.0022372579345336326 0.0019998511160901262 0.0017676407346152703 0.00049743018189474242 -1.0789165077839832e-05 -0.0048397317610900199 0.0030846691609400772 -0.0021629924351665459 0.0023603129028545128 -0.0021497781582487125
leaf_weight=22 31 33 6132 21 22 20 30 88 43 716 358 20 30 58 33 30 34 31 41 29 26 21 20 64 904 34 23 21 23 42
leaf_count=22 31 33 6132 21 22 20 30 88 43 716 358 20 30 58 33 30 34 31 41 29 26 21 20 64 904 34 23 21 23 42
internal_value=1.61327e-12 -6.79223e-05 3.12665e-05 -5.32374e-05 -3.3544e-05 -0.000800494 -0.000227169 -4.97651e-05 -0.000224735 -9.17416e-05 3.39038e-05 0.000414717 -0.00117309 -6.49613e-05 0.000387484 0.000136693 -0.00013455 0.000248328 -0.0003814 0.000384775 -0.000555732 0.000461004 -0.000166562 -0.000103974 -0.000137667 -0.00069176 -0.00178239 0.000580103 -3.23097e-05 -0.000551464
internal_weight=9000 2837 6163 2804 2732 72 52 2711 877 789 1834 378 73 1456 267 234 204 170 139 98 69 43 1189 1131 1111 207 78 44 129 106
internal_count=9000 2837 6163 2804 2732 72 52 2711 877 789 1834 378 73 1456 267 234 204 170 139 98 69 43 1189 1131 1111 207 78 44 129 106
is_linear=0
shrinkage=0.1


Tree=95
num_leaves=31
num_cat=0
split_feature=2 0 2 2 2 6 2 8 2 2 8 8 7 3 4 7 3 7 4 5 1 6 6 2 2 2 5 2 2 0
split_gain=0.00181796 0.0017133 0.00409909 0.0206161 0.0126089 0.00391035 0.00482276 0.00372156 0.00361407 0.00320809 0.00337789 0.00648305 0.00337556 0.00729109 0.0166406 0.00511863 0.0177468 0.0117862 0.00525889 0.00368673 0.00388249 0.00352986 0.00321507 0.00304688 0.00801566 0.0108625 0.0116022 0.00858977 0.00961391 0.00611195
threshold=7296.0000000000009 1200.0000000000002 1891.5000000000002 1569.5000000000002 2090.5000000000005 57022.500000000007 1791.5000000000002 503.00000000000006 1851.5000000000002 10.500000000000002 476.00000000000006 319.50000000000006 236.18439483642581 25.77922344207764 309.50000000000006 282.01000976562506 63.87817573547364 264.19302368164068 275.50000000000006 143.50000000000003 3.5000000000000004 3207.5000000000005 6513.0000000000009 1341.5000000000002 1073.5000000000002 1111.0000000000002 75.500000000000014 1253.5000000000002 1190.0000000000002 1515.0000000000002
decision_type=2 2 2 2 2 2 2 2 2 2 2 2 2 2 2 2 2 2 2 2 2 2 2 2 2 2 2 2 2 2
left_child=1 9 3 7 -4 6 -5 -3 -8 -1 11 -11 13 -12 -15 16 17 -14 -18 20 -20 -17 -16 24 -9 -26 29 28 -28 -27
right_child=-2 2 4 5 -6 -7 8 23 -10 10 12 -13 15 14 22 21 18 -19 19 -21 -22 -23 -24 -25 25 26 27 -29 -30 -31
leaf_value=-0.001057969903814848 0.00075239046227579829 -0.0013839617503849282 -0.0010703679895156931 0.00016531246900235099 -8.7338544797830936e-05 0.0014471700316748917 0.0022388074826449156 -1.6488181247848288e-06 0.0005018667550757528 -0.00020762567693128478 0.0011954920241036096 0.00169091932259367 0.00059095411619637162 -0.0033158094214741141 8.7030958252398707e-05 -0.00094268979339272177 -0.0014244231692282484 0.0039451271041550419 0.0014752363262232394 0.0015631789260078224 1.4927115032863416e-05 2.4651286020453424e-05 -0.0008371810506772212 0.00033113219348844281 -0.0021180268033498492 -0.00049157412664499142 -0.00031835038633066783 -0.00088156309275125907 0.001652639992244076 -0.0024938004734482797
leaf_weight=27 32 22 145 90 1303 89 25 1039 23 37 26 35 20 20 101 38 20 22 20 20 203 5162 60 165 41 30 49 55 50 31
leaf_count=27 32 22 145 90 1303 89 25 1039 23 37 26 35 20 20 101 38 20 22 20 20 203 5162 60 165 41 30 49 55 50 31
internal_value=2.39255e-13 -2.68471e-06 -6.19851e-05 4.29015e-05 -0.000185777 0.00093035 0.000597038 -9.30302e-05 0.00140652 2.9532e-05 3.46085e-05 0.000715278 2.60286e-05 -0.000370406 -0.000595342 4.09354e-05 0.000439088 0.0023479 0.000134259 0.000262545 0.000145897 1.75823e-05 -0.000257396 -7.35778e-05 -0.000125143 -0.000626357 -0.000341899 0.000120434 0.000677099 -0.0015091
internal_weight=9000 8968 3157 1709 1448 227 138 1482 48 5811 5784 72 5712 207 181 5505 305 42 263 243 223 5200 161 1460 1295 256 215 154 99 61
internal_count=9000 8968 3157 1709 1448 227 138 1482 48 5811 5784 72 5712 207 181 5505 305 42 263 243 223 5200 161 1460 1295 256 215 154 99 61
is_linear=0
shrinkage=0.1


Tree=96
num_leaves=31
num_cat=0
split_feature=4 2 2 0 0 1 7 2 2 5 8 7 6 2 2 2 1 2 8 5 5 2 2 7 2 0 2 4 3 2
split_gain=0.00154151 0.00427967 0.0203933 0.0156729 0.0162428 0.00682679 0.00648968 0.00639386 0.0127528 0.0119933 0.00918541 0.00850895 0.00602656 0.00601363 0.0118726 0.0107496 0.00559996 0.00557533 0.00554503 0.00443208 0.00792535 0.00751722 0.00731477 0.00511151 0.0095723 0.0131163 0.00436557 0.00425319 0.00417988 0.00386386
threshold=418.50000000000006 1253.5000000000002 1282.5000000000002 750.00000000000011 900.00000000000011 6.5000000000000009 326.24349975585943 1190.0000000000002 1073.5000000000002 120.50000000000001 2023.5000000000002 381.31256103515631 61304.500000000007 1388.5000000000002 1359.5000000000002 1406.5000000000002 4.5000000000000009 1158.5000000000002 1935.5000000000002 178.50000000000003 224.50000000000003 703.50000000000011 601.50000000000011 314.35856628417974 908.50000000000011 1357.5000000000002 936.50000000000011 413.50000000000006 175.10083007812503 999.00000000000011
decision_type=2 2 2 2 2 2 2 2 2 2 2 2 2 2 2 2 2 2 2 2 2 2 2 2 2 2 2 2 2 2
left_child=27 3 -3 6 5 12 -2 8 19 -10 -9 -11 26 14 16 -15 -4 -8 -16 21 -21 22 -6 -23 25 -25 -5 -1 -12 -26
right_child=1 2 13 4 7 -7 17 10 9 11 28 -13 -14 15 18 -17 -18 -19 -20 20 -22 23 -24 24 29 -27 -28 -29 -30 -31
leaf_value=-4.7715424709632046e-05 0.001681564330647234 -0.0019215898763981056 0.0016099279857007785 -0.0036777971987612549 0.00070280180169412728 4.242409393191338e-05 0.00036655605217303529 -0.00072703604320330283 -0.0020160390283222715 0.0014992759228334763 0.0028849750413792209 -0.0011368148061446845 -0.0005070898499980103 -0.0018635405708224543 0.0031142719136551026 4.3845294287685729e-06 -0.00019745825318144246 0.0017715286486208875 0.001047590352607438 -0.001010559222677016 0.0007692321049531034 -8.3682468420890878e-05 -0.0016472089450366588 0.0036811513260805182 -0.00027167394786374648 0.00075845503905678504 -0.0015884036989882592 -0.0011896501005994101 0.0010186322689211618 0.0012157304195082566
leaf_weight=2804 68 55 20 20 26 25 196 21 53 24 20 25 20 31 20 4994 120 33 37 58 44 43 27 28 40 34 20 33 30 31
leaf_count=2804 68 55 20 20 26 25 196 21 53 24 20 25 20 31 20 4994 120 33 37 58 44 43 27 28 40 34 20 33 30 31
internal_value=5.49128e-13 2.80793e-05 -6.06614e-06 0.000231449 -6.72127e-05 -0.00134594 0.000823743 0.000148446 4.21758e-06 -0.00097341 0.00102804 0.000154332 -0.00192443 1.41089e-05 0.000556091 -7.13899e-06 6.07398e-05 0.000569019 0.00177274 0.00030548 -0.000242806 0.000549695 -0.000494373 0.000864103 0.00117053 0.00207838 -0.0026331 -6.09984e-05 0.00176517 0.000377756
internal_weight=9000 6163 5277 886 589 85 297 504 433 102 71 49 60 5222 197 5025 140 229 57 331 102 229 53 176 133 62 40 2837 50 71
internal_count=9000 6163 5277 886 589 85 297 504 433 102 71 49 60 5222 197 5025 140 229 57 331 102 229 53 176 133 62 40 2837 50 71
is_linear=0
shrinkage=0.1


Tree=97
num_leaves=31
num_cat=0
split_feature=8 2 3 3 3 5 4 8 4 3 7 2 4 2 2 2 2 2 2 7 8 2 7 2 3 5 8 4 0 2
split_gain=0.00151578 0.00606494 0.00440376 0.015897 0.01168 0.0107045 0.00590506 0.00514755 0.00499732 0.00707673 0.0110605 0.00729326 0.0117621 0.0054611 0.0114496 0.0086689 0.00817176 0.0131009 0.00970293 0.00745369 0.00866307 0.00570501 0.00531635 0.00889233 0.0042255 0.0041609 0.0043239 0.013747 0.0130836 0.00913961
threshold=1550.5000000000002 26.500000000000004 27.642542839050297 19.379606246948246 36.985731124877937 24.500000000000004 113.50000000000001 1395.5000000000002 144.50000000000003 75.012584686279311 292.66377258300787 476.50000000000006 270.50000000000006 743.50000000000011 1073.5000000000002 655.50000000000011 1282.5000000000002 1456.5000000000002 1527.0000000000002 252.93996429443362 1357.5000000000002 1359.5000000000002 296.77809143066412 849.50000000000011 63.87817573547364 7.5000000000000009 1700.5000000000002 227.50000000000003 1200.0000000000002 585.50000000000011
decision_type=2 2 2 2 2 2 2 2 2 2 2 2 2 2 2 2 2 2 2 2 2 2 2 2 2 2 2 2 2 2
left_child=1 -1 3 5 -4 6 -3 -7 -6 10 24 12 -11 15 22 -13 19 21 -19 -16 -21 -18 23 -15 -10 -2 27 28 -27 -29
right_child=25 2 4 -5 8 7 -8 -9 9 11 -12 13 -14 14 16 -17 17 18 -20 20 -22 -23 -24 -25 -26 26 -28 29 -30 -31
leaf_value=-0.0017044009815435858 -0.0013552166468633171 7.6903862878680229e-05 -0.0024077593624083835 0.0029371236620301553 0.0014102462933144788 -0.0002438514780979382 0.002323266057911414 -0.0021930509718367831 0.00068344860225736813 -0.00043904755613766611 -0.0027720588371157647 -0.00015480765599932059 0.0029905420914292337 -0.00097049127798527486 2.2286160624232786e-05 -0.0026638457435183231 0.0001698499340060759 -0.0016475885375849576 -0.00010488261343257044 -0.0034910845503743205 -0.00058302610203099904 0.0021716212228472744 0.0018747049923048408 0.0011323332195895435 -0.0012237318686120922 0.0025368124411518996 5.2716873805155646e-06 -0.0020028173225000502 -0.00050745245644066015 0.00021468559223600795
leaf_weight=23 22 25 22 22 22 42 22 20 26 20 25 40 20 30 29 21 24 43 786 21 20 35 36 61 21 48 7171 20 20 263
leaf_count=23 22 25 22 22 22 42 22 20 26 20 25 40 20 30 29 21 24 43 786 21 20 35 36 61 21 48 7171 20 20 263
internal_value=1.2499e-12 -9.34151e-05 -6.75584e-05 0.000485102 -0.000123164 -9.80121e-06 0.00112839 -0.000872626 -8.38976e-05 -0.000110027 -0.00107264 -5.15886e-05 0.00127575 -9.7918e-05 -4.61575e-05 -0.00101857 -0.000164434 -8.24334e-05 -0.000184902 -0.00120467 -0.00207252 0.00135734 0.000846039 0.000439094 -0.000168696 1.80292e-05 2.20456e-05 0.00036474 0.00164144 5.79716e-05
internal_weight=9000 1456 1433 131 1302 109 47 62 1280 1258 72 1186 40 1146 1085 61 958 888 829 70 41 59 127 91 47 7544 7522 351 68 283
internal_count=9000 1456 1433 131 1302 109 47 62 1280 1258 72 1186 40 1146 1085 61 958 888 829 70 41 59 127 91 47 7544 7522 351 68 283
is_linear=0
shrinkage=0.1


Tree=98
num_leaves=31
num_cat=0
split_feature=0 4 5 2 7 3 2 2 2 2 4 2 2 2 2 2 2 3 6 2 2 2 2 0 5 6 1 7 8 8
split_gain=0.00153825 0.00206218 0.00772962 0.00185054 0.00186129 0.00229463 0.0021607 0.0108283 0.00236665 0.00617903 0.00525287 0.00444383 0.00570375 0.00385141 0.00218707 0.0034671 0.00194768 0.00183941 0.00217879 0.00202498 0.00500794 0.0087883 0.00437236 0.0022239 0.00181101 0.00443027 0.011163 0.0101513 0.00552557 0.00411405
threshold=1665.0000000000002 113.50000000000001 136.50000000000003 4041.5000000000005 290.64213562011724 168.09040069580081 1341.5000000000002 1239.5000000000002 419.50000000000006 503.50000000000006 198.50000000000003 800.50000000000011 1073.5000000000002 642.50000000000011 1891.5000000000002 2105.5000000000005 1581.5000000000002 674.21014404296886 90925.500000000015 3926.0000000000005 2649.5000000000005 2536.5000000000005 2753.0000000000005 900.00000000000011 84.500000000000014 34452.000000000007 4.5000000000000009 309.93624877929693 1372.5000000000002 1571.5000000000002
decision_type=2 2 2 2 2 2 2 2 2 2 2 2 2 2 2 2 2 2 2 2 2 2 2 2 2 2 2 2 2 2
left_child=17 2 -2 4 5 -3 7 8 10 -10 -6 13 -13 -11 16 -16 -8 24 19 20 21 -19 -22 -24 -1 26 27 -26 -27 -28
right_child=1 3 -4 -5 6 -7 14 -9 9 11 -12 12 -14 -15 15 -17 -18 18 -20 -21 22 -23 23 -25 25 28 29 -29 -30 -31
leaf_value=-6.9491968353439971e-05 0.00031231521163991763 0.0010845103908650345 -0.0019540125302565112 -0.00050080868790478527 0.00011128893545262414 -5.1592538220575079e-05 -5.4970327339385846e-05 -0.0022814339660108089 0.0016672919345596298 0.00011548614235256207 -0.0018131720507011306 0.00094483600373172934 -0.00064222150913571037 -0.0016391394427046182 -0.00094202840447019879 9.1275634022355175e-05 0.00086546627234643638 3.657074217084065e-05 0.0011268391636500988 0.0003982489750162159 -0.0018474788201274352 0.0020731289349496368 0.0001579691524728064 -0.0007687311810635341 0.00017179860560982317 -0.0013180085923522713 -0.00073173007973916058 0.002768987076706253 2.1286895642341714e-05 0.00032616180271743711
leaf_weight=2484 34 32 27 94 37 40 39 25 22 22 23 54 39 29 39 194 56 139 24 197 20 25 61 45 27 31 48 34 4902 157
leaf_count=2484 34 32 27 94 37 40 39 25 22 22 23 54 39 29 39 194 56 139 24 197 20 25 61 45 27 31 48 34 4902 157
internal_value=2.81806e-13 -0.000131818 -0.000690813 -8.60474e-05 -2.61586e-05 0.000453342 -8.57857e-05 -0.000306616 -8.81623e-05 0.000106389 -0.000626421 -0.000132082 0.000279296 -0.000882242 8.32032e-05 -8.16808e-05 0.000487603 1.29662e-05 0.000196682 0.000150842 -1.72235e-05 0.000347022 -0.00049132 -0.000235441 7.47173e-07 3.43063e-05 0.000431836 0.00161941 1.28705e-05 7.84603e-05
internal_weight=9000 806 61 745 651 72 579 251 226 166 60 144 93 51 328 233 95 8194 511 487 290 164 126 106 7683 5199 266 61 4933 205
internal_count=9000 806 61 745 651 72 579 251 226 166 60 144 93 51 328 233 95 8194 511 487 290 164 126 106 7683 5199 266 61 4933 205
is_linear=0
shrinkage=0.1


Tree=99
num_leaves=31
num_cat=0
split_feature=6 2 2 2 0 3 5 6 5 3 2 2 2 2 2 7 7 7 2 5 2 2 2 5 8 5 5 2 4 3
split_gain=0.00144759 0.00201739 0.0047354 0.00333127 0.00146552 0.00190133 0.00555381 0.00765999 0.00421292 0.00366914 0.00394965 0.00612497 0.00613203 0.00377898 0.00344544 0.00284857 0.00202837 0.00266432 0.00185479 0.00183749 0.0017788 0.00233951 0.00158908 0.00136228 0.00283372 0.00173001 0.00191306 0.00202869 0.00124017 0.00123464
threshold=97160.500000000015 517.50000000000011 1239.5000000000002 2473.5000000000005 1665.0000000000002 65.804672241210952 117.50000000000001 63169.000000000007 50.500000000000007 80.154644012451186 734.50000000000011 1073.5000000000002 1341.5000000000002 1239.5000000000002 1891.5000000000002 353.42927551269537 329.85044860839849 367.65570068359381 1545.0000000000002 214.50000000000003 2105.5000000000005 4041.5000000000005 7296.0000000000009 1.5000000000000002 319.50000000000006 2.5000000000000004 4.5000000000000009 1906.5000000000002 680.50000000000011 14.263369083404543
decision_type=2 2 2 2 2 2 2 2 2 2 2 2 2 2 2 2 2 2 2 2 2 2 2 2 2 2 2 2 2 2
left_child=4 -2 -3 28 22 6 8 -8 -6 -7 15 16 13 -13 18 -11 -12 -18 -14 -9 -16 -22 23 24 -1 -25 27 -27 -4 -28
right_child=1 2 3 -5 5 9 7 19 -10 10 11 12 14 -15 20 -17 17 -19 -20 -21 21 -23 -24 25 -26 26 29 -29 -30 -31
leaf_value=-0.0013877261030886855 -0.0004404133275872277 0.0015411594469520835 -0.0010076141977068884 0.00067419540399506726 -0.00072236900866430793 0.0011240809152368457 -0.0027355598859139722 7.7150863750527311e-05 0.00090343579083580435 -0.001866435161791742 0.001709680723724887 -0.00041874974248780599 -9.8918118705374324e-05 -0.0020901571037635828 -0.00080565998818201475 -0.00038516236676809358 -0.00033047602822383246 0.0011839414440776009 0.00080401765630365571 -0.0010967805043037516 8.4182484090114973e-05 -0.00052113689347704295 0.00074609499183836685 0.0007413395674120693 0.00023629381771157073 -0.0010803134961999163 0.00014393692806336344 0.00014312232783793109 -1.9128987502578336e-05 -2.8625020967774196e-06
leaf_weight=21 31 31 22 56 28 25 20 30 37 20 20 31 35 24 40 37 21 26 65 24 214 91 29 32 22 33 622 23 30 7260
leaf_count=21 31 31 22 56 28 25 20 30 37 20 20 31 35 24 40 37 21 26 65 24 214 91 29 32 22 33 622 23 30 7260
internal_value=-1.03732e-12 0.000289039 0.000451723 0.000139014 -5.56475e-06 -0.000135712 -0.000471357 -0.00106378 0.000203089 -6.3825e-05 -0.000111417 -3.16485e-05 -0.000151962 -0.00114809 -2.88445e-05 -0.000904907 0.00086621 0.000507287 0.00048799 -0.000444596 -0.000178652 -9.6421e-05 7.1878e-06 4.51361e-06 -0.000556832 7.5422e-06 4.58409e-06 -0.000577831 -0.000437334 8.72203e-06
internal_weight=9000 170 139 108 8830 788 139 74 65 649 624 567 500 55 445 57 67 47 100 54 345 305 8042 8013 43 7970 7938 56 52 7882
internal_count=9000 170 139 108 8830 788 139 74 65 649 624 567 500 55 445 57 67 47 100 54 345 305 8042 8013 43 7970 7938 56 52 7882
is_linear=0
shrinkage=0.1


end of trees

feature_importances:
Column_2=1127
Column_0=600
Column_5=496
Column_6=263
Column_4=149
Column_7=129
Column_3=117
Column_8=73
Column_1=46

parameters:
[boosting: gbdt]
[objective: regression]
[metric: l2]
[tree_learner: serial]
[device_type: cpu]
[data_sample_strategy: bagging]
[data: ]
[valid: ]
[num_iterations: 100]
[learning_rate: 0.1]
[num_leaves: 31]
[num_threads: 16]
[seed: 0]
[deterministic: 0]
[force_col_wise: 0]
[force_row_wise: 0]
[histogram_pool_size: -1]
[max_depth: -1]
[min_data_in_leaf: 20]
[min_sum_hessian_in_leaf: 0.001]
[bagging_fraction: 1]
[pos_bagging_fraction: 1]
[neg_bagging_fraction: 1]
[bagging_freq: 0]
[bagging_seed: 3]
[bagging_by_query: 0]
[feature_fraction: 1]
[feature_fraction_bynode: 1]
[feature_fraction_seed: 2]
[extra_trees: 0]
[extra_seed: 6]
[early_stopping_round: 0]
[early_stopping_min_delta: 0]
[first_metric_only: 0]
[max_delta_step: 0]
[lambda_l1: 0]
[lambda_l2: 0]
[linear_lambda: 0]
[min_gain_to_split: 0]
[drop_rate: 0.1]
[max_drop: 50]
[skip_drop: 0.5]
[xgboost_dart_mode: 0]
[uniform_drop: 0]
[drop_seed: 4]
[top_rate: 0.2]
[other_rate: 0.1]
[min_data_per_group: 100]
[max_cat_threshold: 32]
[cat_l2: 10]
[cat_smooth: 10]
[max_cat_to_onehot: 4]
[top_k: 20]
[monotone_constraints: ]
[monotone_constraints_method: basic]
[monotone_penalty: 0]
[feature_contri: ]
[forcedsplits_filename: ]
[refit_decay_rate: 0.9]
[cegb_tradeoff: 1]
[cegb_penalty_split: 0]
[cegb_penalty_feature_lazy: ]
[cegb_penalty_feature_coupled: ]
[path_smooth: 0]
[interaction_constraints: ]
[verbosity: 1]
[saved_feature_importance_type: 0]
[use_quantized_grad: 0]
[num_grad_quant_bins: 4]
[quant_train_renew_leaf: 0]
[stochastic_rounding: 1]
[linear_tree: 0]
[max_bin: 255]
[max_bin_by_feature: ]
[min_data_in_bin: 3]
[bin_construct_sample_cnt: 200000]
[data_random_seed: 1]
[is_enable_sparse: 1]
[enable_bundle: 1]
[use_missing: 1]
[zero_as_missing: 0]
[feature_pre_filter: 1]
[pre_partition: 0]
[two_round: 0]
[header: 0]
[label_column: ]
[weight_column: ]
[group_column: ]
[ignore_column: ]
[categorical_feature: ]
[forcedbins_filename: ]
[precise_float_parser: 0]
[parser_config_file: ]
[objective_seed: 5]
[num_class: 1]
[is_unbalance: 0]
[scale_pos_weight: 1]
[sigmoid: 1]
[boost_from_average: 1]
[reg_sqrt: 0]
[alpha: 0.9]
[fair_c: 1]
[poisson_max_delta_step: 0.7]
[tweedie_variance_power: 1.5]
[lambdarank_truncation_level: 30]
[lambdarank_norm: 1]
[label_gain: ]
[lambdarank_position_bias_regularization: 0]
[eval_at: ]
[multi_error_top_k: 1]
[auc_mu_weights: ]
[num_machines: 1]
[local_listen_port: 12400]
[time_out: 120]
[machine_list_filename: ]
[machines: ]
[gpu_platform_id: -1]
[gpu_device_id: -1]
[gpu_use_dp: 0]
[num_gpu: 1]

end of parameters

pandas_categorical:null
