tree
version=v4
num_class=1
num_tree_per_iteration=1
label_index=0
max_feature_idx=4
objective=regression
feature_names=Column_0 Column_1 Column_2 Column_3 Column_4
feature_infos=[210:1740] [1:256] [10:113715] [0:764.15472412109375] [10:2048]
tree_sizes=2678 2773 2774 2773 2782 2789 2790 2795 2811 2812 2811 2819 2816 2813 2833 2826 2848 2852 2847 2871 2866 2875 2878 2887 2876 2898 2893 2912 2892 2909 2912 2916 2914 2904 2918 2939 2924 2935 2930 2954 2947 2949 2932 2962 2956 2959 2953 2967 2956 2968 2967 2968 2971 2951 2978 2983 2983 2972 2956 3002 2970 2972 2987 2983 2984 3008 2982 3005 3002 3000 3009 3000 2989 3024 2977 2991 3005 3004 2972 2996 2976 3001 2988 2998 3002 2981 2994 2989 2986 2996 2986 2976 2977 2986 2992 2977 2986 2987 2981 2980

Tree=0
num_leaves=31
num_cat=0
split_feature=0 1 2 0 1 0 0 1 1 0 0 1 0 1 1 1 0 0 1 0 0 1 1 1 0 0 1 0 0 1
split_gain=639.344 358.581 142.875 91.3321 38.1867 26.0615 25.0476 21.267 20.9747 14.198 14.0629 9.91966 9.31392 8.89236 7.86096 7.12948 6.35741 4.81689 4.46647 3.0681 3.03733 2.62575 2.39094 2.37612 2.20229 2.03341 1.79421 1.75975 1.40238 1.01379
threshold=435.00000000000006 128.50000000000003 42677.000000000007 900.00000000000011 64.500000000000014 285.00000000000006 750.00000000000011 64.500000000000014 192.50000000000003 285.00000000000006 592.50000000000011 185.50000000000003 285.00000000000006 184.50000000000003 34.500000000000007 184.50000000000003 1200.0000000000002 750.00000000000011 186.50000000000003 1200.0000000000002 592.50000000000011 128.50000000000003 33.500000000000007 31.500000000000004 1050.0000000000002 750.00000000000011 128.50000000000003 750.00000000000011 750.00000000000011 8.5000000000000018
decision_type=2 2 2 2 2 2 2 2 2 2 2 2 2 2 2 2 2 2 2 2 2 2 2 2 2 2 2 2 2 2
left_child=2 4 7 10 14 13 20 9 19 22 18 28 -9 21 25 26 -10 -16 -3 -5 -6 -4 -1 -11 -8 -2 -7 -13 -12 -27
right_child=1 3 5 8 6 15 24 12 16 23 11 27 -14 -15 17 -17 -18 -19 -20 -21 -22 -23 -24 -25 -26 29 -28 -29 -30 -31
leaf_value=-2.5733697299175042 -2.660854340321432 -2.549571945062675 -2.4979015249676175 -2.6059659804421558 -2.5878491870245561 -2.5495725147402473 -2.6345061494608393 -2.5046423025520044 -2.575972976233738 -2.6255036006702315 -2.5746461397906142 -2.5445798751658435 -2.5560046381307489 -2.4356344672517172 -2.6337409545146544 -2.486193939287678 -2.5970636126827378 -2.6593916921923326 -2.5192708652432447 -2.6206297580871749 -2.6135005903116659 -2.4648249381449485 -2.5443339335712145 -2.5961319907367466 -2.6468854365012091 -2.6853870091034766 -2.5168129250011471 -2.5613934442016815 -2.5920656388172367 -2.6730290012746059
leaf_weight=53 119 93 36 218 83 21 202 62 218 45 90 124 82 112 94 102 415 331 102 413 104 72 61 71 498 86 82 125 95 291
leaf_count=53 119 93 36 218 83 21 202 62 218 45 90 124 82 112 94 102 415 331 102 413 104 72 61 71 498 86 82 125 95 291
internal_value=-2.60007 -2.61759 -2.51895 -2.58717 -2.64944 -2.47928 -2.63463 -2.56403 -2.60266 -2.5829 -2.55603 -2.56605 -2.53389 -2.45538 -2.6637 -2.50493 -2.5898 -2.65372 -2.53372 -2.61556 -2.60212 -2.47585 -2.55783 -2.60753 -2.64331 -2.67225 -2.52349 -2.55302 -2.58359 -2.67585
internal_weight=4500 3701 799 1893 1808 425 887 374 1264 230 629 434 144 220 921 205 633 425 195 631 187 108 114 116 700 496 103 249 185 377
internal_count=4500 3701 799 1893 1808 425 887 374 1264 230 629 434 144 220 921 205 633 425 195 631 187 108 114 116 700 496 103 249 185 377
is_linear=0
shrinkage=1


Tree=1
num_leaves=31
num_cat=0
split_feature=0 1 2 0 0 0 1 1 1 1 1 1 1 0 2 0 0 1 0 0 0 0 1 1 0 1 1 0 0 0
split_gain=518.555 241.232 161.555 53.6932 35.9259 35.1982 24.5141 17.0901 13.4214 13.144 12.651 8.19924 8.03747 7.1368 4.70458 4.62101 4.51966 4.50607 3.30872 2.78453 2.57889 2.57281 2.51105 2.01823 1.94803 1.93666 1.82116 1.72057 1.23774 1.09003
threshold=592.50000000000011 128.50000000000003 40763.000000000007 285.00000000000006 285.00000000000006 1050.0000000000002 64.500000000000014 62.500000000000007 184.50000000000003 184.50000000000003 192.50000000000003 184.50000000000003 64.500000000000014 900.00000000000011 10734.000000000002 435.00000000000006 435.00000000000006 31.500000000000004 750.00000000000011 750.00000000000011 435.00000000000006 1357.5000000000002 128.50000000000003 128.50000000000003 435.00000000000006 33.500000000000007 128.50000000000003 435.00000000000006 1357.5000000000002 750.00000000000011
decision_type=2 2 2 2 2 2 2 2 2 2 2 2 2 2 2 2 2 2 2 2 2 2 2 2 2 2 2 2 2 2
left_child=2 6 4 11 12 9 14 17 15 19 28 22 25 29 -2 23 -10 27 -11 -3 -9 -12 -4 -5 -19 -1 -17 -6 -7 -8
right_child=1 5 3 8 7 10 13 20 16 18 21 -13 -14 -15 -16 26 -18 24 -20 -21 -22 -23 -24 -25 -26 -27 -28 -29 -30 -31
leaf_value=0.024032938403059853 -0.068079416658971215 0.022693979773628581 0.091610656711790306 0.044762355287869773 -0.022887546088960438 -0.010175660167296883 -0.012084837261444102 0.036897218590112107 0.1024911468519884 0.049862744545936588 0.014482060522575098 0.14799467250704765 0.085149219688379546 -0.040921041763661903 -0.052877476701030025 0.015949607833668038 0.072721913865968296 0.0034162838333425352 0.029896417374794301 0.0013476839362500381 0.0086156945875180621 7.2141829592659203e-05 0.12172324872679181 0.075026226043701183 -0.022108162332464151 0.050165155285694568 0.045450943452055741 -0.049840551853179933 -0.020197909504082345 -0.026744832911274653
leaf_weight=53 385 89 45 30 45 200 104 76 102 125 203 112 53 601 432 27 102 67 247 195 56 318 72 83 54 61 93 50 321 99
leaf_count=53 385 89 45 30 45 200 104 76 102 125 203 112 53 601 432 27 102 67 247 195 56 318 72 83 54 61 93 50 321 99
internal_value=-1.90804e-10 -0.0202494 0.0569075 0.0894314 0.0148475 0.00609185 -0.0478419 -0.00344899 0.0688772 0.0242375 -0.00533192 0.128655 0.0529744 -0.0354454 -0.0600412 0.0524791 0.0876065 -0.0207728 0.0366055 0.00803719 0.024899 0.00568676 0.110141 0.0669916 -0.00797479 0.038016 0.0388131 -0.0370733 -0.0163506 -0.0192343
internal_weight=4500 3319 1181 666 515 1698 1621 348 437 656 1042 229 167 804 817 233 204 216 372 284 132 521 117 113 121 114 120 95 521 203
internal_count=4500 3319 1181 666 515 1698 1621 348 437 656 1042 229 167 804 817 233 204 216 372 284 132 521 117 113 121 114 120 95 521 203
is_linear=0
shrinkage=0.1


Tree=2
num_leaves=31
num_cat=0
split_feature=0 1 2 0 0 0 2 1 1 1 1 1 1 0 0 0 2 0 1 0 1 0 1 2 1 0 1 0 1 0
split_gain=420.029 195.398 130.86 43.4915 29.1 29.0739 20.0647 13.8527 13.8029 10.8713 6.64138 6.57617 6.51035 6.04303 4.27964 3.74302 3.71972 3.66092 2.29054 2.20711 2.03395 1.99585 1.63476 1.59573 1.56869 1.52827 1.47514 1.29552 1.07681 1.04618
threshold=592.50000000000011 128.50000000000003 40763.000000000007 285.00000000000006 285.00000000000006 900.00000000000011 19223.500000000004 63.500000000000007 192.50000000000003 184.50000000000003 184.50000000000003 187.50000000000003 64.500000000000014 900.00000000000011 1357.5000000000002 435.00000000000006 11085.500000000002 435.00000000000006 17.500000000000004 435.00000000000006 128.50000000000003 1357.5000000000002 128.50000000000003 35985.500000000007 33.500000000000007 435.00000000000006 128.50000000000003 435.00000000000006 65.500000000000014 750.00000000000011
decision_type=2 2 2 2 2 2 2 2 2 2 2 2 2 2 2 2 2 2 2 2 2 2 2 2 2 2 2 2 2 2
left_child=2 6 4 10 12 11 18 16 21 15 20 -3 24 28 -10 22 27 -11 -2 -9 -4 -7 -5 -15 -1 -18 -17 -6 -8 -13
right_child=1 5 3 9 7 8 13 19 14 17 -12 29 -14 23 -16 26 25 -19 -20 -21 -22 -23 -24 -25 -26 -27 -28 -29 -30 -31
leaf_value=0.021629644115016146 -0.064412445603055438 0.013929405095328758 0.082449594471189713 0.040286117990811665 -0.020850462635003387 -0.0069283058893896887 -0.035146099627017972 0.034067322525535584 0.016510032832267738 0.09224203749030245 0.1331952018397195 0.045315633036873561 0.076634296831095003 -0.042331018458888384 6.4927660853714752e-05 0.014354647144123359 0.0021883844051949889 0.065449724010392729 -0.052112052894533405 0.0077541251833151501 0.10955093122190901 -0.018178118317390898 0.067523604631423956 -0.032804087509174608 0.045148640138203987 -0.020066337370210227 0.040905850869353104 -0.044673987090587619 -0.017172699243761601 0.03219261350201779
leaf_weight=53 239 191 45 30 42 310 40 74 315 102 112 121 53 433 318 27 72 102 413 56 72 321 83 296 61 54 93 50 200 122
leaf_count=53 239 191 45 30 42 310 40 74 315 102 112 121 53 433 318 27 72 102 413 56 72 321 83 296 61 54 93 50 200 122
internal_value=2.56157e-10 -0.0182245 0.0512168 0.0804883 0.0133628 0.00548266 -0.0430577 -0.00310409 -0.00218484 0.0619895 0.115789 0.0278138 0.047677 -0.0339316 0.00824851 0.0472312 -0.0185112 0.0788459 -0.0566209 0.0227324 0.0991273 -0.0126513 0.0602924 -0.0384627 0.0342144 -0.00734935 0.0349318 -0.033798 -0.0201683 0.0387271
internal_weight=4500 3319 1181 666 515 1698 1621 348 1264 437 229 434 167 969 633 233 218 204 652 130 117 631 113 729 114 126 120 92 240 243
internal_count=4500 3319 1181 666 515 1698 1621 348 1264 437 229 434 167 969 633 233 218 204 652 130 117 631 113 729 114 126 120 92 240 243
is_linear=0
shrinkage=0.1


Tree=3
num_leaves=31
num_cat=0
split_feature=0 1 2 0 0 0 2 1 1 1 1 1 1 0 1 0 0 0 0 0 1 2 0 2 1 0 1 1 1 0
split_gain=340.224 158.272 105.996 35.2281 23.6485 23.571 16.3923 11.2613 8.80579 8.75046 8.25406 5.37952 5.27338 5.07841 3.1321 3.03185 2.96535 2.09378 2.00657 1.89902 1.6475 1.61309 1.58898 1.41701 1.32416 1.28829 1.27064 1.19487 1.18996 1.12745
threshold=592.50000000000011 128.50000000000003 40763.000000000007 285.00000000000006 1050.0000000000002 285.00000000000006 17098.500000000004 64.500000000000014 184.50000000000003 184.50000000000003 192.50000000000003 184.50000000000003 64.500000000000014 900.00000000000011 31.500000000000004 435.00000000000006 435.00000000000006 750.00000000000011 750.00000000000011 435.00000000000006 128.50000000000003 33195.500000000007 1357.5000000000002 5400.0000000000009 128.50000000000003 435.00000000000006 33.500000000000007 128.50000000000003 65.500000000000014 435.00000000000006
decision_type=2 2 2 2 2 2 2 2 2 2 2 2 2 2 2 2 2 2 2 2 2 2 2 2 2 2 2 2 2 2
left_child=2 6 5 11 9 12 23 14 15 18 -6 20 26 28 29 24 -10 -11 -3 -9 -4 -15 -12 -2 -5 -16 -1 -17 -8 -7
right_child=1 4 3 8 10 7 13 19 16 17 22 -13 -14 21 25 27 -18 -19 -20 -21 -22 -23 -24 -25 -26 -27 -28 -29 -30 -31
leaf_value=0.019466679870098268 -0.058814577419976678 0.019031640920746194 0.074204632971021867 0.036257506509621944 -0.013329579674365311 -0.018718535080552101 -0.03160286020424407 0.031532011760605709 0.083017831339555634 0.040445343875885012 0.011382851191667905 0.11987568565777369 0.068970868047678255 -0.03959532087924434 0.0027404597857114401 0.012919182523533149 0.058904752544328282 0.024562305085330843 0.00091099383166576254 0.0069787127071841886 0.098595835930771314 -0.030477549836442276 5.8434823622748429e-05 -0.048512092034550425 0.060771244764328006 -0.017754004136831671 0.040633776539661853 0.036815264564688491 -0.015450758192762364 -0.040536742925643923
leaf_weight=53 207 89 45 30 521 45 59 72 102 125 203 112 53 408 71 27 102 247 195 56 72 370 318 376 83 54 61 93 201 50
leaf_count=53 207 89 45 30 521 45 59 72 102 125 203 112 53 408 71 27 102 247 195 56 72 370 318 376 83 54 61 93 201 50
internal_value=2.27679e-10 -0.016402 0.0460951 0.0724394 0.0049344 0.0120265 -0.038752 -0.00279368 0.0557906 0.019808 -0.00442938 0.10421 0.0429093 -0.0312156 -0.0165151 0.0425081 0.0709613 0.0298993 0.00658965 0.0207899 0.0892146 -0.0352591 0.00447083 -0.0521701 0.0542632 -0.00611315 0.0307929 0.0314386 -0.019116 -0.0302018
internal_weight=4500 3319 1181 666 1698 515 1621 348 437 656 1042 229 167 1038 220 233 204 372 284 128 117 778 521 583 113 125 114 120 260 95
internal_count=4500 3319 1181 666 1698 515 1621 348 437 656 1042 229 167 1038 220 233 204 372 284 128 117 778 521 583 113 125 114 120 260 95
is_linear=0
shrinkage=0.1


Tree=4
num_leaves=31
num_cat=0
split_feature=0 1 2 0 0 0 1 1 1 1 1 1 1 0 0 0 2 0 2 0 0 1 0 1 0 1 2 0 0 0
split_gain=275.581 128.201 85.8571 28.5348 19.5204 19.0925 13.4275 9.12164 9.08142 7.20173 4.49639 4.35741 4.27144 4.12982 2.91465 2.72774 2.58909 2.20016 2.0223 1.53821 1.44186 1.33448 1.18479 1.1836 1.09992 1.05161 1.03589 1.02807 0.767803 0.721306
threshold=592.50000000000011 128.50000000000003 40763.000000000007 285.00000000000006 900.00000000000011 285.00000000000006 57.500000000000007 64.500000000000014 192.50000000000003 192.50000000000003 192.50000000000003 184.50000000000003 64.500000000000014 750.00000000000011 1200.0000000000002 435.00000000000006 9649.0000000000018 435.00000000000006 9649.0000000000018 435.00000000000006 1200.0000000000002 128.50000000000003 1200.0000000000002 128.50000000000003 435.00000000000006 128.50000000000003 11426.000000000002 1050.0000000000002 750.00000000000011 435.00000000000006
decision_type=2 2 2 2 2 2 2 2 2 2 2 2 2 2 2 2 2 2 2 2 2 2 2 2 2 2 2 2 2 2
left_child=2 6 5 11 10 12 18 16 20 15 28 21 26 -8 -10 23 29 -11 -2 -9 -6 -4 -15 -5 -18 -17 -1 -20 -3 -7
right_child=1 4 3 9 8 7 13 19 14 17 -12 -13 -14 22 -16 25 24 -19 27 -21 -22 -23 -24 -25 -26 -27 -28 -29 -30 -31
leaf_value=0.017487049253464167 -0.050461435438233088 0.018152712791595818 0.066784170601103046 0.032631755967934932 -0.0037519078197423904 -0.018642876510109221 -0.0084978330416858872 0.028378809822930229 0.015983482029870016 0.07636051256578047 0.032548992130491471 0.10788811870983668 0.062073782142603173 -0.024687818689885257 0.0017030112028222936 0.011627264265660887 0.00085821491414623586 0.054430520696484519 -0.033357339742637819 0.0062808414372349424 -0.013804384105084534 0.08873625016874738 -0.032560435144159884 0.055445127696432964 -0.017005514825383823 0.033798893215586844 0.036599035927506747 -0.044010907045360342 0.0060292568437538101 -0.037878799777139316
leaf_weight=53 347 106 45 30 218 35 110 72 218 91 225 112 53 334 415 27 81 92 147 56 413 72 447 94 60 103 61 236 103 44
leaf_count=53 347 106 45 30 218 35 110 72 218 91 225 112 53 334 415 27 81 92 147 56 413 72 447 94 60 103 61 236 103 44
internal_value=-1.27046e-10 -0.0147618 0.0414856 0.0651955 0.00444096 0.0108239 -0.0348768 -0.00251432 -0.00184175 0.0502115 0.022739 0.0937894 0.0386184 -0.0266386 0.00662109 0.039315 -0.0148636 0.0653356 -0.0449318 0.0187109 -0.0103314 0.0802931 -0.0291937 0.0499258 -0.00674337 0.029194 0.0277136 -0.0399219 0.012178 -0.0293566
internal_weight=4500 3319 1181 666 1698 515 1621 348 1264 437 434 229 167 891 633 254 220 183 730 128 631 117 781 124 141 130 114 383 209 79
internal_count=4500 3319 1181 666 1698 515 1621 348 1264 437 434 229 167 891 633 254 220 183 730 128 631 117 781 124 141 130 114 383 209 79
is_linear=0
shrinkage=0.1


Tree=5
num_leaves=31
num_cat=0
split_feature=0 1 2 0 0 0 1 1 1 1 1 1 1 0 0 1 2 0 0 1 0 0 0 1 0 1 1 0 0 0
split_gain=223.221 103.842 69.5443 23.1132 15.8116 15.4649 11.0768 7.39761 7.38853 5.83486 3.64207 3.62474 3.45987 3.18364 2.5122 2.12999 2.12209 1.98842 1.94566 1.27377 1.24595 1.19045 0.92918 0.862221 0.847234 0.846224 0.778572 0.756109 0.731282 0.718122
threshold=592.50000000000011 128.50000000000003 40763.000000000007 285.00000000000006 900.00000000000011 285.00000000000006 64.500000000000014 188.50000000000003 64.500000000000014 184.50000000000003 192.50000000000003 193.50000000000003 64.500000000000014 750.00000000000011 1357.5000000000002 31.500000000000004 11426.000000000002 435.00000000000006 435.00000000000006 128.50000000000003 435.00000000000006 1357.5000000000002 1200.0000000000002 128.50000000000003 435.00000000000006 33.500000000000007 128.50000000000003 900.00000000000011 435.00000000000006 750.00000000000011
decision_type=2 2 2 2 2 2 2 2 2 2 2 2 2 2 2 2 2 2 2 2 2 2 2 2 2 2 2 2 2 2
left_child=2 6 5 11 10 12 16 21 15 17 -3 19 25 -8 -9 28 -2 23 -11 -4 -10 -6 -15 -5 -17 -1 -19 -18 -7 -12
right_child=1 4 3 9 7 8 13 14 20 18 29 -13 -14 22 -16 24 27 26 -20 -21 -22 -23 -24 -25 -26 -27 -28 -29 -30 -31
leaf_value=0.015699185748180411 -0.044679701000379178 0.010960195687739848 0.060105751487943865 0.029368580480416618 -0.005239326695640931 -0.015415751338005067 -0.0067306290698455166 0.011826187859448355 0.025540928956535126 0.067305554478776217 0.035174250823480115 0.099352534570192039 0.055866405424082055 -0.021262363297086098 -0.00045863728799024387 0.0023805922777785488 -0.026881278358926675 0.010464538081928536 0.047773496309916182 0.080749892920590524 0.0056527573083128245 -0.014163025178361772 -0.028627675377817227 0.049149606852646334 -0.014239397865754587 0.032973157919821194 0.029753848846240712 -0.036923400358474759 -0.032987414836883548 0.02386625727527162
leaf_weight=53 409 209 45 30 297 45 104 328 72 102 108 95 53 299 338 71 99 27 102 89 56 301 401 83 54 61 93 309 50 117
leaf_count=53 409 209 45 30 297 45 104 328 72 102 108 95 53 299 338 71 99 27 102 89 56 301 401 83 54 61 93 309 50 117
internal_value=1.38441e-10 -0.0132856 0.037337 0.0586759 0.00399686 0.00974147 -0.0313891 -0.00165758 -0.00226288 0.0451904 0.0204651 0.0844104 0.0347565 -0.0230561 0.00559155 -0.0133772 -0.0395894 0.0343782 0.0575395 0.0738172 0.0168399 -0.00973102 -0.0254816 0.043898 -0.00479924 0.0249423 0.0254138 -0.0344867 -0.024664 0.0292941
internal_weight=4500 3319 1181 666 1698 515 1621 1264 348 437 434 229 167 804 666 220 817 233 204 134 128 598 700 113 125 114 120 408 95 225
internal_count=4500 3319 1181 666 1698 515 1621 1264 348 437 434 229 167 804 666 220 817 233 204 134 128 598 700 113 125 114 120 408 95 225
is_linear=0
shrinkage=0.1


Tree=6
num_leaves=31
num_cat=0
split_feature=0 1 2 0 0 0 1 1 1 1 1 1 1 0 2 0 1 0 0 0 0 1 0 0 1 2 1 2 0 0
split_gain=180.809 84.1124 56.3309 18.7217 13.0163 12.5266 8.97222 5.98471 4.85597 4.82711 4.40133 2.93604 2.80249 2.59428 1.82874 1.78579 1.74703 1.44686 1.20615 1.1532 1.03268 1.03175 1.00922 0.887441 0.76506 0.693711 0.681652 0.652122 0.648129 0.620553
threshold=592.50000000000011 128.50000000000003 40763.000000000007 285.00000000000006 1050.0000000000002 285.00000000000006 64.500000000000014 64.500000000000014 184.50000000000003 192.50000000000003 184.50000000000003 193.50000000000003 64.500000000000014 900.00000000000011 6154.5000000000009 435.00000000000006 33.500000000000007 435.00000000000006 750.00000000000011 750.00000000000011 1515.0000000000002 128.50000000000003 435.00000000000006 435.00000000000006 128.50000000000003 11085.500000000002 128.50000000000003 40307.500000000007 1050.0000000000002 1050.0000000000002
decision_type=2 2 2 2 2 2 2 2 2 2 2 2 2 2 2 2 2 2 2 2 2 2 2 2 2 2 2 2 2 2
left_child=2 6 5 11 8 12 16 14 19 15 -6 21 25 -8 -7 24 28 -11 -10 -3 -12 -4 -9 -16 -5 -1 -17 -15 -2 -18
right_child=1 4 3 9 10 7 13 22 18 17 20 -13 -14 27 23 26 29 -19 -20 -21 -22 -23 -24 -25 -26 -27 -28 -29 -30 -31
leaf_value=0.013777986614435328 -0.035322798822803057 0.014217186007606851 0.054095177385542127 0.026431721895933152 -0.010645949756441266 -0.027276806726024068 -0.010976587499095027 0.02298683656586541 0.030153587079048156 0.061993903707671952 0.0060395129866308364 0.089417282029202114 0.050279763397180814 -0.026205746716246755 -4.6511122779050784e-05 0.009418083948117717 -0.02544533566704818 0.044210121035575867 0.018098560259168447 0.0004799388442860128 -0.0024977521905592379 0.072674900025464173 0.0050874817060373194 -0.014963368525807286 0.044773192798837708 0.029466669379718719 0.027268671179280696 -0.019014166705310347 -0.043238963543200032 -0.033772853419425028
leaf_weight=51 174 89 45 30 461 58 203 72 125 91 336 95 53 421 91 27 140 92 247 195 245 89 56 71 94 63 103 180 255 248
leaf_count=51 174 89 45 30 461 58 203 72 125 91 336 95 53 421 91 27 140 92 247 195 245 89 56 71 94 63 103 180 255 248
internal_value=1.72773e-10 -0.0119571 0.0336033 0.0528083 0.00359718 0.00876732 -0.0282502 -0.0020366 0.0146318 0.0406713 -0.00334977 0.0759694 0.0312809 -0.0207505 -0.0120395 0.0317504 -0.0356305 0.0530534 0.0221493 0.00478492 0.00243946 0.0664354 0.0151559 -0.00658415 0.0403357 0.022448 0.0235612 -0.0240519 -0.0400282 -0.0307681
internal_weight=4500 3319 1181 666 1698 515 1621 348 656 437 1042 229 167 804 220 254 817 183 372 284 581 134 128 162 124 114 130 601 429 388
internal_count=4500 3319 1181 666 1698 515 1621 348 656 437 1042 229 167 804 220 254 817 183 372 284 581 134 128 162 124 114 130 601 429 388
is_linear=0
shrinkage=0.1


Tree=7
num_leaves=31
num_cat=0
split_feature=0 1 2 0 2 0 0 1 2 1 0 0 1 0 1 0 0 0 2 0 1 1 1 1 1 0 1 0 0 1
split_gain=146.463 82.3461 32.6671 21.9867 8.51506 6.36183 5.96709 5.55588 5.06713 3.93394 2.65086 2.20164 2.11293 1.72938 1.72714 1.68037 1.63281 1.17392 0.989943 0.934526 0.747296 0.687557 0.589662 0.583228 0.578141 0.495553 0.482553 0.47818 0.452039 0.424634
threshold=435.00000000000006 123.50000000000001 42677.000000000007 900.00000000000011 16115.500000000002 750.00000000000011 285.00000000000006 192.50000000000003 21289.500000000004 192.50000000000003 285.00000000000006 285.00000000000006 193.50000000000003 592.50000000000011 192.50000000000003 1200.0000000000002 592.50000000000011 900.00000000000011 29560.500000000004 1357.5000000000002 64.500000000000014 128.50000000000003 33.500000000000007 8.5000000000000018 8.5000000000000018 750.00000000000011 15.500000000000002 592.50000000000011 750.00000000000011 128.50000000000003
decision_type=2 2 2 2 2 2 2 2 2 2 2 2 2 2 2 2 2 2 2 2 2 2 2 2 2 2 2 2 2 2
left_child=2 4 8 9 17 20 12 19 10 13 26 -10 21 -3 29 -9 -11 23 -7 -5 -6 -4 -12 -2 -19 -15 -1 -22 -18 -8
right_child=1 3 6 7 5 18 14 15 11 16 22 -13 -14 25 -16 -17 28 24 -20 -21 27 -23 -24 -25 -26 -27 -28 -29 -30 -31
leaf_value=0.0059788544075158635 -0.036974044757730827 0.023121566488816029 0.049029323789808489 -0.004385707370037361 -0.013216198150600706 -0.026631682143535142 0.024476628786041624 0.0119790159473452 0.042873727138105194 0.039789107441902165 -0.01169970102891253 0.019699079455452018 0.080475554152538903 0.012615036873713785 0.055794514011550736 0.0011359468257476867 0.028641465527039989 -0.044898059641992727 -0.019918498159386219 -0.011817418136309054 0.0052391070878902235 0.065407412976361393 0.0030409136711286606 -0.024674794077873232 -0.035115430945683396 0.003248285830085405 0.022485669750671886 -0.0055659254365845734 0.019669774378466811 0.040220401972852732
leaf_weight=23 51 114 36 333 70 405 21 218 76 92 51 89 95 115 91 415 108 74 480 344 72 89 58 158 329 111 77 95 117 93
leaf_count=23 51 114 36 333 70 405 21 218 76 92 51 89 95 115 91 415 108 74 480 344 72 89 58 158 329 111 77 95 117 93
internal_value=3.10866e-11 -0.00838247 0.0388279 0.00562257 -0.0242694 -0.0190939 0.057796 -0.00186472 0.0172733 0.0205516 0.00693109 0.0303735 0.0692341 0.0130798 0.045521 0.00487021 0.0285654 -0.0337577 -0.0229906 -0.00816194 -0.00454296 0.0606905 -0.00385607 -0.027676 -0.0369117 0.00801455 0.0186891 -0.000907468 0.0239762 0.0373202
internal_weight=4500 3701 799 1967 1734 1122 425 1310 374 657 209 165 220 340 205 633 317 612 885 677 237 125 109 209 403 226 100 167 225 114
internal_count=4500 3701 799 1967 1734 1122 425 1310 374 657 209 165 220 340 205 633 317 612 885 677 237 125 109 209 403 226 100 167 225 114
is_linear=0
shrinkage=0.1


Tree=8
num_leaves=31
num_cat=0
split_feature=0 1 2 0 0 0 1 1 1 1 1 0 1 1 0 1 1 0 0 0 0 1 0 2 0 1 2 1 0 1
split_gain=118.894 55.5401 36.9045 12.2812 8.69201 8.15651 6.01038 4.06058 3.21062 3.20379 2.9782 2.00384 1.93243 1.90179 1.08058 0.951112 0.92288 0.886881 0.777253 0.776123 0.743127 0.73868 0.683727 0.681496 0.585636 0.534219 0.476258 0.435452 0.417215 0.400752
threshold=592.50000000000011 128.50000000000003 40763.000000000007 285.00000000000006 1050.0000000000002 285.00000000000006 47.500000000000007 40.500000000000007 177.50000000000003 184.50000000000003 180.50000000000003 750.00000000000011 181.50000000000003 64.500000000000014 435.00000000000006 64.500000000000014 98.500000000000014 435.00000000000006 750.00000000000011 1515.0000000000002 750.00000000000011 10.500000000000002 435.00000000000006 3666.5000000000005 900.00000000000011 128.50000000000003 8783.0000000000018 223.50000000000003 1200.0000000000002 128.50000000000003
decision_type=2 2 2 2 2 2 2 2 2 2 2 2 2 2 2 2 2 2 2 2 2 2 2 2 2 2 2 2 2 2
left_child=2 6 5 12 9 13 21 23 17 20 -6 -8 25 26 -10 -9 28 -5 -11 27 -3 -2 -17 -7 -23 -4 -1 -12 -13 -19
right_child=1 4 3 8 10 7 11 15 14 18 19 16 -14 -15 -16 22 -18 29 -20 -21 -22 24 -24 -25 -26 -27 -28 -29 -30 -31
leaf_value=0.0087130973254003243 -0.037254250578001039 0.011533963676081616 0.043905839059087966 0.030888000176269182 -0.0091752281888004602 -0.028708115816116334 -0.006268748010940026 -0.001117980161425396 0.047853553371551713 0.024492040157318117 0.0016882131596149372 -0.019247356559929811 0.070779008091541765 0.040964412745439785 0.034111710291888031 0.01878765444788668 -0.015728265424090695 0.0072238201620402169 0.014814853963068864 -0.0024525515113936521 0.00050643301235723842 -0.022976213470101356 0.0040548228060028387 -0.011543028690912163 -0.031120970024320183 0.057871233224868784 0.02251780346616522 0.0087399473268683862 -0.024702443538999266 0.021249158626579376
leaf_weight=37 141 89 45 98 425 30 122 89 117 125 203 246 114 53 112 72 332 27 247 260 195 120 56 101 334 70 77 154 326 83
leaf_count=37 141 89 45 98 425 30 122 89 117 125 203 246 114 53 112 72 332 27 247 260 195 120 56 101 334 70 77 154 326 83
internal_value=-2.60252e-11 -0.00969607 0.0272491 0.0427938 0.00294321 0.00714672 -0.0229357 -0.00157129 0.0329637 0.0119604 -0.00273366 -0.0182987 0.0615526 0.0253136 0.0411327 0.00682157 -0.0199222 0.0239699 0.0180666 0.0017034 0.00396224 -0.0309318 0.012342 -0.015474 -0.0289682 0.0524065 0.0180373 0.00473014 -0.0223564 0.0178066
internal_weight=4500 3319 1181 666 1698 515 1621 348 437 656 1042 1026 229 167 229 217 904 208 372 617 284 595 128 131 454 115 114 357 572 110
internal_count=4500 3319 1181 666 1698 515 1621 348 437 656 1042 1026 229 167 229 217 904 208 372 617 284 595 128 131 454 115 114 357 572 110
is_linear=0
shrinkage=0.1


Tree=9
num_leaves=31
num_cat=0
split_feature=0 1 2 0 1 0 0 2 2 1 0 0 1 1 0 0 0 0 0 2 2 1 1 1 1 0 2 1 0 1
split_gain=96.5398 54.3597 21.2889 14.5377 6.06308 4.38996 3.90026 3.58196 3.25574 2.40201 1.63931 1.45765 1.43584 1.18728 1.07619 1.06427 1.05885 0.965985 0.773002 0.701374 0.468768 0.437736 0.43111 0.381044 0.376556 0.366793 0.346506 0.321312 0.2954 0.287263
threshold=435.00000000000006 126.50000000000001 42677.000000000007 900.00000000000011 47.500000000000007 750.00000000000011 285.00000000000006 72783.000000000015 21289.500000000004 192.50000000000003 285.00000000000006 285.00000000000006 193.50000000000003 192.50000000000003 592.50000000000011 592.50000000000011 1357.5000000000002 1050.0000000000002 1357.5000000000002 38157.500000000007 5798.5000000000009 128.50000000000003 15.500000000000002 15.500000000000002 69.500000000000014 1200.0000000000002 6154.5000000000009 128.50000000000003 592.50000000000011 168.50000000000003
decision_type=2 2 2 2 2 2 2 2 2 2 2 2 2 2 2 2 2 2 2 2 2 2 2 2 2 2 2 2 2 2
left_child=2 4 8 9 17 24 12 18 10 14 26 -10 21 27 -3 -11 -9 20 29 25 -2 -4 -12 -19 -6 -7 -1 -8 -26 -5
right_child=1 3 6 7 5 19 13 16 11 15 22 -13 -14 -15 -16 -17 -18 23 -20 -21 -22 -23 -24 -25 28 -27 -28 -29 -30 -31
leaf_value=0.003306229060981423 -0.02768370870684014 0.019244477539150803 0.03973580863740709 -0.0051780603022139708 -0.0088762355245170042 -0.017044617655806074 0.018940164929344541 0.0085520133702339206 0.034794884527984425 0.032399025559425358 -0.015916678085923196 0.015938105970736218 0.065350094719936969 0.045429707359481646 0.0070186560722420299 0.019632577273580764 0.00018363079736162318 -0.034856488346122205 -0.0096620121198322858 -0.013648228109175084 -0.019723930067204416 0.052803987432061966 0.00033122092469731407 -0.028044105923071702 0.0049190509503602362 -0.021932733177974534 0.018022424550727011 0.032635256039199007 -0.0036871795287959606 0.00085217646024314552
leaf_weight=20 122 108 36 209 66 266 21 297 76 92 20 89 95 91 216 225 308 128 340 255 188 89 89 229 71 363 80 93 91 127
leaf_count=20 122 108 36 209 66 266 21 297 76 92 20 89 95 91 216 225 308 128 340 255 188 89 89 229 71 363 80 93 91 127
internal_value=-1.21714e-10 -0.00680551 0.0315234 0.00485427 -0.0194025 -0.0148812 0.0468358 -0.00129787 0.0141229 0.0171489 0.00583284 0.0246237 0.0560832 0.0369118 0.0110939 0.0233377 0.00429175 -0.0269404 -0.0063004 -0.0180721 -0.0228565 0.0490404 -0.00265004 -0.0304866 -0.00250926 -0.0198656 0.0150792 0.0301125 8.46869e-05 -0.00289877
internal_weight=4500 3701 799 1922 1779 1112 425 1281 374 641 209 165 220 205 324 317 605 667 676 884 310 125 109 357 228 629 100 114 162 336
internal_count=4500 3701 799 1922 1779 1112 425 1281 374 641 209 165 220 205 324 317 605 667 676 884 310 125 109 357 228 629 100 114 162 336
is_linear=0
shrinkage=0.1


Tree=10
num_leaves=31
num_cat=0
split_feature=0 1 2 0 0 0 2 1 1 1 2 1 0 2 1 0 0 1 0 0 0 2 0 1 1 0 0 1 0 1
split_gain=78.2297 36.5819 24.1886 8.82047 5.82603 4.79876 4.17551 2.69479 2.14419 2.05635 2.04284 1.54509 1.3055 0.960463 0.811157 0.747097 0.633647 0.614212 0.565478 0.538718 0.52573 0.462556 0.45603 0.377161 0.37178 0.360046 0.334492 0.332725 0.31345 0.286782
threshold=592.50000000000011 128.50000000000003 34116.000000000007 285.00000000000006 1050.0000000000002 285.00000000000006 23579.500000000004 174.50000000000003 184.50000000000003 40.500000000000007 66791.000000000015 175.50000000000003 1050.0000000000002 16428.500000000004 15.500000000000002 435.00000000000006 435.00000000000006 227.50000000000003 750.00000000000011 750.00000000000011 435.00000000000006 3666.5000000000005 900.00000000000011 128.50000000000003 128.50000000000003 750.00000000000011 1515.0000000000002 128.50000000000003 1515.0000000000002 64.500000000000014
decision_type=2 2 2 2 2 2 2 2 2 2 2 2 2 2 2 2 2 2 2 2 2 2 2 2 2 2 2 2 2 2
left_child=2 6 5 11 8 13 14 16 19 21 26 23 25 -1 -2 -9 24 28 -10 -3 29 -7 -16 -4 -5 -8 -6 -18 -12 -11
right_child=1 4 3 7 10 9 12 15 18 20 17 -13 -14 -15 22 -17 27 -19 -20 -21 -22 -23 -24 -25 -26 -27 -28 -29 -30 -31
leaf_value=0.010893986688154798 -0.028972829836157135 0.009678701637835985 0.035581427908712819 0.017106812911213572 -0.005349287506937233 -0.023421943485736847 -0.0034320086475904329 0.038518122742410565 0.020251127505302433 0.0035415469321842287 0.0014435792259704647 0.056995223661263784 -0.016620567447652165 0.026899264088353598 -0.017044790324411894 0.027357894939891367 0.0059984391893852847 0.0054699383404753776 0.011996914536469741 0.00028952358296523107 -0.00220247362188499 -0.0092804155902623548 -0.023376546790246415 0.04652509479783476 0.028471668892436561 -0.010750535166641671 -0.011123686164085355 0.016899373662936226 -0.0042379634790555686 0.014254088532559725
leaf_weight=76 212 89 62 53 249 30 101 122 125 51 223 120 503 74 152 118 44 230 247 195 77 101 452 64 63 201 168 77 172 49
leaf_count=76 212 89 62 53 249 30 101 122 125 51 223 120 503 74 152 118 44 230 247 195 77 101 452 64 63 201 168 77 172 49
internal_value=1.1849e-11 -0.00786504 0.0221034 0.0334939 0.0023927 0.00412224 -0.01861 0.0255618 0.00977514 -0.00302111 -0.00225497 0.0488743 -0.0135002 0.0187899 -0.023651 0.033031 0.0179981 0.00136172 0.0147705 0.00323191 0.00400835 -0.0125189 -0.0217831 0.0411401 0.0232791 -0.00830295 -0.00767566 0.0129354 -0.00103041 0.00879069
internal_weight=4500 3319 1181 723 1698 458 1621 477 656 308 1042 246 805 150 816 240 237 625 372 284 177 131 604 126 116 302 417 121 395 100
internal_count=4500 3319 1181 723 1698 458 1621 477 656 308 1042 246 805 150 816 240 237 625 372 284 177 131 604 126 116 302 417 121 395 100
is_linear=0
shrinkage=0.1


Tree=11
num_leaves=31
num_cat=0
split_feature=0 1 1 0 2 1 1 0 0 1 0 0 0 0 0 0 1 1 0 0 2 1 1 1 1 2 2 0 0 0
split_gain=63.5129 35.8664 13.9072 9.82654 3.66789 2.96953 2.672 2.59529 2.50454 1.91327 1.37569 1.24648 0.939721 0.702677 0.699494 0.592824 0.570557 0.569295 0.487225 0.422908 0.413015 0.341536 0.297128 0.286982 0.267265 0.241207 0.231852 0.221584 0.218461 0.216042
threshold=435.00000000000006 120.50000000000001 126.50000000000001 900.00000000000011 16115.500000000002 64.500000000000014 177.50000000000003 750.00000000000011 285.00000000000006 192.50000000000003 285.00000000000006 285.00000000000006 1200.0000000000002 592.50000000000011 592.50000000000011 1200.0000000000002 193.50000000000003 193.50000000000003 1200.0000000000002 1200.0000000000002 83565.000000000015 64.500000000000014 15.500000000000002 15.500000000000002 8.5000000000000018 83296.000000000015 28176.500000000004 750.00000000000011 750.00000000000011 750.00000000000011
decision_type=2 2 2 2 2 2 2 2 2 2 2 2 2 2 2 2 2 2 2 2 2 2 2 2 2 2 2 2 2 2
left_child=2 4 5 9 15 11 19 21 17 13 -7 22 25 -3 -11 24 -10 -4 -9 -5 -14 -6 -1 -13 -2 -8 -20 -16 -26 -15
right_child=1 3 8 6 7 10 12 18 16 14 -12 23 20 29 27 -17 -18 -19 26 -21 -22 -23 -24 -25 28 -27 -28 -29 -30 -31
leaf_value=0.0027057367417475456 -0.025265422589342359 0.014658693824815799 0.04213880890227379 -0.0029015753599773708 -0.0090457936216677953 0.031013681619398055 0.0047668588907792773 -0.012479152632674771 0.026075482201211309 0.026423335075378418 0.014076057460271952 -0.012760600075125694 -0.0023032088070493368 0.0081557085586246112 0.019339744953645599 -0.026088573279108591 0.03710341380702125 0.053115562388771458 -0.019774321036439547 -0.008645338574754283 0.0035869485093859704 -0.00065490486875067382 0.015427272717703831 0.00040696312413880762 -0.014753245777235583 0.010947917753430172 -0.015393089732709326 0.013058363104987349 -0.020492895297665417 0.0020766892744735776
leaf_weight=23 71 118 94 197 70 93 154 368 98 92 99 20 316 120 108 254 90 95 213 367 191 158 91 96 104 107 279 117 183 114
leaf_count=23 71 118 94 197 70 93 154 368 98 92 99 20 316 120 108 254 90 95 213 367 191 158 91 96 104 107 279 117 183 114
internal_value=9.4733e-11 -0.00552 0.0255688 0.00355372 -0.0162003 0.013099 -0.00141264 -0.0127166 0.0395271 0.0134419 0.0222802 0.00543465 0.00242554 0.00836691 0.0190772 -0.0223936 0.0313548 0.0476562 -0.0152313 -0.0066391 -8.42344e-05 -0.00323105 0.0128606 -0.00186331 -0.019772 0.00730086 -0.0172898 0.0160734 -0.018413 0.00519414
internal_weight=4500 3701 799 2001 1700 422 1332 1088 377 669 192 230 768 352 317 612 188 189 860 564 507 228 114 116 358 261 492 225 287 234
internal_count=4500 3701 799 2001 1700 422 1332 1088 377 669 192 230 768 352 317 612 188 189 860 564 507 228 114 116 358 261 492 225 287 234
is_linear=0
shrinkage=0.1


Tree=12
num_leaves=31
num_cat=0
split_feature=0 1 2 0 0 0 2 2 2 2 1 1 0 0 2 2 0 0 0 1 0 0 1 1 1 1 0 1 2 0
split_gain=51.5424 24.209 15.9015 6.04558 3.88867 2.95504 2.77385 2.0101 1.9026 1.19017 1.10472 0.879459 0.854441 0.595049 0.583681 0.564434 0.522761 0.455611 0.37316 0.354685 0.324744 0.31025 0.254942 0.244465 0.230336 0.210114 0.1987 0.19499 0.180041 0.179483
threshold=592.50000000000011 128.50000000000003 31914.500000000004 285.00000000000006 900.00000000000011 285.00000000000006 23579.500000000004 61197.500000000007 74771.000000000015 12897.500000000002 193.50000000000003 192.50000000000003 1050.0000000000002 1357.5000000000002 6154.5000000000009 15098.000000000002 435.00000000000006 1515.0000000000002 435.00000000000006 128.50000000000003 435.00000000000006 1200.0000000000002 168.50000000000003 9.5000000000000018 209.50000000000003 128.50000000000003 750.00000000000011 128.50000000000003 40307.500000000007 750.00000000000011
decision_type=2 2 2 2 2 2 2 2 2 2 2 2 2 2 2 2 2 2 2 2 2 2 2 2 2 2 2 2 2 2
left_child=2 6 5 10 11 15 14 18 17 23 19 -3 26 -10 -2 -1 24 22 25 -4 -11 -16 -6 -7 -9 -5 -8 -20 -14 -13
right_child=1 4 3 7 8 9 12 16 13 20 -12 29 28 -15 21 -17 -18 -19 27 -21 -22 -23 -24 -25 -26 -27 -28 -29 -30 -31
leaf_value=0.0076469225308039429 -0.023528779389565452 0.0054568395206081449 0.028848815262317657 0.01379697396205022 -0.0044315100531359319 -0.018964615392108117 -0.00313713673708527 0.026415524631738664 0.0068818344440585814 0.0055877245799638335 0.047804007216503748 0.017405769477287929 -0.014700409726061847 0.00031490570352707761 -0.015385681137587259 0.020287649882467174 0.021639676267902058 -0.0078071876250517874 0.0048380237789108207 0.038363094544142821 -0.0029902275939784426 -0.019985735453798781 0.0002780874777612314 -0.0084669220603805478 0.034587301752146554 0.022573675817631662 -0.0085739346916106213 0.013111407960218098 -0.010540480151468395 0.011752526665854659
leaf_weight=66 228 209 70 65 274 31 101 70 273 100 95 108 356 279 309 76 132 240 52 89 79 279 198 78 68 47 201 63 147 117
leaf_count=66 228 209 70 65 274 31 101 70 273 100 95 108 356 279 309 76 132 240 52 89 79 279 198 78 68 47 201 63 147 117
internal_value=3.73342e-11 -0.00638407 0.0179413 0.0267216 0.00196057 0.00260646 -0.0151251 0.0203075 -0.00084359 -0.00321451 0.0392721 0.0101275 -0.0109603 0.00356268 -0.0192338 0.0144124 0.0261387 -0.00425969 0.0133716 0.0341744 0.00180192 -0.0175684 -0.00245587 -0.0114525 0.0304422 0.0174801 -0.00675567 0.0093704 -0.0134847 0.0144661
internal_weight=4500 3319 1181 751 1698 430 1621 497 1264 288 254 434 805 552 816 142 270 712 227 159 179 588 472 109 138 112 302 115 503 225
internal_count=4500 3319 1181 751 1698 430 1621 497 1264 288 254 434 805 552 816 142 270 712 227 159 179 588 472 109 138 112 302 115 503 225
is_linear=0
shrinkage=0.1


Tree=13
num_leaves=31
num_cat=0
split_feature=0 1 1 0 1 1 2 0 0 1 0 0 0 0 1 1 0 0 0 0 2 1 1 2 1 2 1 1 0 2
split_gain=41.7827 23.683 9.08325 6.50529 2.30277 2.0164 1.97727 1.67949 1.64383 1.47048 0.898669 0.795509 0.642853 0.55124 0.387307 0.372944 0.354758 0.34875 0.33945 0.322279 0.307924 0.255455 0.244114 0.224354 0.192471 0.182094 0.180847 0.158178 0.15598 0.146019
threshold=435.00000000000006 115.50000000000001 126.50000000000001 900.00000000000011 37.500000000000007 64.500000000000014 65774.000000000015 750.00000000000011 285.00000000000006 169.50000000000003 285.00000000000006 285.00000000000006 1200.0000000000002 592.50000000000011 192.50000000000003 193.50000000000003 750.00000000000011 1200.0000000000002 1357.5000000000002 1200.0000000000002 86141.000000000015 220.50000000000003 60.500000000000007 6154.5000000000009 231.50000000000003 14268.000000000002 92.500000000000014 8.5000000000000018 592.50000000000011 76936.500000000015
decision_type=2 2 2 2 2 2 2 2 2 2 2 2 2 2 2 2 2 2 2 2 2 2 2 2 2 2 2 2 2 2
left_child=2 4 5 9 17 11 19 22 15 16 -7 23 24 29 -10 -4 -3 -2 26 -5 -14 -15 -6 -1 -8 -13 -9 -19 -24 -11
right_child=1 3 8 6 7 10 12 18 14 13 -12 25 20 21 -16 -17 -18 27 -20 -21 -22 -23 28 -25 -26 -27 -28 -29 -30 -31
leaf_value=0.0006601184699684382 -0.016616401003946544 0.0073956462408243098 0.034139225584395388 -0.0025453511221316476 -0.0076876478397753098 0.025285187940443717 0.00407124165508545 -0.012337054378826526 0.02100212015595633 0.016179896623361858 0.011595564139912827 -0.0051826005758372172 -0.0017113631462652248 0.0094067922395685427 0.030084511310189632 0.043023607417156828 -0.00033763360634506888 -0.026489485303560895 -0.015114538240319671 -0.0074999958124632648 0.0035869838043329585 0.015361902210091758 0.0027920867425784697 0.012323931858260582 0.0098069138868257071 0.0027603944185776294 -0.0081712324438350543 -0.020285565293459006 -0.0036874166600104862 0.022858925052543187
leaf_weight=20 314 167 94 202 80 93 183 358 97 64 99 62 364 178 91 95 92 54 369 375 157 121 66 94 86 54 147 172 85 67
leaf_count=20 314 167 94 202 80 93 183 358 97 64 99 62 364 178 91 95 92 54 369 375 157 121 66 94 86 54 147 172 85 67
internal_value=5.40098e-11 -0.0044772 0.0207385 0.00267814 -0.0134203 0.0106608 -0.00131529 -0.0108048 0.0320192 0.0106013 0.0182265 0.00434518 0.001935 0.0141867 0.0253984 0.0386049 0.00464869 -0.0187724 -0.012809 -0.00576544 -0.00011474 0.0118167 -0.00322149 0.0102776 0.00590495 -0.001485 -0.0111244 -0.0217679 -0.000855316 0.0195959
internal_weight=4500 3701 799 2056 1645 422 1367 1105 377 689 192 230 790 430 188 189 259 540 874 577 521 299 231 114 269 116 505 226 151 131
internal_count=4500 3701 799 2056 1645 422 1367 1105 377 689 192 230 790 430 188 189 259 540 874 577 521 299 231 114 269 116 505 226 151 131
is_linear=0
shrinkage=0.1


Tree=14
num_leaves=31
num_cat=0
split_feature=0 1 2 0 0 0 2 2 1 1 1 1 0 2 1 1 1 0 0 0 0 2 0 0 0 0 0 1 1 1
split_gain=33.9773 16.0023 10.4669 3.94227 2.6063 1.92229 1.87872 1.3327 0.981469 0.92003 0.794432 0.742615 0.610152 0.395068 0.366444 0.361994 0.357431 0.301308 0.278418 0.27356 0.263934 0.232228 0.23094 0.205279 0.181387 0.156191 0.155014 0.146374 0.135397 0.134082
threshold=592.50000000000011 128.50000000000003 31914.500000000004 285.00000000000006 1050.0000000000002 285.00000000000006 22386.500000000004 69528.000000000015 192.50000000000003 170.50000000000003 40.500000000000007 166.50000000000003 1050.0000000000002 13622.500000000002 8.5000000000000018 227.50000000000003 128.50000000000003 750.00000000000011 435.00000000000006 900.00000000000011 750.00000000000011 4715.0000000000009 435.00000000000006 1515.0000000000002 435.00000000000006 1515.0000000000002 435.00000000000006 101.50000000000001 105.50000000000001 128.50000000000003
decision_type=2 2 2 2 2 2 2 2 2 2 2 2 2 2 2 2 2 2 2 2 2 2 2 2 2 2 2 2 2 2
left_child=2 6 5 11 8 13 14 16 17 25 21 29 27 -1 -2 23 26 -3 -9 -16 -10 -7 -18 -11 -12 -6 -5 -8 -14 -4
right_child=1 4 3 7 9 10 12 18 20 15 24 -13 28 -15 19 -17 22 -19 -20 -21 -22 -23 -24 -25 -26 -27 -28 -29 -30 -31
leaf_value=0.0054811777578045928 -0.021300954371690752 0.0069197041366934643 0.023372171797922683 0.011214305552152488 -0.00397604029916971 -0.014905873421383532 -0.0074374216097239099 0.026515200084978992 0.014377132403077903 0.00082744214310401091 0.0052379252987024803 0.037064659936737472 -0.012208600214723012 0.016159366371064653 -0.011548722707308256 0.0038404968885120266 0.018887655889349327 0.00039504730284619565 0.019052683810393017 -0.016220702794716529 0.0083801429987148939 -0.0056277517790115014 0.011707878795762856 -0.0034173426455650158 -0.0016104438977482208 -0.0083015416541116702 0.0038890997556826241 -0.0030874771149846407 -0.0088232340697927038 0.030039484602100448
leaf_weight=60 108 106 70 65 209 38 183 101 108 263 88 131 368 82 169 230 84 213 99 485 229 93 96 201 69 139 52 134 174 53
leaf_count=60 108 106 70 65 209 38 183 101 108 263 88 131 368 82 169 230 84 213 99 485 229 93 96 201 69 139 52 134 174 53
internal_value=-9.30951e-12 -0.00518334 0.0145669 0.0216905 0.00160103 0.00212547 -0.01229 0.0165109 0.00653875 -0.00150754 -0.0025694 0.0318253 -0.00908356 0.0116475 -0.0159046 0.000596608 0.0122616 0.00256312 0.0228213 -0.0150134 0.010302 -0.00831912 0.0150584 -0.00101135 0.00222813 -0.00570375 0.00795866 -0.00559864 -0.0111218 0.0262451
internal_weight=4500 3319 1181 751 1698 430 1621 497 656 1042 288 254 859 142 762 694 297 319 200 654 337 131 180 464 157 348 117 317 542 123
internal_count=4500 3319 1181 751 1698 430 1621 497 656 1042 288 254 859 142 762 694 297 319 200 654 337 131 180 464 157 348 117 317 542 123
is_linear=0
shrinkage=0.1


Tree=15
num_leaves=31
num_cat=0
split_feature=0 1 2 0 0 1 0 1 2 2 2 0 1 1 0 0 1 2 0 0 0 2 1 0 1 0 0 2 0 2
split_gain=27.5216 12.9618 8.49918 3.41694 2.1564 1.54241 1.43216 1.24389 1.02923 0.672168 0.618318 0.542897 0.493412 0.374893 0.330667 0.277665 0.238866 0.23398 0.225554 0.216869 0.210248 0.18982 0.189259 0.163917 0.161577 0.156544 0.147879 0.144695 0.0970054 0.0936794
threshold=592.50000000000011 128.50000000000003 28176.500000000004 285.00000000000006 1200.0000000000002 43.500000000000007 285.00000000000006 192.50000000000003 70338.500000000015 68023.000000000015 68399.000000000015 900.00000000000011 31.500000000000004 128.50000000000003 750.00000000000011 750.00000000000011 35.500000000000007 33441.000000000007 1357.5000000000002 435.00000000000006 435.00000000000006 35702.000000000007 235.50000000000003 435.00000000000006 128.50000000000003 435.00000000000006 435.00000000000006 83565.000000000015 1357.5000000000002 2477.5000000000005
decision_type=2 2 2 2 2 2 2 2 2 2 2 2 2 2 2 2 2 2 2 2 2 2 2 2 2 2 2 2 2 2
left_child=2 5 6 9 8 18 16 13 15 24 -6 21 25 23 -10 -3 -1 28 -2 -15 -9 -7 -12 -5 -4 -8 -14 -16 -13 -20
right_child=1 4 3 7 10 11 12 20 14 -11 22 17 26 19 27 -17 -18 -19 29 -21 -22 -23 -24 -25 -26 -27 -28 -29 -30 -31
leaf_value=0.004535654397385026 -0.013938749284389313 0.0058869732900199536 0.02098329832277647 0.010029723182504561 -0.0054055158065977084 -0.0071918599442256708 -0.0047796624422901217 0.024449686051070035 0.012764428125630166 0.034223819154876843 -0.0010962332017737234 -0.010258855604855665 0.0026543409842301833 0.017161882613250551 0.004719226348258436 -0.0002219646899408245 0.013212002754211428 -0.0082624226235226833 -0.022816531939638986 0.010519104472641807 0.017670511972645058 -0.0017886518966406585 0.0033648621170396763 0.0033161053645678544 0.027451548347734424 -0.012909639418125153 -0.0034203518013155064 0.008817623886016179 -0.013193261160698112 -0.017136095970869066
leaf_weight=55 356 98 82 81 350 159 45 91 116 111 347 232 92 94 188 309 75 359 36 103 92 110 131 66 73 50 71 159 219 150
leaf_count=55 356 98 82 81 350 159 45 91 116 111 347 232 92 94 188 309 75 359 36 103 92 110 131 66 73 50 71 159 219 150
internal_value=1.39886e-11 -0.004665 0.0131102 0.0190441 0.00144093 -0.011061 0.000982342 0.0143806 0.0049175 0.0282836 -0.00221199 -0.00887474 -0.00333028 0.0108371 0.00814231 0.00124898 0.00954124 -0.0101674 -0.0154133 0.0136888 0.0210416 -0.00498237 0.000126368 0.00701545 0.0240296 -0.0090586 8.30916e-06 0.00659717 -0.0116838 -0.0182355
internal_weight=4500 3319 1181 793 1698 1621 388 527 870 266 828 1079 258 344 463 407 130 810 542 197 183 269 478 147 155 95 163 347 451 186
internal_count=4500 3319 1181 793 1698 1621 388 527 870 266 828 1079 258 344 463 407 130 810 542 197 183 269 478 147 155 95 163 347 451 186
is_linear=0
shrinkage=0.1


Tree=16
num_leaves=31
num_cat=0
split_feature=0 1 2 0 0 1 0 2 2 1 1 0 2 0 2 0 2 0 2 1 0 2 1 0 0 1 2 0 1 0
split_gain=22.2925 10.4991 6.92181 2.83774 1.75135 1.27428 1.10449 1.08779 0.879569 0.591205 0.442191 0.412577 0.356039 0.31065 0.303579 0.247156 0.237298 0.18318 0.172718 0.170052 0.162915 0.151183 0.133676 0.127844 0.126184 0.114977 0.106351 0.10635 0.101608 0.0995382
threshold=592.50000000000011 128.50000000000003 26182.500000000004 285.00000000000006 900.00000000000011 64.500000000000014 285.00000000000006 61197.500000000007 76172.500000000015 193.50000000000003 209.50000000000003 1050.0000000000002 4715.0000000000009 1515.0000000000002 8783.0000000000018 1515.0000000000002 80399.500000000015 435.00000000000006 6154.5000000000009 128.50000000000003 435.00000000000006 61509.500000000007 161.50000000000003 1357.5000000000002 1050.0000000000002 128.50000000000003 88854.500000000015 435.00000000000006 128.50000000000003 750.00000000000011
decision_type=2 2 2 2 2 2 2 2 2 2 2 2 2 2 2 2 2 2 2 2 2 2 2 2 2 2 2 2 2 2
left_child=2 5 6 9 10 14 18 17 15 19 22 29 -8 26 24 21 27 28 -1 -4 -14 -6 -3 -16 -2 -19 -10 -9 -5 -7
right_child=1 4 3 7 8 11 12 16 13 -11 -12 -13 20 -15 23 -17 -18 25 -20 -21 -22 -23 -24 -25 -26 -27 -28 -29 -30 -31
leaf_value=-0.0004075765085872263 -0.012751254157134982 0.0016558771963900655 0.018753269222680103 0.0088853820257789491 -0.0032367239992779034 -0.0017250889199763499 -0.012423847880410522 0.017382749052424179 0.0030192244933497109 0.031613785310795436 0.010893434404961171 -0.008904249350312185 0.00065840723856344034 -0.00078838264685975089 -0.0099667004448553888 -0.0053502134132788958 0.020706175581405039 0.002885417401803736 0.0097476026079463731 0.024935017576378383 -0.0050095199598454996 0.00027280607351558425 0.0061661559324008679 -0.013307500129772557 -0.016776257831799358 0.0087543447694135093 0.0067034434664566996 0.012159046065062285 0.014611142081149081 -0.0055327943692042606
leaf_weight=20 132 112 89 91 247 104 38 76 219 95 163 498 113 181 315 251 114 71 103 89 92 244 159 180 190 63 122 80 47 202
leaf_count=20 132 112 89 91 247 104 38 76 219 95 163 498 113 181 315 251 114 71 103 89 92 244 159 180 190 63 122 80 47 202
internal_value=2.52088e-11 -0.0041985 0.0117992 0.0169295 0.00129684 -0.00995488 0.000375053 0.0127417 -0.000585029 0.0252438 0.00677767 -0.00712854 -0.00353326 0.00256002 -0.0127362 -0.00279759 0.0172382 0.00827824 0.00809635 0.0218441 -0.00188525 -0.00149268 0.00430213 -0.0111815 -0.0151263 0.00564469 0.00433733 0.0147039 0.0108355 -0.00423867
internal_weight=4500 3319 1181 815 1698 1621 366 542 1264 273 434 804 243 522 817 742 270 272 123 178 205 491 271 495 322 134 341 156 138 306
internal_count=4500 3319 1181 815 1698 1621 366 542 1264 273 434 804 243 522 817 742 270 272 123 178 205 491 271 495 322 134 341 156 138 306
is_linear=0
shrinkage=0.1


Tree=17
num_leaves=31
num_cat=0
split_feature=0 1 1 0 2 1 2 0 0 1 0 0 0 0 2 2 2 0 1 1 0 0 0 1 1 2 1 2 0 2
split_gain=18.1143 10.3213 3.91288 2.86069 1.0982 0.966385 0.908884 0.80613 0.695769 0.676433 0.394412 0.324562 0.320043 0.251092 0.217721 0.197045 0.192906 0.192351 0.18596 0.176294 0.175853 0.144396 0.123308 0.118555 0.110714 0.0895692 0.0848426 0.0794558 0.0770615 0.065364
threshold=435.00000000000006 115.50000000000001 127.50000000000001 900.00000000000011 14268.000000000002 64.500000000000014 62374.000000000007 750.00000000000011 285.00000000000006 160.50000000000003 285.00000000000006 285.00000000000006 1515.0000000000002 750.00000000000011 84963.000000000015 78974.500000000015 76172.500000000015 1515.0000000000002 5.5000000000000009 216.50000000000003 750.00000000000011 1515.0000000000002 750.00000000000011 15.500000000000002 64.500000000000014 37888.000000000007 15.500000000000002 88366.500000000015 592.50000000000011 82919.000000000015
decision_type=2 2 2 2 2 2 2 2 2 2 2 2 2 2 2 2 2 2 2 2 2 2 2 2 2 2 2 2 2 2
left_child=2 4 5 9 18 11 21 24 15 22 -7 23 14 19 -8 -4 -10 25 -2 -11 -20 -5 -3 -1 -6 -9 -13 -14 -26 -15
right_child=1 3 8 6 7 10 12 17 16 13 -12 26 27 29 -16 -17 -18 -19 20 -21 -22 -23 -24 -25 28 -27 -28 -29 -30 -31
leaf_value=7.4342270786671542e-05 -0.016924849170737149 0.0041979661160924785 0.023141894578933717 -0.0031114581592612436 -0.004703124872658674 0.016883208579138706 0.0011401413064216898 -0.0081030279048718516 0.014173396636864968 0.0088904814231985565 0.0078855255804955969 -0.0069495990965515375 -0.0023899852360500518 0.0044100776851037074 0.0053493351020002175 0.030037189491333501 0.020726610223452249 -0.010781359511818137 -0.0081825555885377578 0.013751792767253079 -0.012825560056220341 -0.0067590501849244568 -0.00077622961871844684 0.0081101038046744092 0.0025639400160270592 -0.0051541690349292298 0.00020994452152081069 0.001625747613739335 -0.002072364402565119 0.0086071798128300701
leaf_weight=23 82 135 125 333 82 95 392 496 112 192 100 20 240 103 179 62 75 248 106 122 354 161 79 91 62 130 96 62 85 58
leaf_count=23 82 135 125 333 82 95 392 496 112 192 100 20 240 103 179 62 75 248 106 122 354 161 79 91 62 130 96 62 85 58
internal_value=-1.2323e-11 -0.00294794 0.013655 0.00177573 -0.00885179 0.00709023 -0.000872463 -0.00704058 0.0211149 0.00702982 0.012269 0.00269953 0.0010672 0.00913294 0.00245966 0.025428 0.0168017 -0.00842439 -0.0125377 0.0107793 -0.0117557 -0.00430025 0.0023617 0.00648885 -0.00175914 -0.00749065 -0.00102446 -0.00156556 -0.000116916 0.00592208
internal_weight=4500 3701 799 2056 1645 425 1367 1103 374 689 195 230 873 475 571 187 187 874 542 314 460 494 214 114 229 626 116 302 147 161
internal_count=4500 3701 799 2056 1645 425 1367 1103 374 689 195 230 873 475 571 187 187 874 542 314 460 494 214 114 229 626 116 302 147 161
is_linear=0
shrinkage=0.1


Tree=18
num_leaves=31
num_cat=0
split_feature=0 2 1 0 1 0 2 0 1 1 0 0 1 1 1 2 1 0 0 1 0 0 0 0 2 0 0 1 1 0
split_gain=14.7248 6.97011 4.61437 1.94319 1.31718 0.935648 0.807727 0.666256 0.563922 0.418882 0.388282 0.257994 0.213031 0.206651 0.163272 0.142285 0.131497 0.125625 0.122492 0.113346 0.108596 0.107094 0.106829 0.105734 0.0973345 0.0794129 0.0764533 0.074684 0.0726928 0.0573317
threshold=592.50000000000011 40763.000000000007 64.500000000000014 285.00000000000006 168.50000000000003 1200.0000000000002 61509.500000000007 285.00000000000006 31.500000000000004 171.50000000000003 1200.0000000000002 900.00000000000011 232.50000000000003 8.5000000000000018 224.50000000000003 82919.000000000015 128.50000000000003 750.00000000000011 435.00000000000006 136.50000000000003 1515.0000000000002 750.00000000000011 435.00000000000006 1515.0000000000002 6154.5000000000009 750.00000000000011 435.00000000000006 219.50000000000003 128.50000000000003 750.00000000000011
decision_type=2 2 2 2 2 2 2 2 2 2 2 2 2 2 2 2 2 2 2 2 2 2 2 2 2 2 2 2 2 2
left_child=2 8 7 9 10 12 16 24 20 28 21 -10 17 -9 26 -7 22 -6 -15 -18 29 -3 -5 -13 -1 -14 -8 -11 -4 -2
right_child=1 4 3 6 5 15 14 13 11 27 -12 23 25 18 -16 -17 19 -19 -20 -21 -22 -23 -24 -25 -26 -27 -28 -29 -30 -31
leaf_value=-0.00049478951375931507 -0.0083783005480654541 0.0024712272388731234 0.015217763976174959 0.0070942522373561761 0.0071434033310247801 -0.0014977080135543052 0.014520828451874647 -0.011445051251814284 -0.004624421335953261 0.022869912181049584 -0.0050778853103958911 -0.0075875996176780454 0.01199111079176267 -6.9115574503414857e-05 0.017644352172867635 0.0018029623863880903 0.015874788023176649 0.0032052170763788045 -0.0051541637230514623 0.0077487695803667642 -0.015004135693392057 -0.0014603488819305848 0.0022626437960018642 -0.010129820439995321 0.0071877890361839551 0.007070709406282784 0.010351328485541874 0.028037491787311644 0.019614864641525707 -0.01172327917025711
leaf_weight=20 64 90 98 102 108 363 86 29 237 80 369 505 45 104 89 204 21 324 87 94 89 301 83 242 94 121 90 43 61 257
leaf_count=20 64 90 98 102 108 363 86 29 237 80 369 505 45 104 89 204 21 324 87 94 89 301 83 242 94 121 90 43 61 257
internal_value=2.08202e-11 -0.00341224 0.00958952 0.0135147 0.000487468 0.00260023 0.0101308 -0.000364522 -0.00879742 0.0202945 -0.00275118 -0.00749913 0.00535976 -0.00357958 0.0141538 -0.000310165 0.00657723 0.00418976 -0.00238534 0.00923265 -0.0119133 -0.000555383 0.00492656 -0.00841118 0.00583997 0.00840455 0.0123887 0.0246765 0.0169047 -0.0110564
internal_weight=4500 3319 1181 847 1925 1165 565 334 1394 282 760 984 598 220 265 567 300 432 191 115 410 391 185 747 114 166 176 123 159 321
internal_count=4500 3319 1181 847 1925 1165 565 334 1394 282 760 984 598 220 265 567 300 432 191 115 410 391 185 747 114 166 176 123 159 321
is_linear=0
shrinkage=0.1


Tree=19
num_leaves=31
num_cat=0
split_feature=0 2 1 0 2 1 0 2 0 2 0 0 0 2 0 0 0 1 1 0 0 2 4 1 2 1 1 0 0 1
split_gain=11.9551 6.82868 2.59466 1.82416 0.855729 0.644909 0.601415 0.515936 0.43779 0.402729 0.267158 0.210684 0.206791 0.197568 0.177923 0.138713 0.137728 0.133958 0.130849 0.122172 0.12019 0.100129 0.0864045 0.0823553 0.0672415 0.0650759 0.0636605 0.0593004 0.0492377 0.0484347
threshold=435.00000000000006 45493.500000000007 128.50000000000003 900.00000000000011 19504.000000000004 64.500000000000014 750.00000000000011 80399.500000000015 285.00000000000006 72300.500000000015 285.00000000000006 285.00000000000006 1357.5000000000002 2757.5000000000005 750.00000000000011 1515.0000000000002 750.00000000000011 212.50000000000003 207.50000000000003 1515.0000000000002 592.50000000000011 58371.500000000007 1438.5000000000002 170.50000000000003 14785.500000000002 105.50000000000001 241.50000000000003 1357.5000000000002 592.50000000000011 158.50000000000003
decision_type=2 2 2 2 2 2 2 2 2 2 2 2 2 2 2 2 2 2 2 2 2 2 2 2 2 2 2 2 2 2
left_child=2 4 5 9 13 11 28 12 18 16 -7 22 23 -2 -15 -9 29 -10 -4 25 -11 -14 -1 -5 -13 -8 -22 -16 -6 -3
right_child=1 3 8 7 6 10 19 15 17 20 -12 24 21 14 27 -17 -18 -19 -20 -21 26 -23 -24 -25 -26 -27 -28 -29 -30 -31
leaf_value=0.0016513691937905693 -0.013167326104256414 0.0034908035298957378 0.018727712320680379 -0.0016363600832704974 0.0014862658663762993 0.013695988043838618 -0.0061660298750349229 0.0038516865698908346 0.01187597157769516 0.011639518431491323 0.0063848269044184218 -0.0029676282069431184 -0.0053301494567867744 -0.0056721040856007304 -0.0088105177519650305 -5.5199269409058618e-05 0.00084377267144076498 0.017554296198345365 0.024306813753568211 -0.0083414973052734504 0.006271835512579968 -0.0022357926594406183 0.0073586562700155705 0.0010639449935688266 0.001873605548784186 -0.0037304947822318552 0.010111625896672071 -0.011079784478816688 -0.0016267080289350947 0.0064113300139746398
leaf_weight=42 124 107 119 231 93 98 424 259 122 90 102 64 162 141 290 140 119 63 65 213 161 295 72 221 52 148 59 191 112 121
leaf_count=42 124 107 119 231 93 98 424 259 122 90 102 64 162 141 290 140 119 63 65 213 161 295 72 221 52 148 59 191 112 121
internal_value=1.75083e-11 -0.00239488 0.0110932 0.00164252 -0.00696487 0.00581428 -0.00503759 -0.000516859 0.0172448 0.00594156 0.0099673 0.00220296 -0.00183268 -0.00952253 -0.00879591 0.00248085 0.00360143 0.0138097 0.0206986 -0.00629713 0.00856099 -0.0033327 0.00525597 -0.000316078 -0.00079742 -0.00553586 0.0073016 -0.00971162 -0.000214481 0.00504073
internal_weight=4500 3701 799 1965 1736 430 990 1308 369 657 200 230 909 746 622 399 347 185 184 785 310 457 114 452 116 572 220 481 205 228
internal_count=4500 3701 799 1965 1736 430 990 1308 369 657 200 230 909 746 622 399 347 185 184 785 310 457 114 452 116 572 220 481 205 228
is_linear=0
shrinkage=0.1


Tree=20
num_leaves=31
num_cat=0
split_feature=0 2 1 0 0 1 2 2 0 1 2 0 1 2 1 0 1 0 0 2 1 0 0 0 1 0 0 0 2 1
split_gain=9.68997 4.59107 3.04897 1.26431 0.843609 0.546229 0.483779 0.482996 0.440074 0.287755 0.276995 0.1743 0.156597 0.155125 0.143499 0.126891 0.112978 0.098438 0.0852788 0.0778862 0.0765159 0.0726882 0.0706866 0.0694194 0.0655525 0.0612323 0.0567117 0.0558923 0.0470055 0.044013
threshold=592.50000000000011 43886.500000000007 64.500000000000014 285.00000000000006 1200.0000000000002 192.50000000000003 66075.000000000015 23980.500000000004 285.00000000000006 190.50000000000003 61509.500000000007 900.00000000000011 128.50000000000003 4045.0000000000005 15.500000000000002 750.00000000000011 239.50000000000003 1050.0000000000002 435.00000000000006 87366.000000000015 15.500000000000002 435.00000000000006 435.00000000000006 435.00000000000006 128.50000000000003 750.00000000000011 1665.0000000000002 900.00000000000011 85780.000000000015 136.50000000000003
decision_type=2 2 2 2 2 2 2 2 2 2 2 2 2 2 2 2 2 2 2 2 2 2 2 2 2 2 2 2 2 2
left_child=2 7 8 9 6 12 25 13 20 24 29 -9 23 27 -10 28 26 -15 -7 -17 -1 -16 -14 -5 -4 -3 -12 -2 -8 -6
right_child=1 4 3 5 10 18 15 11 14 -11 16 -13 22 17 21 19 -18 -19 -20 -21 -22 -23 -24 -25 -26 -27 -28 -29 -30 -31
leaf_value=-0.00042286498229140827 -0.0084624048808346619 0.0024253247773038528 0.01232638887452836 0.0057463442651080159 -0.0024952215879845124 0.014903191247811684 0.0059534187745916983 -0.0020769521325095432 -0.0078922627706323641 0.020781606255155623 -0.0002760279136608638 -0.0057798303250263345 0.010033190036390692 -0.0062875525105273583 0.00023039093174854011 0.0028822155570461094 0.0026770053202234373 -0.0087616030393537301 0.010585700566677944 0.0059605673051856718 0.006032841455621215 -0.0038794372084502804 0.0062407465488875961 0.0018515262382311174 0.016121265905744888 -0.00061188873205957907 -0.0026503916162485914 -0.012648662681189868 0.0098210069971780001 -0.0050383072103495187
leaf_weight=23 46 85 98 102 108 91 91 169 46 99 345 513 94 261 96 282 103 419 92 116 91 78 103 83 85 303 142 104 48 184
leaf_count=23 46 85 98 102 108 91 91 169 46 99 345 513 94 261 96 282 103 419 92 116 91 78 103 83 85 303 142 104 48 184
internal_value=1.66531e-11 -0.00276807 0.00777918 0.0109699 0.000634059 0.00824035 0.00274392 -0.00683396 -0.000312156 0.0164386 -0.00157867 -0.00486225 0.00608827 -0.00845409 -0.0029251 0.00468786 -0.000331955 -0.007812 0.0127326 0.00377942 0.00473037 -0.00161195 0.00805034 0.00399894 0.014089 5.34802e-05 -0.000968348 -0.0113649 0.00728899 -0.00409771
internal_weight=4500 3319 1181 847 1807 565 925 1512 334 282 882 682 382 830 220 537 590 680 183 398 114 174 197 185 183 388 487 150 139 292
internal_count=4500 3319 1181 847 1807 565 925 1512 334 282 882 682 382 830 220 537 590 680 183 398 114 174 197 185 183 388 487 150 139 292
is_linear=0
shrinkage=0.1


Tree=21
num_leaves=31
num_cat=0
split_feature=0 1 1 0 2 1 1 0 1 0 0 0 1 2 1 1 1 2 0 0 0 0 0 0 1 2 2 0 0 0
split_gain=7.85523 4.51036 1.69787 1.2905 0.493047 0.433007 0.42498 0.362024 0.321643 0.287234 0.235497 0.16057 0.109818 0.107919 0.105582 0.103952 0.0962027 0.093615 0.0922458 0.0902847 0.0884195 0.0848769 0.0738868 0.0626083 0.0443513 0.0405255 0.0370579 0.0345763 0.0312753 0.0310597
threshold=435.00000000000006 113.50000000000001 128.50000000000003 900.00000000000011 14268.000000000002 48.500000000000007 168.50000000000003 750.00000000000011 165.50000000000003 285.00000000000006 285.00000000000006 1515.0000000000002 2.5000000000000004 85780.000000000015 220.50000000000003 8.5000000000000018 216.50000000000003 76172.500000000015 1357.5000000000002 1515.0000000000002 285.00000000000006 900.00000000000011 592.50000000000011 592.50000000000011 65.500000000000014 87994.000000000015 30731.500000000004 750.00000000000011 1050.0000000000002 1515.0000000000002
decision_type=2 2 2 2 2 2 2 2 2 2 2 2 2 2 2 2 2 2 2 2 2 2 2 2 2 2 2 2 2 2
left_child=2 4 5 8 12 15 19 24 23 17 -7 14 -2 22 -8 -1 -11 -4 26 -5 -17 -14 -10 -3 -6 -13 -9 -15 -16 -23
right_child=1 3 9 6 7 10 11 18 13 16 -12 25 21 27 28 20 -18 -19 -20 -21 -22 29 -24 -25 -26 -27 -28 -29 -30 -31
leaf_value=-0.0056823241418566218 -0.01387829609653529 0.0040418593483105402 0.015018671206806018 -0.0019738680388239303 -0.002920693487450705 0.010316697116650175 0.00061171784171919024 -0.0054605397500727378 0.0074413091911432836 0.009702573312589757 0.0043405693234971673 -0.0017179808799916815 -0.0061933478204348287 0.0098524914522256177 0.0053731296987583246 0.0041080835305242428 0.01469172246076844 0.019677837106628696 -0.0068374761572763251 -0.0047732146880048688 -0.00084973232776974327 -0.008340408315463942 0.0042159393272283652 0.00061028402716816832 -3.2499484950676562e-06 0.001115346179176413 -0.0036912554446854786 0.0063657699629317893 0.0027048749636777781 -0.010495356749743223
leaf_weight=22 34 78 115 362 83 128 333 284 104 130 136 239 171 84 60 74 55 69 358 169 70 245 224 167 140 64 203 43 164 92
leaf_count=22 34 78 115 362 83 128 333 284 104 130 136 239 171 84 60 74 55 69 358 169 70 245 224 167 140 64 203 43 164 92
internal_value=9.98079e-12 -0.00194127 0.00899206 0.00112197 -0.00591969 0.00472177 -0.000640359 -0.00467304 0.00462398 0.0139683 0.00723809 0.000733109 -0.00837619 0.00619693 0.00174091 0.000719914 0.0111858 0.0167659 -0.00561886 -0.00286481 0.00169803 -0.00800794 0.00523862 0.00170279 -0.00108911 -0.00111952 -0.00472304 0.00867195 0.00341959 -0.0089287
internal_weight=4500 3701 799 2091 1610 430 1391 1068 700 369 264 860 542 455 557 166 185 184 845 531 144 508 328 245 223 303 487 127 224 337
internal_count=4500 3701 799 2091 1610 430 1391 1068 700 369 264 860 542 455 557 166 185 184 845 531 144 508 328 245 223 303 487 127 224 337
is_linear=0
shrinkage=0.1


Tree=22
num_leaves=31
num_cat=0
split_feature=0 2 1 0 2 0 1 0 2 1 0 4 1 3 1 0 1 0 4 1 0 0 0 0 0 1 2 1 1 1
split_gain=6.38942 3.06699 2.03348 0.825766 0.608404 0.506673 0.369166 0.285291 0.193502 0.171138 0.166974 0.149825 0.111976 0.110605 0.098472 0.0790792 0.0705843 0.0573958 0.0559376 0.055344 0.0541818 0.052238 0.0519594 0.0462629 0.0431618 0.0422176 0.0415499 0.0392645 0.0324259 0.0468622
threshold=592.50000000000011 55004.500000000007 64.500000000000014 285.00000000000006 29560.500000000004 1200.0000000000002 193.50000000000003 285.00000000000006 71032.500000000015 209.50000000000003 1200.0000000000002 1265.5000000000002 224.50000000000003 242.69409942626956 128.50000000000003 1200.0000000000002 136.50000000000003 750.00000000000011 1438.5000000000002 2.5000000000000004 750.00000000000011 750.00000000000011 435.00000000000006 435.00000000000006 1665.0000000000002 33.500000000000007 58371.500000000007 128.50000000000003 105.50000000000001 136.50000000000003
decision_type=2 2 2 2 2 2 2 2 2 2 2 2 2 2 2 2 2 2 2 2 2 2 2 2 2 2 2 2 2 2
left_child=2 4 7 8 11 9 14 18 27 21 20 19 24 -9 23 -13 -16 -11 -1 -2 -6 -3 -8 -5 -7 -15 -18 -4 -22 -30
right_child=1 5 3 6 10 12 22 13 -10 17 -12 15 -14 25 16 -17 26 -19 -20 -21 28 -23 -24 -25 -26 -27 -28 -29 29 -31
leaf_value=0.00086873618614239007 -0.012792651327671829 0.0037013491517498944 0.010062080348024563 0.0047376528729264648 0.00020864351465896673 -0.00086348940364344316 0.01216459686557452 -0.0070108026376969751 0.016931565394815135 0.0071084065707745381 -0.0044226164684819415 -0.0047492667938202199 0.0013242467849642085 -0.0032644382835475398 0.011994671182973045 -0.0068690460127241977 0.0036364164432151277 0.0040216148575331935 0.0054608598047505242 -0.0080450195331140204 -0.0035586104276370055 0.0011005651777672967 0.008757045207900948 0.0015581202195844746 -0.0028573159076522585 -9.4827833897645846e-05 0.0069025296051570071 0.012989915604161663 -0.0004749433375296316 -0.0036289265851529549
leaf_weight=42 27 102 98 102 116 352 90 42 98 81 420 355 198 68 21 349 57 235 72 271 127 318 89 83 157 110 123 86 140 71
leaf_count=42 27 102 98 102 116 352 90 42 98 81 420 355 198 68 21 349 57 235 72 271 127 318 89 83 157 110 123 86 140 71
internal_value=5.06502e-12 -0.00224774 0.00631689 0.0089226 -0.00491379 0.00121832 0.00671669 -0.000291011 0.0133422 0.00305486 -0.00298557 -0.0065957 -0.000693559 -0.00239485 0.00497601 -0.00580012 0.00650833 0.00481285 0.00376902 -0.00847517 -0.00165614 0.00173218 0.0104703 0.00331116 -0.00147848 -0.00130569 0.00586826 0.0114305 -0.00229612 -0.00153624
internal_weight=4500 3319 1181 847 1876 1443 565 334 282 736 874 1002 707 220 386 704 201 316 114 298 454 420 179 185 509 178 180 184 338 211
internal_count=4500 3319 1181 847 1876 1443 565 334 282 736 874 1002 707 220 386 704 201 316 114 298 454 420 179 185 509 178 180 184 338 211
is_linear=0
shrinkage=0.1


Tree=23
num_leaves=31
num_cat=0
split_feature=0 1 2 0 1 0 2 2 2 2 0 0 0 0 0 1 1 0 0 1 4 1 0 2 1 1 1 0 1 2
split_gain=5.20724 3.00737 1.12418 0.844384 0.436216 0.26031 0.240774 0.231863 0.175123 0.157024 0.135152 0.0996357 0.0952006 0.0924828 0.0826761 0.072823 0.100626 0.0664765 0.0657191 0.0606522 0.054519 0.0514979 0.0492729 0.0472199 0.103888 0.0441018 0.0496549 0.0430981 0.0404429 0.0316256
threshold=435.00000000000006 128.50000000000003 34878.000000000007 900.00000000000011 48.500000000000007 750.00000000000011 72783.000000000015 80399.500000000015 14785.500000000002 75389.000000000015 285.00000000000006 1200.0000000000002 1515.0000000000002 285.00000000000006 285.00000000000006 136.50000000000003 156.50000000000003 1357.5000000000002 1515.0000000000002 8.5000000000000018 1659.5000000000002 4.5000000000000009 750.00000000000011 59521.500000000007 136.50000000000003 160.50000000000003 136.50000000000003 285.00000000000006 104.50000000000001 93391.000000000015
decision_type=2 2 2 2 2 2 2 2 2 2 2 2 2 2 2 2 2 2 2 2 2 2 2 2 2 2 2 2 2 2
left_child=2 4 8 9 11 -6 10 12 19 15 -4 20 23 -10 -8 -3 -17 28 29 -1 -2 -13 -11 24 -5 26 -14 -21 -7 -9
right_child=1 3 6 7 5 17 14 18 13 22 -12 21 25 -15 -16 16 -18 -19 -20 27 -22 -23 -24 -25 -26 -27 -28 -29 -30 -31
leaf_value=-0.0049112482358892031 -0.0063475919134800725 0.0070560107259331527 0.010758312584625351 0.0020178721617221049 -0.00031298005073071485 -0.0038971984609162524 0.015416662755248313 0.0019674987756352394 0.0070280187376986509 0.007104029939566033 0.0065269873721287555 -0.011925829792844839 -0.00031890394922178851 0.0026232509555904056 0.011092452167771584 -0.00028682604756657823 0.0035312471567426418 -0.0050896571573520186 -3.6001009435234925e-05 0.0028373022151451251 -0.0039061326509371112 -0.0074768531596354345 0.0042852888053113766 0.00024273986766881235 -0.0029706683011355406 -0.0017938411391371562 -0.0056219790890616808 -0.0011962128717501542 -0.001952859609213192 0.0044340067400803996
leaf_weight=22 257 37 153 57 233 373 91 187 88 166 149 29 23 104 86 99 228 371 140 54 142 253 99 360 156 193 76 52 150 72
leaf_count=22 257 37 153 57 233 373 91 187 88 166 149 29 23 104 86 99 228 371 140 54 142 253 99 360 156 193 76 52 150 72
internal_value=2.18012e-11 -0.00158056 0.00732122 0.00120529 -0.00449738 -0.00328995 0.0103871 -0.000284577 0.00273202 0.00419923 0.00867067 -0.00649559 -0.00120443 0.0046421 0.0133156 0.0028511 0.00237532 -0.00406582 0.0017096 -0.000133095 -0.0054787 -0.00793437 0.00605099 -0.000455531 -0.00163571 -0.00267403 -0.00438995 0.000858597 -0.00333955 0.00265317
internal_weight=4500 3701 799 1893 1808 1127 479 1264 320 629 302 681 865 192 177 364 327 894 399 128 399 282 265 573 213 292 99 106 523 259
internal_count=4500 3701 799 1893 1808 1127 479 1264 320 629 302 681 865 192 177 364 327 894 399 128 399 282 265 573 213 292 99 106 523 259
is_linear=0
shrinkage=0.1


Tree=24
num_leaves=31
num_cat=0
split_feature=0 2 2 0 0 2 1 4 0 2 1 4 0 1 1 1 2 1 1 1 0 0 0 0 0 2 1 0 0 2
split_gain=4.24781 2.03739 1.37387 0.513938 0.405114 0.250693 0.237004 0.1859 0.185361 0.155232 0.131284 0.0826782 0.0813719 0.0673448 0.0614191 0.0604854 0.0543871 0.0535201 0.0451065 0.0415564 0.0380838 0.0357513 0.0343626 0.0319466 0.0315704 0.0300715 0.0286904 0.028023 0.0248406 0.0248159
threshold=592.50000000000011 40763.000000000007 24350.000000000004 285.00000000000006 1200.0000000000002 66075.000000000015 192.50000000000003 1538.0000000000002 285.00000000000006 61197.500000000007 193.50000000000003 897.50000000000011 1050.0000000000002 240.50000000000003 128.50000000000003 239.50000000000003 1069.5000000000002 136.50000000000003 241.50000000000003 40.500000000000007 750.00000000000011 900.00000000000011 750.00000000000011 435.00000000000006 1515.0000000000002 56713.500000000007 128.50000000000003 1665.0000000000002 435.00000000000006 86141.000000000015
decision_type=2 2 2 2 2 2 2 2 2 2 2 2 2 2 2 2 2 2 2 2 2 2 2 2 2 2 2 2 2 2
left_child=2 7 8 10 5 20 14 16 19 -6 26 -10 -9 21 -5 27 -2 -16 -8 -1 -3 -7 -18 -13 -14 -19 -4 -11 -27 -12
right_child=1 4 3 6 9 13 18 12 11 15 29 23 24 -15 17 -17 22 25 -20 -21 -22 -23 -24 -25 -26 28 -28 -29 -30 -31
leaf_value=0.0015210107814602773 -0.010014376718852972 0.0016306639558024472 0.0080882121886437144 0.0027712542278958219 -0.0029245237636341781 0.0034489138023970725 0.0076866452411656662 -0.0026928427747027498 -0.006343869444133495 -0.00022161030835871187 0.012681514877946146 0.00011518796031973703 -0.0040523349842520959 0.0052693798533107487 0.010117313549632119 0.001959260474640121 -0.0036084202574924208 0.0025460407877754836 0.011452024920684535 0.005364035128150136 -0.00055022343611868226 0.0016026547968300436 -0.0063434404084638588 -0.0024609521351479039 -0.0055883873060929342 0.0069950827848046064 0.01058064697080114 -0.0018789280613620779 0.0042370671433383141 0.016076001886165505
leaf_weight=68 37 104 96 175 339 217 142 345 34 350 62 111 349 117 21 103 52 45 41 48 348 203 394 85 217 62 89 144 69 33
leaf_count=68 37 104 96 175 339 217 142 345 34 350 62 111 349 117 21 103 52 45 41 48 348 203 394 85 217 62 89 144 69 33
internal_value=7.51728e-13 -0.00183273 0.00515057 0.00734611 0.000275659 0.00168694 0.00558395 -0.00474423 -0.000147931 -0.00121553 0.010839 -0.00179168 -0.00390338 0.00314762 0.00413456 -0.000245101 -0.0063302 0.00534563 0.00853025 0.00311123 -4.84263e-05 0.00255656 -0.00602456 -0.00100202 -0.00464125 0.00477628 0.00928728 -0.000704715 0.00554239 0.0138607
internal_weight=4500 3319 1181 835 1925 989 555 1394 346 936 280 230 911 537 372 597 483 197 183 116 452 420 446 196 566 176 185 494 131 95
internal_count=4500 3319 1181 835 1925 989 555 1394 346 936 280 230 911 537 372 597 483 197 183 116 452 420 446 196 566 176 185 494 131 95
is_linear=0
shrinkage=0.1


Tree=25
num_leaves=31
num_cat=0
split_feature=0 2 2 0 1 0 1 2 0 2 0 0 0 1 2 1 1 0 0 2 0 0 2 2 1 2 1 1 2 1
split_gain=3.45278 1.99534 0.754285 0.536102 0.286242 0.218223 0.184007 0.182305 0.115751 0.112023 0.0874782 0.0788611 0.0634844 0.0580241 0.0554124 0.0551122 0.0506989 0.0485698 0.0467135 0.0355739 0.0347684 0.0341163 0.0335141 0.025692 0.0340597 0.025474 0.0306278 0.0289626 0.0238086 0.0227447
threshold=435.00000000000006 45493.500000000007 46069.000000000007 1050.0000000000002 31.500000000000004 750.00000000000011 208.50000000000003 17545.000000000004 285.00000000000006 81133.500000000015 750.00000000000011 285.00000000000006 1515.0000000000002 213.50000000000003 84963.000000000015 8.5000000000000018 4.5000000000000009 750.00000000000011 1515.0000000000002 33824.500000000007 900.00000000000011 285.00000000000006 26858.000000000004 57546.000000000007 136.50000000000003 64312.500000000007 136.50000000000003 128.50000000000003 92199.000000000015 184.50000000000003
decision_type=2 2 2 2 2 2 2 2 2 2 2 2 2 2 2 2 2 2 2 2 2 2 2 2 2 2 2 2 2 2
left_child=2 4 7 6 16 19 10 15 13 18 -3 -9 22 -4 -10 -1 -2 -8 29 -6 -18 -17 -7 24 -20 26 27 -12 -11 -5
right_child=1 3 8 9 5 12 17 11 14 28 25 -13 -14 -15 -16 21 20 -19 23 -21 -22 -23 -24 -25 -26 -27 -28 -29 -30 -31
leaf_value=-0.00434874637814408 -0.0083951203935388203 0.0029192920069029331 0.0097432752855780985 -0.0011088804525939309 -0.0013078065314995392 -0.0039472642462351363 0.0059939615580500392 0.0065585829812587933 0.0063514848428589486 0.00041682552316816266 -0.00061157943204133999 0.0029950092226715278 -0.0049655709446377152 0.013576344566212761 0.010309369830375023 0.0025839307810279675 -0.0041416267015362031 0.0035014844125884023 -0.0012859865094580485 0.001095818785451181 -0.0061320478197678116 -0.00058512219608074353 -0.0025838884091535438 -0.0015625607728752126 -0.0050383303851141772 0.0015059833223945351 -0.0011737910740321684 0.0047056595794856548 0.0023041193111866865 0.00037703261602208715
leaf_weight=22 69 278 147 296 175 320 147 115 143 215 21 135 273 54 47 70 133 167 41 95 258 66 413 217 59 126 123 20 97 158
leaf_count=22 69 278 147 296 175 320 147 115 143 215 21 135 273 54 47 70 133 167 41 95 258 66 413 217 59 126 123 20 97 158
internal_value=1.51128e-11 -0.00128704 0.00596162 0.000895404 -0.00375737 -0.00298639 0.0027257 0.00295379 0.00910022 -0.000595201 0.00165178 0.00463425 -0.00366389 0.0107731 0.00733054 0.00029484 -0.00589602 0.00466834 -0.00124218 -0.000462087 -0.005455 0.00104601 -0.00317909 -0.0021737 -0.00349987 0.000436716 -0.000384794 0.0019822 0.00100358 -0.000591757
internal_weight=4500 3701 799 1965 1736 1276 882 408 391 1083 568 250 1006 201 190 158 460 314 771 270 391 136 733 317 100 290 164 41 312 454
internal_count=4500 3701 799 1965 1736 1276 882 408 391 1083 568 250 1006 201 190 158 460 314 771 270 391 136 733 317 100 290 164 41 312 454
is_linear=0
shrinkage=0.1


Tree=26
num_leaves=31
num_cat=0
split_feature=0 2 1 0 2 0 1 0 2 0 2 4 4 2 1 0 0 4 1 1 1 1 1 0 1 0 2 0 0 0
split_gain=2.81327 1.36549 0.936097 0.34079 0.288752 0.22162 0.16472 0.121896 0.0894548 0.0832768 0.0740275 0.0727494 0.0579261 0.0495691 0.0474976 0.0417694 0.0320065 0.0304524 0.0270728 0.128217 0.0260852 0.0258449 0.0487056 0.025308 0.0252253 0.0247638 0.0245183 0.0215547 0.0198999 0.0164702
threshold=592.50000000000011 56246.000000000007 64.500000000000014 285.00000000000006 29560.500000000004 1200.0000000000002 167.50000000000003 285.00000000000006 62863.000000000007 1200.0000000000002 80875.000000000015 1265.5000000000002 1604.5000000000002 87994.000000000015 232.50000000000003 1515.0000000000002 1515.0000000000002 1438.5000000000002 136.50000000000003 128.50000000000003 224.50000000000003 136.50000000000003 128.50000000000003 1665.0000000000002 249.50000000000003 435.00000000000006 2477.5000000000005 435.00000000000006 750.00000000000011 900.00000000000011
decision_type=2 2 2 2 2 2 2 2 2 2 2 2 2 2 2 2 2 2 2 2 2 2 2 2 2 2 2 2 2 2
left_child=2 4 7 8 11 10 25 17 -4 18 28 16 26 23 27 -13 -2 -1 19 -6 -10 22 -11 -7 29 -5 -9 -8 -3 -12
right_child=1 5 3 6 9 13 14 12 20 21 24 15 -14 -15 -16 -17 -18 -19 -20 -21 -22 -23 -24 -25 -26 -27 -28 -29 -30 -31
leaf_value=0.00022216424722934052 -0.0051450729397449491 0.0024699999138517474 0.0071279792773226896 0.0038192588398470334 -0.0013588480120768054 -0.0003611571241091235 0.0066816094403083504 -0.00645719175005243 0.0098035726220683864 -0.0030270620620604107 0.00378885377551718 -0.0033897226952998524 -0.0001583336436158141 0.0013963726034172208 0.0086035484075546263 -0.0051490421427393355 -0.0076145701548632457 0.0036103906380756398 -0.0024225777818948566 0.0040863428693264725 0.012908336128059188 -0.0044391016046015112 0.00037585493938626762 -0.0018259161316087728 0.0054723279056500419 0.002006757412289454 -0.0026228309943869621 0.0045645706300788073 0.00092674541549036529 0.0020644288379391483
leaf_weight=42 230 112 150 157 320 396 91 21 94 297 116 522 118 126 70 182 68 72 108 50 38 91 49 168 49 145 81 102 329 106
leaf_count=42 230 112 150 157 320 396 91 21 94 297 116 522 118 126 70 182 68 72 108 50 38 91 49 168 49 145 81 102 329 106
internal_value=1.39205e-11 -0.00149149 0.00419158 0.00595952 -0.00322611 0.000880307 0.00454242 -0.00029178 0.00879876 -0.00194178 0.00211801 -0.00439892 -0.00166697 -0.000396854 0.0063721 -0.00384455 -0.00570858 0.0023621 -0.00102961 -0.000623011 0.0106974 -0.00293954 -0.00254515 -0.000797468 0.00341875 0.00294902 -0.00341226 0.00556276 0.00131868 0.00296548
internal_weight=4500 3319 1181 847 1917 1402 565 334 282 915 712 1002 220 690 263 704 298 114 478 370 132 437 346 564 271 302 102 193 441 222
internal_count=4500 3319 1181 847 1917 1402 565 334 282 915 712 1002 220 690 263 704 298 114 478 370 132 437 346 564 271 302 102 193 441 222
is_linear=0
shrinkage=0.1


Tree=27
num_leaves=31
num_cat=0
split_feature=0 2 1 0 2 0 2 0 1 1 0 0 1 0 0 1 1 2 0 0 2 1 1 0 0 1 3 1 1 1
split_gain=2.28324 1.33401 0.509275 0.317655 0.293516 0.168452 0.130191 0.0739494 0.0731454 0.0660861 0.0635431 0.0569779 0.0514815 0.0458889 0.0343335 0.0342572 0.0337963 0.033435 0.0316101 0.0286628 0.0276885 0.0248405 0.0441772 0.024401 0.024212 0.0238875 0.0222575 0.0217395 0.0300961 0.0334297
threshold=435.00000000000006 55688.000000000007 128.50000000000003 1050.0000000000002 21603.500000000004 900.00000000000011 15098.000000000002 285.00000000000006 216.50000000000003 8.5000000000000018 285.00000000000006 750.00000000000011 240.50000000000003 750.00000000000011 1665.0000000000002 8.5000000000000018 232.50000000000003 82635.000000000015 1515.0000000000002 592.50000000000011 36511.500000000007 136.50000000000003 128.50000000000003 750.00000000000011 1665.0000000000002 24.500000000000004 84.299739837646499 107.50000000000001 136.50000000000003 128.50000000000003
decision_type=2 2 2 2 2 2 2 2 2 2 2 2 2 2 2 2 2 2 2 2 2 2 2 2 2 2 2 2 2 2
left_child=2 4 6 8 9 19 15 17 13 26 -8 -11 14 -3 -5 -1 -9 -4 27 -6 -21 22 -22 -10 -13 -17 -2 -7 29 -29
right_child=1 3 7 12 5 18 10 16 23 11 -12 24 -14 -15 -16 25 -18 -19 -20 20 21 -23 -24 -25 -26 -27 -28 28 -30 -31
leaf_value=-0.0037191143301738938 -0.0085445436066947881 0.0029827080651297628 0.008191928585224292 -6.6052036716906287e-05 0.0012099079215981729 -0.0026578003108972794 0.0051532659266616083 0.0054629040728498592 0.0050960745654817004 -0.0021155075357819444 0.0022368611728322079 -0.0040208809324520957 0.0017292635887494589 0.00097818954833013777 -0.0016559909060942114 0.0021855971581923469 0.0087765919569975284 0.011261796345934272 -0.0033930128812765317 -0.0018724764239205225 -3.2179662684939107e-05 -0.0018314718147334848 0.0046495627537369733 0.0031378231193394143 -0.0061049693811034405 -0.00078127875117231819 -0.0054869701384857141 -0.0015501096352217867 -0.0028747159948276629 0.0014843580130414636
leaf_weight=22 32 224 136 563 124 327 146 146 122 160 153 484 127 233 179 51 39 48 281 108 104 46 25 133 63 58 93 126 96 51
leaf_count=22 32 224 136 563 124 327 146 146 122 160 153 484 127 233 179 51 39 48 281 108 104 46 25 133 63 58 93 126 96 51
internal_value=6.8164e-12 -0.00104661 0.00484792 0.00115187 -0.00268613 -0.00174043 0.00250918 0.00757328 0.00271783 -0.00415014 0.00366093 -0.00377539 -0.000131177 0.00196071 -0.000449609 -0.000119612 0.00616147 0.00899276 -0.00251773 -5.78727e-05 -0.000613367 0.000163684 0.000875135 0.00407471 -0.00426091 0.000606893 -0.00626971 -0.00210781 -0.00144903 -0.000675771
internal_weight=4500 3701 799 1581 2120 1288 430 369 712 832 299 707 869 457 742 131 185 184 881 407 283 175 129 255 547 109 125 600 273 177
internal_count=4500 3701 799 1581 2120 1288 430 369 712 832 299 707 869 457 742 131 185 184 881 407 283 175 129 255 547 109 125 600 273 177
is_linear=0
shrinkage=0.1


Tree=28
num_leaves=31
num_cat=0
split_feature=0 2 1 0 2 0 1 0 1 2 0 0 4 1 1 1 1 1 1 1 2 1 4 1 1 0 0 0 0 2
split_gain=1.85481 0.897702 0.635491 0.222256 0.17473 0.156471 0.115123 0.0835833 0.060235 0.0576487 0.0542556 0.0526678 0.0424778 0.0413915 0.034296 0.0296637 0.0471183 0.0282066 0.0235476 0.054077 0.0234595 0.020894 0.0208184 0.02006 0.0178176 0.0174913 0.016548 0.0148307 0.0143406 0.0136245
threshold=592.50000000000011 54477.500000000007 64.500000000000014 285.00000000000006 26858.000000000004 1200.0000000000002 192.50000000000003 285.00000000000006 193.50000000000003 89385.500000000015 900.00000000000011 1357.5000000000002 1473.0000000000002 217.50000000000003 15.500000000000002 128.50000000000003 136.50000000000003 31.500000000000004 136.50000000000003 128.50000000000003 90295.500000000015 176.50000000000003 1611.5000000000002 153.50000000000003 33.500000000000007 435.00000000000006 750.00000000000011 1665.0000000000002 435.00000000000006 36511.500000000007
decision_type=2 2 2 2 2 2 2 2 2 2 2 2 2 2 2 2 2 2 2 2 2 2 2 2 2 2 2 2 2 2
left_child=2 4 7 8 11 9 15 22 -4 21 29 17 25 -7 -13 28 -17 26 19 -12 -8 -3 -1 -18 -14 -9 -2 -15 -5 -6
right_child=1 5 3 6 10 13 20 12 -10 -11 18 14 24 27 -16 16 23 -19 -20 -21 -22 -23 -24 -25 -26 -27 -28 -29 -30 -31
leaf_value=0.00055567877558100837 -0.0024208878357967478 0.00044170224040121785 0.0061113383581134729 0.0026125991687306442 -0.001541257183256277 -0.00096145826528261889 0.0051505885659051797 -0.0016089640441350639 0.009203530244137113 0.0035933883468960491 -0.0022504611413737244 -0.0064986466406247558 -0.0019979985033320947 0.0011055660092258929 -0.0041002113563505553 0.0080589039694695247 0.0011983333700548182 -0.0024433379745875884 -0.0035456876936502974 0.00083036207453233155 0.0078210507714471158 0.0016639680208648509 0.0032583996070459026 0.003663851134479046 0.00052147433198319708 -0.0044033531254778309 -0.0042566148180214437 -0.00063726815773841388 0.0008423678849838501 0.00010103459808749726
leaf_weight=57 64 212 187 102 73 478 140 42 95 126 519 78 41 180 253 21 44 315 104 64 43 411 57 132 89 48 211 67 83 164
leaf_count=57 64 212 187 102 73 478 140 42 95 126 519 78 41 180 253 21 44 315 104 64 43 411 57 132 89 48 211 67 83 164
internal_value=2.38833e-12 -0.00121106 0.00340347 0.00486014 -0.00268104 0.000628919 0.00371572 -0.000290544 0.00715303 0.00164259 -0.00170946 -0.00365579 -0.00142929 -0.000418306 -0.0046654 0.00272773 0.00358169 -0.00308938 -0.00215953 -0.00191226 0.00577807 0.00124804 0.00190704 0.00304747 -0.000273129 -0.0030993 -0.00382939 0.000632813 0.00181839 -0.000404819
internal_weight=4500 3319 1181 847 1845 1474 565 334 282 749 924 921 220 725 331 382 197 590 687 583 183 623 114 176 130 90 275 247 185 237
internal_count=4500 3319 1181 847 1845 1474 565 334 282 749 924 921 220 725 331 382 197 590 687 583 183 623 114 176 130 90 275 247 185 237
is_linear=0
shrinkage=0.1


Tree=29
num_leaves=31
num_cat=0
split_feature=0 2 1 0 4 0 2 2 2 0 0 1 1 1 0 1 1 0 1 2 0 1 0 1 1 1 1 2 1 4
split_gain=1.51774 0.881582 0.345136 0.231458 0.155798 0.101992 0.0872068 0.0666483 0.0531122 0.0465778 0.0404279 0.0327825 0.0649821 0.0317878 0.0294471 0.0293754 0.0278681 0.0269712 0.0247319 0.0241702 0.0202307 0.0201442 0.0195354 0.0194362 0.0177925 0.0168604 0.023656 0.0144178 0.0142242 0.0128869
threshold=435.00000000000006 49020.500000000007 128.50000000000003 900.00000000000011 1455.5000000000002 900.00000000000011 15801.000000000002 80111.500000000015 84595.500000000015 285.00000000000006 285.00000000000006 136.50000000000003 153.50000000000003 2.5000000000000004 1665.0000000000002 93.500000000000014 8.5000000000000018 1515.0000000000002 224.50000000000003 84595.500000000015 1200.0000000000002 160.50000000000003 1200.0000000000002 97.500000000000014 136.50000000000003 24.500000000000004 33.500000000000007 95171.000000000015 17.500000000000004 1773.5000000000002
decision_type=2 2 2 2 2 2 2 2 2 2 2 2 2 2 2 2 2 2 2 2 2 2 2 2 2 2 2 2 2 2
left_child=2 4 6 8 13 15 16 11 21 18 29 -5 -13 -2 23 -6 -1 27 -4 -11 -15 24 -14 28 -3 -18 -27 -9 -7 -8
right_child=1 3 9 7 5 14 10 17 -10 19 -12 12 22 20 -16 -17 25 -19 -20 -21 -22 -23 -24 -25 -26 26 -28 -29 -30 -31
leaf_value=-0.003289911059916697 -0.0069753933348692954 0.0026927846680129212 0.0067312288378709798 0.0013959622962215076 -0.0012443267224625744 -0.0046176822273992007 0.0026565161452469371 0.0011858607757684969 0.0039632801943096435 0.0043991054992453217 0.0018681575467732099 -0.0028337285889469032 0.0004046694897337339 -0.0031423632071072675 -0.003827623386325231 0.00041336450832211411 0.0019568992308432276 -0.00015852238947909874 0.0095952051642693992 0.0070067290371904779 -0.0044915808060742111 0.00218917997216305 -0.00078277391548842396 -0.0015131769339281475 7.9754088954930426e-05 -0.0026070049056654862 0.0011854236054013633 0.0030560549047282514 -0.0024410492463740776 0.0048111492053614664
leaf_weight=22 32 35 146 74 288 32 38 215 144 137 149 131 209 262 134 170 51 143 38 48 193 331 411 258 102 29 38 51 486 103
leaf_count=22 32 35 146 74 288 32 38 215 144 137 149 131 209 262 134 170 51 143 38 48 193 331 411 258 102 29 38 51 486 103
internal_value=7.88059e-12 -0.000853309 0.00395256 0.000693826 -0.00239294 -0.00184613 0.00202725 -9.47417e-05 0.00228385 0.00619615 0.00301673 -0.000612196 -0.00081007 -0.00392893 -0.0024587 -0.000629026 -2.23802e-05 0.000949022 0.0073227 0.00507568 -0.00371467 0.0017671 -0.000382491 -0.00222231 0.000747317 0.00058682 -0.000456075 0.00154443 -0.00257551 0.00423047
internal_weight=4500 3701 799 1846 1855 1368 430 1234 612 369 290 825 751 487 910 458 140 409 184 185 455 468 620 776 137 118 67 266 518 141
internal_count=4500 3701 799 1846 1855 1368 430 1234 612 369 290 825 751 487 910 458 140 409 184 185 455 468 620 776 137 118 67 266 518 141
is_linear=0
shrinkage=0.1


Tree=30
num_leaves=31
num_cat=0
split_feature=0 2 1 0 4 0 1 2 0 2 0 1 1 0 1 1 1 1 2 1 4 2 4 1 2 1 1 2 2 0
split_gain=1.23922 0.59557 0.433257 0.140427 0.108697 0.105613 0.0773261 0.0648279 0.0566932 0.055567 0.0533534 0.042576 0.0256798 0.0247756 0.0296261 0.0229277 0.0292476 0.0347681 0.0219001 0.0218146 0.0208949 0.0201923 0.0185823 0.017374 0.0155176 0.0152601 0.016307 0.0158234 0.0131602 0.0122131
threshold=592.50000000000011 53032.000000000007 64.500000000000014 285.00000000000006 1679.5000000000002 1357.5000000000002 192.50000000000003 1745.5000000000002 285.00000000000006 78337.500000000015 1200.0000000000002 167.50000000000003 136.50000000000003 900.00000000000011 8.5000000000000018 98.500000000000014 136.50000000000003 128.50000000000003 59521.500000000007 162.50000000000003 1883.5000000000002 95171.000000000015 1545.0000000000002 242.50000000000003 95171.000000000015 55.500000000000007 136.50000000000003 46866.000000000007 86141.000000000015 900.00000000000011
decision_type=2 2 2 2 2 2 2 2 2 2 2 2 2 2 2 2 2 2 2 2 2 2 2 2 2 2 2 2 2 2
left_child=2 4 7 11 13 9 20 -1 -9 12 15 -4 -3 -2 -15 -6 17 -17 -14 -7 -5 -11 -10 -8 -21 -12 27 -27 -13 -20
right_child=1 5 3 6 10 19 23 8 22 21 25 28 18 14 -16 16 -18 -19 29 24 -22 -23 -24 -25 -26 26 -28 -29 -30 -31
leaf_value=-0.0053911803290247924 -0.0022174592377123192 0.003669749107075404 0.0046790041997298304 0.00067603340798728722 -0.0015672956501980987 -0.0018331845708155965 0.0042664442879372629 0.0019749575346233931 -0.0020078764772777156 0.001705247558017548 -0.0032760403567938497 0.0065532352620114882 -0.00087607701549070232 -0.0055761851632679018 -0.0033489415700682433 -0.00036209668588593058 -0.0023442459709354137 0.0030872597412339282 0.0013254869757344881 -0.00045967484666338391 0.0026094833607374218 0.0036360009580564041 -6.8623318814691942e-05 0.0066685922934036513 0.0017293809919751116 -0.0021344677908544125 -0.0042136269085335009 -0.00023599102778825909 0.0088681419916225215 0.0002193967489107101
leaf_weight=23 150 24 153 68 342 115 145 107 84 325 139 96 118 71 376 177 57 35 168 433 314 65 120 38 35 360 33 50 33 246
leaf_count=23 150 24 153 68 342 115 145 107 84 325 139 96 118 71 376 177 57 35 168 433 314 65 120 38 35 360 33 50 33 246
internal_value=5.82176e-12 -0.000989895 0.00278193 0.00398469 -0.00222795 0.000459496 0.00307502 -0.000268183 0.000110688 0.00111194 -0.0016767 0.00580726 0.000470055 -0.00332953 -0.00370271 -0.00102402 -0.000333305 0.000207373 0.000325707 -0.000599189 0.00226531 0.00202704 -0.000867139 0.00476525 -0.000295963 -0.0023619 -0.00207507 -0.00190295 0.00714542 0.000668245
internal_weight=4500 3319 1181 847 1790 1529 565 334 311 946 1193 282 556 597 447 611 269 212 532 583 382 390 204 183 468 582 443 410 129 414
internal_count=4500 3319 1181 847 1790 1529 565 334 311 946 1193 282 556 597 447 611 269 212 532 583 382 390 204 183 468 582 443 410 129 414
is_linear=0
shrinkage=0.1


Tree=31
num_leaves=31
num_cat=0
split_feature=0 1 1 0 1 1 1 0 0 1 1 2 1 1 0 2 3 1 2 1 0 0 0 0 2 0 0 4 4 0
split_gain=1.01475 0.586537 0.232099 0.187954 0.0922786 0.0759237 0.059142 0.0524271 0.0395665 0.0395125 0.0658801 0.0366958 0.0323307 0.0480067 0.0255562 0.0255528 0.0234986 0.0233788 0.0217166 0.0206663 0.0179714 0.0156288 0.0120984 0.0117774 0.0112034 0.0107833 0.0106273 0.00996383 0.00959535 0.00952869
threshold=435.00000000000006 105.50000000000001 128.50000000000003 750.00000000000011 163.50000000000003 31.500000000000004 48.500000000000007 750.00000000000011 1515.0000000000002 136.50000000000003 160.50000000000003 73815.500000000015 136.50000000000003 128.50000000000003 285.00000000000006 90295.500000000015 84.299739837646499 149.50000000000003 87994.000000000015 8.5000000000000018 1515.0000000000002 285.00000000000006 285.00000000000006 750.00000000000011 90295.500000000015 1357.5000000000002 1665.0000000000002 1773.5000000000002 1928.5000000000002 1050.0000000000002
decision_type=2 2 2 2 2 2 2 2 2 2 2 2 2 2 2 2 2 2 2 2 2 2 2 2 2 2 2 2 2 2
left_child=2 5 6 11 12 16 19 -7 15 -4 -11 -3 13 -5 -8 29 -2 26 21 -1 28 -12 -21 -18 -13 -15 -14 -16 -9 -6
right_child=1 3 9 4 8 7 14 20 -10 10 18 24 17 25 27 -17 23 -19 -20 22 -22 -23 -24 -25 -26 -27 -28 -29 -30 -31
leaf_value=-0.0026805376726935556 -0.0057871968219322823 0.0014167196960959308 0.0090853162919697552 -0.0011166419325843069 0.0010300263168327257 -0.00038265125223088865 0.0035971890022665322 -0.0023370019204947108 -0.00050298928680394704 0.0019891638439947937 0.0058450837852433331 0.0027652237573078369 -0.0023418291982889704 0.0024997703731060028 0.00022840152977968918 0.0021226310577870701 -0.0021607332400643063 -0.0010489044782916802 0.0071667193062603472 0.0015016877144729292 -0.0028804151226964215 0.0041550943767216719 -0.00033222881762152875 -0.0033892275157702007 0.0045757198706269262 0.00034543543394344547 -0.0045841278723226147 0.002151777745621994 -0.0015085751310672758 0.00023469477858054628
leaf_weight=22 35 296 23 248 258 220 128 229 317 67 112 133 113 52 37 127 103 187 60 74 226 107 70 322 46 42 26 99 359 362
leaf_count=22 35 296 23 248 258 220 128 229 317 67 112 133 113 52 37 127 103 187 60 74 226 107 70 322 46 42 26 99 359 362
internal_value=8.09953e-12 -0.00069773 0.00323191 0.000338038 -0.000145241 -0.00222781 0.00165306 -0.00175233 0.000433114 0.00507177 0.00480498 0.00210023 -0.00106645 -0.000387225 0.00258302 0.000830362 -0.00329661 -0.00177902 0.00548117 0.000174079 -0.00212251 0.00501938 0.000610201 -0.0030915 0.00323049 0.0015372 -0.00276125 0.00162851 -0.00183121 0.000565655
internal_weight=4500 3701 799 2207 1732 1494 430 1034 1064 369 346 475 668 342 264 747 460 326 279 166 814 219 144 425 179 94 139 136 588 620
internal_count=4500 3701 799 2207 1732 1494 430 1034 1064 369 346 475 668 342 264 747 460 326 279 166 814 219 144 425 179 94 139 136 588 620
is_linear=0
shrinkage=0.1


Tree=32
num_leaves=31
num_cat=0
split_feature=0 2 2 0 1 0 2 1 0 0 4 0 1 0 1 1 1 2 0 0 0 1 1 2 0 2 1 1 1 0
split_gain=0.821948 0.48215 0.189093 0.132954 0.0949714 0.0578709 0.0553718 0.0389633 0.027966 0.0272623 0.0238711 0.023356 0.0197886 0.0190603 0.0181315 0.0174028 0.0275507 0.0157271 0.0140174 0.0138712 0.0127026 0.0115498 0.011087 0.00962234 0.0114489 0.00931852 0.00893065 0.00891248 0.00861065 0.00857224
threshold=435.00000000000006 51563.500000000007 28176.500000000004 1050.0000000000002 49.500000000000007 750.00000000000011 66075.000000000015 224.50000000000003 1515.0000000000002 1665.0000000000002 1886.5000000000002 750.00000000000011 184.50000000000003 285.00000000000006 136.50000000000003 136.50000000000003 128.50000000000003 1745.5000000000002 1357.5000000000002 285.00000000000006 750.00000000000011 248.50000000000003 248.50000000000003 2757.5000000000005 285.00000000000006 36511.500000000007 236.50000000000003 5.5000000000000009 157.50000000000003 592.50000000000011
decision_type=2 2 2 2 2 2 2 2 2 2 2 2 2 2 2 2 2 2 2 2 2 2 2 2 2 2 2 2 2 2
left_child=2 4 10 7 8 25 13 11 17 12 23 -3 14 -4 -5 16 18 -2 -7 26 -19 -14 -9 -1 -25 29 -8 -10 -16 -6
right_child=1 3 6 9 5 15 19 22 27 -11 -12 -13 21 -15 28 -17 -18 20 -20 -21 -22 -23 -24 24 -26 -27 -28 -29 -30 -31
leaf_value=-0.002118811315158382 -0.0038302772122645575 0.0017782375737605183 0.0039145901498214902 0.0019633017085180448 0.00028737181014610989 -0.001242965643322116 0.0054428764456964061 0.0022953355670906604 -0.0058026453568821865 -0.0011757575354999369 0.0018410263171232 0.00051669187756678324 0.00032240296027531186 0.0023201013362811529 -0.0015555343085410286 -0.0032095818180527731 0.00065270672696326885 -0.0013585892879556102 -0.0020589608716229456 0.0043651916218542417 -0.0024727986171301755 0.0019789079959662832 0.003989814092906622 0.0011849778075702488 -0.00066451763572252312 0.00074875543116846414 0.0075112982756561702 -0.0035722710709392906 -0.00037726643465861727 -0.0013116588140086782
leaf_weight=20 62 282 147 26 73 509 92 150 21 226 113 306 403 153 97 59 59 146 359 113 342 47 52 65 69 126 27 122 172 62
leaf_count=20 62 282 147 26 73 509 92 150 21 226 113 306 403 153 97 59 59 146 359 113 342 47 52 65 69 126 27 122 172 62
internal_value=6.43171e-12 -0.000627957 0.00290872 0.000570032 -0.00171541 -0.00119382 0.00399857 0.00153334 -0.00265397 -0.000213713 0.000737197 0.00112172 7.81292e-05 0.0031014 -0.00055841 -0.00154431 -0.00143832 -0.00233005 -0.00158046 0.00515869 -0.00213945 0.000495416 0.00273154 -7.27558e-05 0.000232626 0.000130262 0.00591218 -0.00389981 -0.000802144 -0.000446998
internal_weight=4500 3701 799 1761 1940 1247 532 790 693 971 267 588 745 300 295 986 927 550 868 232 488 450 202 154 134 261 119 143 269 135
internal_count=4500 3701 799 1761 1940 1247 532 790 693 971 267 588 745 300 295 986 927 550 868 232 488 450 202 154 134 261 119 143 269 135
is_linear=0
shrinkage=0.1


Tree=33
num_leaves=31
num_cat=0
split_feature=0 1 1 0 1 4 1 1 2 0 0 1 0 0 1 1 1 2 1 0 0 1 1 1 0 0 1 2 4 1
split_gain=0.665778 0.392922 0.156255 0.13158 0.0601361 0.0476438 0.0455537 0.0375515 0.0248308 0.0242985 0.0224591 0.0193847 0.0186079 0.0161087 0.0159864 0.0156326 0.0152993 0.0237461 0.014432 0.0126484 0.0124735 0.0124016 0.0152244 0.0148096 0.0114772 0.0110927 0.00841335 0.0210838 0.00824392 0.00801523
threshold=435.00000000000006 97.500000000000014 122.50000000000001 1050.0000000000002 192.50000000000003 1679.5000000000002 162.50000000000003 41.500000000000007 87366.000000000015 750.00000000000011 750.00000000000011 2.5000000000000004 285.00000000000006 285.00000000000006 240.50000000000003 248.50000000000003 136.50000000000003 48437.000000000007 148.50000000000003 1665.0000000000002 900.00000000000011 8.5000000000000018 24.500000000000004 33.500000000000007 592.50000000000011 1665.0000000000002 136.50000000000003 57188.500000000007 1714.0000000000002 15.500000000000002
decision_type=2 2 2 2 2 2 2 2 2 2 2 2 2 2 2 2 2 2 2 2 2 2 2 2 2 2 2 2 2 2
left_child=2 5 7 4 10 11 16 21 12 -7 -3 -2 26 28 25 24 17 -5 -18 -11 -13 -1 29 -24 -6 -8 -4 -28 -9 -23
right_child=1 3 8 6 15 9 14 13 -10 19 -12 20 -14 -15 -16 -17 18 -19 -20 -21 -22 22 23 -25 -26 -27 27 -29 -30 -31
leaf_value=-0.0022828386313366619 -0.0048905397998169065 0.001036083262595318 0.0060282129035503784 -0.0012089939922819363 0.0027877884019711398 -0.00029639734362538065 7.1077352805107825e-05 0.0013231099354133252 0.005783317299253906 -0.0014993093539628069 -0.00016680791042514133 -0.0017810044479982436 0.0029076768651268344 0.0011802522533917396 0.0010613140437429347 0.0035908327330476963 -0.0029708611619441889 0.00087582432414064009 -0.001232248633312048 -0.002864047180479154 -0.0027673886218936693 0.00010174400245194279 -0.0022887738804603297 0.00073331999206215298 0.0014503604153830211 -0.00090007474120564173 0.0014023095563364526 0.0046584550130726963 0.0031987622050413246 0.0026490012207068502
leaf_weight=22 34 306 27 237 82 162 478 31 67 525 315 194 162 138 127 52 73 71 138 78 378 21 31 34 295 156 24 116 96 30
leaf_count=22 34 306 27 237 82 162 478 31 67 525 315 194 162 138 127 52 73 71 138 78 378 21 31 34 295 156 24 116 96 30
internal_value=4.21292e-12 -0.000565161 0.00261785 0.000225216 0.00105493 -0.0019084 -0.000455407 0.00123161 0.0040286 -0.00138372 0.000425921 -0.00257074 0.00367125 0.0019282 3.72539e-05 0.00196545 -0.00117779 -0.000728403 -0.00183376 -0.00167584 -0.00243285 -0.00010605 0.000306789 -0.000707986 0.00174126 -0.000167881 0.00441196 0.00410026 0.00274093 0.00160013
internal_weight=4500 3701 799 2330 1050 1371 1280 403 396 765 621 606 329 265 761 429 519 308 211 603 572 138 116 65 377 634 167 140 127 51
internal_count=4500 3701 799 2330 1050 1371 1280 403 396 765 621 606 329 265 761 429 519 308 211 603 572 138 116 65 377 634 167 140 127 51
is_linear=0
shrinkage=0.1


Tree=34
num_leaves=31
num_cat=0
split_feature=0 2 1 2 0 0 2 2 0 0 0 1 2 4 1 1 1 1 0 4 4 2 0 1 0 1 1 1 1 1
split_gain=0.542082 0.263648 0.206161 0.0644284 0.059899 0.0433336 0.035613 0.0332346 0.0289691 0.0260173 0.0234571 0.019774 0.0177919 0.0166334 0.016003 0.0503649 0.0143014 0.0122475 0.0118306 0.0109282 0.0101201 0.00980892 0.00830399 0.00656844 0.00640407 0.00578727 0.00766012 0.00685155 0.00554766 0.00547727
threshold=592.50000000000011 59521.500000000007 64.500000000000014 31093.500000000004 285.00000000000006 1050.0000000000002 70338.500000000015 1745.5000000000002 285.00000000000006 1200.0000000000002 1515.0000000000002 194.50000000000003 92199.000000000015 1659.5000000000002 136.50000000000003 128.50000000000003 248.50000000000003 15.500000000000002 1665.0000000000002 1545.0000000000002 1883.5000000000002 92199.000000000015 1665.0000000000002 144.50000000000003 750.00000000000011 33.500000000000007 56.500000000000007 48.500000000000007 8.5000000000000018 80.500000000000014
decision_type=2 2 2 2 2 2 2 2 2 2 2 2 2 2 2 2 2 2 2 2 2 2 2 2 2 2 2 2 2 2
left_child=2 3 7 10 11 12 20 -1 -9 14 13 -4 -3 24 15 -5 18 -12 -7 -10 -6 -8 -11 -16 -2 -21 27 -27 -26 -15
right_child=1 5 4 9 6 16 21 8 19 22 17 -13 -14 29 23 -17 -18 -19 -20 25 -22 -23 -24 -25 28 26 -28 -29 -30 -31
leaf_value=-0.0039321307133397326 -0.0012177575810346753 0.00095950190204834658 0.0032725548301453865 -0.00042211470725762174 0.00041837277586117649 0.00010052235560888642 0.0028692969456087891 0.0013398477836744861 -0.001566566470345216 -0.0010779929007345187 -0.0040589373965154996 0.005053699837737187 0.002721801594915715 -0.0010624240276916276 -0.0019429512479800289 0.0028812367492355405 0.0014862280283947866 -0.0023766355247814854 -0.00085607965012015827 -0.0011195266946939426 0.0017532687233786093 0.0048359554385145505 -0.0020660411238225666 -0.00060999480751107893 -0.0031977401028766683 0.00010746386609613323 -0.0013207720345235431 0.0022549319389023976 -0.0020910463986911704 -0.0024276327807456256
leaf_weight=23 70 434 189 287 70 561 164 107 84 364 55 93 66 360 59 55 60 203 168 37 301 30 111 99 54 39 20 24 281 32
leaf_count=23 70 434 189 287 70 561 164 107 84 364 55 93 66 360 59 55 60 203 168 37 301 30 111 99 54 39 20 24 281 32
internal_value=5.14773e-12 -0.000654708 0.00183994 -0.00136492 0.00266962 0.000463777 0.00207551 -0.000264058 7.21434e-06 -0.000778895 -0.0019065 0.00385995 0.00119213 -0.00163822 -0.000275405 0.000109126 2.21209e-06 -0.00273527 -0.000119929 -0.000691765 0.0015014 0.00317342 -0.00130888 -0.00110774 -0.00208767 -7.94039e-05 0.000384265 0.000925547 -0.00226944 -0.00117387
internal_weight=4500 3319 1181 2030 847 1289 565 334 311 975 1055 282 500 797 500 342 789 258 729 204 371 194 475 158 405 120 83 63 335 392
internal_count=4500 3319 1181 2030 847 1289 565 334 311 975 1055 282 500 797 500 342 789 258 729 204 371 194 475 158 405 120 83 63 335 392
is_linear=0
shrinkage=0.1


Tree=35
num_leaves=31
num_cat=0
split_feature=0 2 1 0 1 0 1 2 4 2 0 2 1 0 1 1 3 4 4 0 1 1 1 1 0 0 0 2 1 1
split_gain=0.445129 0.264803 0.107617 0.0729852 0.0569545 0.0388437 0.034679 0.0403696 0.0288124 0.0216155 0.0189024 0.0176342 0.0138474 0.012899 0.0126744 0.0173036 0.0124485 0.0104582 0.0098983 0.00960042 0.00899927 0.0089247 0.0231703 0.00984587 0.0073327 0.00653963 0.00562111 0.00553745 0.00483526 0.00467564
threshold=435.00000000000006 51563.500000000007 128.50000000000003 900.00000000000011 31.500000000000004 900.00000000000011 136.50000000000003 55688.000000000007 1886.5000000000002 93992.000000000015 1665.0000000000002 86938.500000000015 234.50000000000003 1665.0000000000002 136.50000000000003 161.50000000000003 84.299739837646499 1821.5000000000002 1757.5000000000002 285.00000000000006 64.500000000000014 136.50000000000003 128.50000000000003 123.50000000000001 285.00000000000006 592.50000000000011 1050.0000000000002 61976.000000000007 192.50000000000003 108.50000000000001
decision_type=2 2 2 2 2 2 2 2 2 2 2 2 2 2 2 2 2 2 2 2 2 2 2 2 2 2 2 2 2 2
left_child=2 4 8 11 16 18 -4 -8 20 10 14 25 24 17 -5 -16 -2 -7 -6 -10 -1 22 23 -20 -9 -3 -18 -27 -17 -19
right_child=1 3 6 9 5 13 7 12 19 -11 -12 -13 -14 -15 15 28 26 29 21 -21 -22 -23 -24 -25 -26 27 -28 -29 -30 -31
leaf_value=-0.00029386240870842495 -0.004052663096891982 0.0016125524781333903 0.0071534114201431687 0.0018896112771471963 -0.00094852134479088315 -0.0017166401453645752 0.00015582812848151663 0.0037248567912757883 0.0024230145363571486 0.0014059783435331878 -0.0010041372269643035 0.0024490321087169238 0.0048292593285441405 -0.0022171198156127948 -0.00091770838346699735 -0.00016650263044816119 -0.0017085000845705363 -0.0011334964321009096 0.00012549416799060147 0.0011681072905659676 0.0012750752810025006 -0.0017673393655568363 0.0033265187151052737 -0.0020721326243471018 0.0026214212884581884 0.00010351256912211439 -0.0024367450574450662 0.0010606211698224956 0.00039995582410109001 -0.00052476442276707129
leaf_weight=136 35 150 23 36 138 254 40 123 119 97 210 116 65 139 173 230 202 422 278 125 50 25 22 22 118 82 223 230 437 180
leaf_count=136 35 150 23 36 138 254 40 123 119 97 210 116 65 139 173 230 202 422 278 125 50 25 22 22 118 82 223 230 437 180
internal_value=2.35044e-12 -0.000462115 0.00214054 0.000425701 -0.00126802 -0.000965942 0.00339336 0.00314341 0.00106544 -2.42953e-05 -0.000152045 0.00134672 0.00353394 -0.00132362 5.22232e-05 -2.6522e-05 -0.0022399 -0.00117853 -0.000232156 0.00178013 0.000127895 5.27389e-05 0.000194049 -3.56651e-05 0.00318459 0.00106994 -0.00209061 0.000809073 0.000204625 -0.000951484
internal_weight=4500 3701 799 1761 1940 1480 369 346 430 1183 1086 578 306 995 876 840 460 856 485 244 186 347 322 300 241 462 425 312 667 602
internal_count=4500 3701 799 1761 1940 1480 369 346 430 1183 1086 578 306 995 876 840 460 856 485 244 186 347 322 300 241 462 425 312 667 602
is_linear=0
shrinkage=0.1


Tree=36
num_leaves=31
num_cat=0
split_feature=0 1 2 1 1 0 0 1 4 0 4 1 1 1 1 2 2 2 2 1 1 0 0 0 2 0 0 0 1 3
split_gain=0.365807 0.157255 0.152048 0.0489289 0.0560745 0.0457007 0.0401101 0.0361058 0.0261716 0.0224113 0.0138895 0.0127501 0.0171525 0.0121319 0.0130789 0.0106607 0.0105564 0.0100483 0.0100463 0.00867674 0.00862055 0.00840918 0.00827418 0.00725559 0.00537059 0.00525333 0.00518626 0.00516391 0.00513245 0.00497942
threshold=750.00000000000011 128.50000000000003 53032.000000000007 136.50000000000003 156.50000000000003 285.00000000000006 435.00000000000006 48.500000000000007 1734.5000000000002 1357.5000000000002 1683.0000000000002 136.50000000000003 128.50000000000003 206.50000000000003 136.50000000000003 1069.5000000000002 87994.000000000015 86938.500000000015 88366.500000000015 3.5000000000000004 33.500000000000007 435.00000000000006 1050.0000000000002 1665.0000000000002 50589.000000000007 435.00000000000006 285.00000000000006 1515.0000000000002 122.50000000000001 299.83282470703131
decision_type=2 2 2 2 2 2 2 2 2 2 2 2 2 2 2 2 2 2 2 2 2 2 2 2 2 2 2 2 2 2
left_child=1 5 7 25 24 10 16 15 19 13 -1 12 22 14 -4 -2 26 -11 -8 -7 -10 -22 -9 -17 -5 -3 -6 -13 -23 -24
right_child=2 3 9 4 6 8 18 11 20 17 -12 27 -14 -15 -16 23 -18 -19 -20 -21 21 28 29 -25 -26 -27 -28 -29 -30 -31
leaf_value=0.00040170476406697848 -0.003893554673112672 0.0064380705842505331 0.002540845309184598 -0.0013458242842506688 0.0033939797834803657 -0.0029842697983258407 0.0013713616848623066 -0.00053019281243443458 -0.00087940893112681815 -0.00055525254979109275 0.002105203437139012 -0.0017425905893794476 0.00066807599715852683 0.00091452919485120697 -1.9748829098849212e-05 -0.0017716730661204759 0.0044169318148245418 0.00051336265183568618 0.0028219525043948973 -0.00081039629769423169 0.0011868682723899361 0.00031162841215619767 -0.00187928001904127 -0.0029300269130016527 0.00030854439396080127 0.0043231371324509386 0.0024583202760873574 -0.0035705267358571292 -0.0013064165045927273 -0.0010906500011956437
leaf_weight=73 29 23 21 26 120 20 270 252 50 475 139 68 65 337 398 423 60 108 58 224 122 180 94 62 80 24 117 20 22 540
leaf_count=73 29 23 21 26 120 20 270 252 50 475 139 68 65 337 398 423 60 108 58 224 122 180 94 62 80 24 117 20 22 540
internal_value=3.76698e-12 0.00120914 -0.000672301 0.00223057 0.00202948 0.000251702 0.00239017 -0.00134558 -0.000182904 0.000108583 0.00151862 -0.00100644 -0.000899881 0.000467849 0.000108586 -0.00203111 0.00323204 -0.000357293 0.00162787 -0.000988583 0.000342726 0.000531327 -0.00101491 -0.00191975 -9.72441e-05 0.0053581 0.00293207 -0.00215803 0.000135406 -0.00120758
internal_weight=4500 1608 2892 778 731 830 625 1553 618 1339 212 1039 951 756 419 514 297 583 328 244 374 324 886 485 106 47 237 88 202 634
internal_count=4500 1608 2892 778 731 830 625 1553 618 1339 212 1039 951 756 419 514 297 583 328 244 374 324 886 485 106 47 237 88 202 634
is_linear=0
shrinkage=0.1


Tree=37
num_leaves=31
num_cat=0
split_feature=0 1 2 1 1 0 0 1 1 0 2 1 1 0 4 1 0 2 1 4 0 2 2 2 1 1 2 0 1 0
split_gain=0.296304 0.127376 0.123159 0.0396324 0.0454204 0.0370176 0.0324892 0.0293271 0.0212278 0.0181925 0.0141067 0.0133034 0.0122934 0.0102793 0.00950022 0.00905404 0.00871929 0.00816964 0.00749901 0.00704003 0.00674563 0.00606542 0.00584515 0.00549179 0.00531361 0.00496901 0.00440628 0.0043545 0.00430882 0.0042552
threshold=750.00000000000011 128.50000000000003 53032.000000000007 136.50000000000003 156.50000000000003 285.00000000000006 435.00000000000006 40.500000000000007 33.500000000000007 1515.0000000000002 75389.000000000015 136.50000000000003 39.500000000000007 1357.5000000000002 1736.5000000000002 234.50000000000003 1515.0000000000002 88854.500000000015 136.50000000000003 1928.5000000000002 435.00000000000006 96030.000000000015 95171.000000000015 46866.000000000007 3.5000000000000004 152.50000000000003 52653.000000000007 285.00000000000006 162.50000000000003 435.00000000000006
decision_type=2 2 2 2 2 2 2 2 2 2 2 2 2 2 2 2 2 2 2 2 2 2 2 2 2 2 2 2 2 2
left_child=1 5 7 29 26 12 15 16 24 10 11 -4 -1 19 -10 27 -2 -8 23 -9 -16 28 -12 -15 -7 -13 -5 -6 -11 -3
right_child=2 3 9 4 6 8 17 13 14 21 22 25 -14 18 20 -17 -18 -19 -20 -21 -22 -23 -24 -25 -26 -27 -28 -29 -30 -31
leaf_value=0.00024650841742865186 -0.0016401016275937623 0.0057942633233640508 0.0022654709944617936 -0.00089931749488885804 0.0030387619631599729 -0.002611769036212493 0.001241073238976748 -0.0011849100420685856 -0.00053926863074880169 -0.0012116425677683041 0.00060217240377776816 -0.00091267219607592178 0.001884392337945836 -0.0013040461599698979 0.0010681814533065753 0.003951949829665514 -0.0026573513573933732 0.0025769784792580388 -0.002828473079328736 -0.00046850633175122804 0.00012556571503260621 0.0012325730733573437 0.001655758152425778 -4.5380219097224707e-05 -0.00091125059777436793 -9.3793260674817575e-06 0.00042453730747533534 0.0021719985990527511 -0.00038241041994138035 0.0038908233555654684
leaf_weight=67 323 23 24 41 119 21 273 196 127 79 385 72 145 395 122 65 114 55 30 457 201 20 61 38 147 395 65 113 303 24
leaf_count=67 323 23 24 41 119 21 273 196 127 79 385 72 145 395 122 65 114 55 30 457 201 20 61 38 147 395 65 113 303 24
internal_value=1.02921e-12 0.00108822 -0.000605071 0.00200751 0.00182653 0.000226532 0.00215116 -0.00121102 -0.000164614 9.77244e-05 0.000339159 -3.06434e-05 0.00136676 -0.000939092 0.000193488 0.00290884 -0.00190547 0.00146508 -0.00129952 -0.000683537 0.0004816 -0.000465022 0.000746273 -0.00119359 -0.00112382 -0.000148645 -8.75197e-05 0.00261659 -0.000553901 0.00482229
internal_weight=4500 1608 2892 778 731 830 625 1553 618 1339 937 491 212 1116 450 297 437 328 463 653 323 402 446 433 168 467 106 232 382 47
internal_count=4500 1608 2892 778 731 830 625 1553 618 1339 937 491 212 1116 450 297 437 328 463 653 323 402 446 433 168 467 106 232 382 47
is_linear=0
shrinkage=0.1


Tree=38
num_leaves=31
num_cat=0
split_feature=0 1 1 0 1 4 2 1 1 1 0 1 1 1 0 1 1 0 1 1 1 1 1 1 0 0 0 0 1 1
split_gain=0.240732 0.147392 0.0594635 0.0502006 0.0241792 0.0206405 0.0194188 0.0165454 0.0148045 0.0182068 0.0110117 0.0109998 0.0123936 0.00838184 0.00838076 0.00785164 0.0078266 0.00771158 0.00734643 0.0103889 0.013257 0.0071287 0.00629052 0.00516752 0.00497946 0.00495462 0.00451109 0.00424804 0.00399997 0.00388549
threshold=435.00000000000006 97.500000000000014 64.500000000000014 1050.0000000000002 192.50000000000003 1295.5000000000002 72300.500000000015 162.50000000000003 57.500000000000007 48.500000000000007 1050.0000000000002 136.50000000000003 128.50000000000003 148.50000000000003 285.00000000000006 248.50000000000003 248.50000000000003 750.00000000000011 8.5000000000000018 24.500000000000004 33.500000000000007 15.500000000000002 2.5000000000000004 17.500000000000004 1665.0000000000002 1665.0000000000002 592.50000000000011 285.00000000000006 239.50000000000003 80.500000000000014
decision_type=2 2 2 2 2 2 2 2 2 2 2 2 2 2 2 2 2 2 2 2 2 2 2 2 2 2 2 2 2 2
left_child=2 5 8 4 17 22 14 11 9 18 -7 12 -5 -13 -4 26 24 -3 -1 21 -21 -20 -2 -12 -9 29 -6 28 -8 -25
right_child=1 3 6 7 15 10 27 16 -10 -11 23 13 -14 -15 -16 -17 -18 -19 19 20 -22 -23 -24 25 -26 -27 -28 -29 -30 -31
leaf_value=-0.0017054307253353976 -0.0031605926891643322 0.00061541924192140248 0.0021983175292252639 -0.00067449244289346415 0.0017313087841768456 -0.00056068073937662094 0.0031038526037376222 7.4797586280306972e-05 -0.0023137612578769525 0.0023054274854921674 -0.0022648930224394548 -0.0021343086184359679 0.00083919397248662011 -0.00080932659489073983 0.0012673518403806322 0.0023860027512105611 0.001116916246683104 -8.9438496502730741e-05 -9.5321769116535085e-06 -0.0020609009470189772 0.00047181608237987084 0.0023927280987360673 -0.0016898849215928485 -0.00083197167560264396 -0.00055344296201259233 -0.0018274458113525214 0.00089282687471279774 0.0024806450267604897 0.0047000758908689027 -0.0015148890446735177
leaf_weight=22 32 306 189 238 82 444 73 536 21 43 44 73 70 138 198 52 60 315 21 31 62 30 319 334 165 87 295 89 20 111
leaf_count=22 32 306 189 238 82 444 73 536 21 43 44 73 70 138 198 52 60 315 21 31 62 30 319 334 165 87 295 89 20 111
internal_value=2.99036e-12 -0.00033984 0.00157415 0.00014424 0.000656732 -0.00116253 0.00212263 -0.000276163 0.000217266 0.00047158 -0.000934918 -0.000711517 -0.000330473 -0.00126773 0.00172201 0.00123409 2.07469e-05 0.000257883 -3.45266e-06 0.000256572 -0.000372423 0.00140356 -0.00182397 -0.00122339 -7.30764e-05 -0.00113725 0.0010752 0.00297451 0.00344713 -0.00100232
internal_weight=4500 3701 799 2330 1050 1371 569 1280 230 209 1020 519 308 211 387 429 761 621 166 144 93 51 351 576 701 532 377 182 93 445
internal_count=4500 3701 799 2330 1050 1371 569 1280 230 209 1020 519 308 211 387 429 761 621 166 144 93 51 351 576 701 532 377 182 93 445
is_linear=0
shrinkage=0.1


Tree=39
num_leaves=31
num_cat=0
split_feature=0 1 2 1 2 0 0 4 4 0 2 1 1 4 0 2 3 2 2 2 1 3 1 1 0 0 1 1 0 3
split_gain=0.19775 0.0855762 0.08313 0.0333053 0.0354821 0.0245943 0.0208924 0.0205397 0.0149463 0.0138247 0.0114749 0.0100231 0.00891646 0.00870813 0.00789045 0.00761184 0.00645076 0.00602917 0.00575202 0.00509977 0.00480043 0.00463834 0.00443614 0.00677589 0.00424273 0.00415356 0.00499711 0.00397296 0.00386504 0.00385104
threshold=750.00000000000011 128.50000000000003 51563.500000000007 136.50000000000003 59144.000000000007 285.00000000000006 435.00000000000006 1803.5000000000002 1921.0000000000002 1665.0000000000002 90295.500000000015 136.50000000000003 158.50000000000003 1412.5000000000002 1665.0000000000002 702.50000000000011 511.09959411621099 87994.000000000015 79825.500000000015 1069.5000000000002 145.50000000000003 455.91445922851568 136.50000000000003 128.50000000000003 1665.0000000000002 435.00000000000006 122.50000000000001 162.50000000000003 1200.0000000000002 415.76388549804693
decision_type=2 2 2 2 2 2 2 2 2 2 2 2 2 2 2 2 2 2 2 2 2 2 2 2 2 2 2 2 2 2
left_child=1 5 7 -3 20 13 17 15 19 10 11 -4 -13 -1 16 -2 22 -6 -8 -7 -5 25 23 -9 -17 -10 -27 -11 -14 -21
right_child=2 3 9 4 6 8 18 14 21 27 -12 12 28 -15 -16 24 -18 -19 -20 29 -22 -23 -24 -25 -26 26 -28 -29 -30 -31
leaf_value=-8.8720729059361402e-05 -0.0033336500870063904 0.0042228502637528358 0.0015772131769809614 -0.00079571035589565933 0.0021676269710136191 -0.0022014080220833418 0.0008688078034401281 -0.00055704951574555369 0.0010098109732472734 -0.0014570483382461438 0.0010183271209078892 -0.00063578909415979118 0.00037499142556070828 0.0014541850937001238 -0.0014758106288696644 -0.0013002852181539994 -0.0019236158078170516 0.0032922334449055298 0.0017338705798326673 -0.00043904120619220024 0.00046977611968084578 -0.00043922599411416741 -0.0015340352482217854 0.00069748307185996648 -0.0021698562129925463 0.00040908469226208033 -0.001243636102714975 -0.00043191388424347274 -6.7208870435562614e-05 -0.0018813244695775212
leaf_weight=47 21 47 43 53 232 20 186 672 102 48 151 172 404 165 117 513 35 60 131 249 69 64 42 46 63 142 21 178 387 20
leaf_count=47 21 47 43 53 232 20 186 672 102 48 151 172 404 165 117 513 35 60 131 249 69 64 42 46 63 142 21 178 387 20
internal_value=3.41531e-12 0.000889013 -0.000494306 0.00164251 0.00147661 0.000182721 0.00178844 -0.00100758 -0.000136104 6.57264e-05 0.000205461 8.34504e-05 1.67508e-05 0.00111213 -0.000709078 -0.00146357 -0.000596238 0.00239871 0.00122629 -0.000660816 -7.99844e-05 0.000324814 -0.000535109 -0.000476676 -0.00139539 0.000509337 0.000196157 -0.000649642 0.000158643 -0.000546274
internal_weight=4500 1608 2892 778 731 830 609 1509 618 1383 1157 1006 963 212 912 597 795 292 317 289 122 329 760 718 576 265 163 226 791 269
internal_count=4500 1608 2892 778 731 830 609 1509 618 1383 1157 1006 963 212 912 597 795 292 317 289 122 329 760 718 576 265 163 226 791 269
is_linear=0
shrinkage=0.1


Tree=40
num_leaves=31
num_cat=0
split_feature=0 1 1 0 2 1 1 2 2 0 0 0 2 2 0 1 0 2 0 3 4 4 1 1 1 1 1 1 3 1
split_gain=0.160178 0.0700463 0.0676463 0.0338465 0.0182645 0.0155685 0.014085 0.0124792 0.0124456 0.0119773 0.0111028 0.00929453 0.00754187 0.0064313 0.00553952 0.00488751 0.00488024 0.00427599 0.00406998 0.00467556 0.00397306 0.00374527 0.00580869 0.0051855 0.00330409 0.00914845 0.00799689 0.00400448 0.00327432 0.00326688
threshold=750.00000000000011 64.500000000000014 108.50000000000001 285.00000000000006 73815.500000000015 212.50000000000003 59.500000000000007 1745.5000000000002 7197.0000000000009 285.00000000000006 1200.0000000000002 592.50000000000011 82635.000000000015 98381.000000000015 1665.0000000000002 248.50000000000003 1515.0000000000002 17867.500000000004 1050.0000000000002 84.299739837646499 1757.5000000000002 1545.0000000000002 17.500000000000004 17.500000000000004 136.50000000000003 152.50000000000003 128.50000000000003 123.50000000000001 324.23257446289068 98.500000000000014
decision_type=2 2 2 2 2 2 2 2 2 2 2 2 2 2 2 2 2 2 2 2 2 2 2 2 2 2 2 2 2 2
left_child=1 6 8 12 11 10 7 -1 18 17 24 -5 -3 16 20 -6 -7 -9 -2 -20 -10 23 -23 -11 26 -26 27 -4 -12 -13
right_child=2 3 5 4 15 13 -8 9 14 21 28 29 -14 -15 -16 -17 -18 -19 19 -21 -22 22 -24 -25 25 -27 -28 -29 -30 -31
leaf_value=-0.0019493599024800849 -0.0010546690776802438 0.001926667104713006 0.00043139358744332225 0.00089566295606975221 0.001411311332889637 0.00054532041949391689 -0.0027368426703932615 0.00060503757409512615 -0.0010703133941894953 0.00024132691522888642 -0.0010089803477900138 -0.00063236666040266971 0.0033027217257767917 0.0017570691491367624 -0.0015106599956415554 0.002577417610256478 -0.00015676340643481959 0.0021565944128467338 -0.0034051079407799987 -0.0017659918788678027 -0.00061982168878395381 -0.0015476601781431653 0.00023422313324131914 -0.0011664823438228009 -0.00092382907452620306 0.00022850127084863937 0.0017039930096205619 -0.0010899271447366724 -0.00040752207517059068 0.00029259156262030357
leaf_weight=35 69 234 62 399 219 327 22 78 301 38 108 49 48 34 117 43 142 23 20 134 560 21 142 84 89 305 41 24 559 173
leaf_count=35 69 234 62 399 219 327 22 78 301 38 108 49 48 34 117 43 142 23 20 134 560 21 142 84 89 305 41 24 559 173
internal_value=2.09105e-12 0.000800112 -0.000444876 0.00120711 0.000902501 -3.72862e-05 -0.0002702 -0.000141302 -0.00101876 2.26407e-05 -0.000234723 0.000607088 0.00216089 0.000429025 -0.000865043 0.0016027 0.000332749 0.000958362 -0.0016929 -0.00197886 -0.000777311 -0.000308966 4.65534e-06 -0.000727984 0.000111178 -3.17967e-05 0.000554739 6.83896e-06 -0.00050491 8.84341e-05
internal_weight=4500 1608 2892 1165 883 1691 443 421 1201 386 1188 621 282 503 978 262 469 101 223 154 861 285 163 122 521 394 127 86 667 222
internal_count=4500 1608 2892 1165 883 1691 443 421 1201 386 1188 621 282 503 978 262 469 101 223 154 861 285 163 122 521 394 127 86 667 222
is_linear=0
shrinkage=0.1


Tree=41
num_leaves=31
num_cat=0
split_feature=0 1 2 4 0 0 4 1 3 3 1 1 1 1 2 1 3 1 1 0 0 0 2 0 3 0 0 0 1 0
split_gain=0.131992 0.0810299 0.0336222 0.0245825 0.0192895 0.0150866 0.0112017 0.00740398 0.006604 0.00569437 0.00533326 0.0053286 0.0292582 0.00498853 0.0090768 0.0049053 0.00452429 0.00426891 0.00409783 0.00408007 0.00390545 0.00382287 0.00368965 0.00335118 0.00329373 0.00328867 0.00324994 0.00323693 0.00313482 0.00295516
threshold=435.00000000000006 157.50000000000003 51563.500000000007 1757.5000000000002 1050.0000000000002 1357.5000000000002 1886.5000000000002 234.50000000000003 194.33487701416018 511.09959411621099 248.50000000000003 136.50000000000003 128.50000000000003 136.50000000000003 48779.000000000007 240.50000000000003 476.29565429687506 125.50000000000001 2.5000000000000004 1665.0000000000002 750.00000000000011 1357.5000000000002 42677.000000000007 750.00000000000011 258.16952514648443 1665.0000000000002 750.00000000000011 285.00000000000006 143.50000000000003 285.00000000000006
decision_type=2 2 2 2 2 2 2 2 2 2 2 2 2 2 2 2 2 2 2 2 2 2 2 2 2 2 2 2 2 2
left_child=2 3 6 8 7 9 24 26 18 11 25 12 17 14 -7 29 27 20 -2 -15 -5 -10 -22 -14 -1 -6 -3 -8 -13 -4
right_child=1 4 15 5 10 13 16 -9 21 -11 -12 28 23 19 -16 -17 -18 -19 -20 -21 22 -23 -24 -25 -26 -27 -28 -29 -30 -31
leaf_value=-0.0007387725004016168 -0.0029064184090552424 0.00080570412776191354 0.0020637387764369263 0.00021273376249173273 4.1713542249826535e-05 -0.00085624987805100355 0.0015664077728036897 0.0013620239705536127 -0.00080574159036100358 -0.0013377187738660725 0.00090641108608300171 -0.0011445103884533869 0.0029566043522208929 -0.00099392071135988433 0.0007336553000004643 0.002872787658935008 -0.00015265663598005758 -0.00154005723559986 -0.001469781686457628 -0.0023611057735979557 -0.00043642919572332286 -0.0013262940505755715 0.00033361334684053185 0.0014709470589284084 0.00024668418588368475 -0.00045436988175738254 0.00030226244033236494 0.00082121741957493107 -0.00029313749894113321 0.0014332283498244042
leaf_weight=44 26 253 156 202 576 351 110 144 443 40 60 67 22 58 40 46 29 23 84 35 391 207 74 49 148 174 260 124 122 142
leaf_count=44 26 253 156 202 576 351 110 144 443 40 60 67 22 58 40 46 29 23 84 35 391 207 74 49 148 174 260 124 122 142
internal_value=2.12009e-12 -0.000251641 0.00116561 -0.000630813 0.000325777 -0.00039262 0.000601565 0.000728406 -0.00109278 -0.000168927 -8.00857e-07 -0.000119715 -1.68702e-06 -0.000850173 -0.0006936 0.00191166 0.00102551 -0.000200588 -0.00180935 -0.00150845 -0.000154399 -0.000971518 -0.000313885 0.00193129 2.08504e-05 -7.33778e-05 0.000550548 0.00117152 -0.000594947 0.00176329
internal_weight=4500 3701 799 2234 1467 1474 455 657 760 990 810 950 761 484 391 344 263 690 110 93 667 650 465 71 192 750 513 234 189 298
internal_count=4500 3701 799 2234 1467 1474 455 657 760 990 810 950 761 484 391 344 263 690 110 93 667 650 465 71 192 750 513 234 189 298
is_linear=0
shrinkage=0.1


Tree=42
num_leaves=31
num_cat=0
split_feature=0 1 1 0 1 1 4 1 2 1 0 1 1 2 0 0 1 1 1 1 1 1 1 1 1 1 1 1 1 1
split_gain=0.106913 0.0670702 0.0276837 0.0231001 0.0109928 0.0165961 0.0101967 0.0100165 0.00926115 0.00925232 0.00541469 0.00493116 0.0239757 0.00476638 0.00466053 0.00438233 0.00412067 0.00943885 0.0100204 0.00569629 0.00388357 0.004403 0.00953894 0.00582298 0.00341981 0.00340256 0.0176697 0.0103854 0.00776466 0.00303784
threshold=435.00000000000006 97.500000000000014 64.500000000000014 1200.0000000000002 56.500000000000007 48.500000000000007 1237.0000000000002 194.50000000000003 70653.500000000015 166.50000000000003 1357.5000000000002 136.50000000000003 129.50000000000003 53474.500000000007 750.00000000000011 1357.5000000000002 8.5000000000000018 24.500000000000004 33.500000000000007 15.500000000000002 17.500000000000004 80.500000000000014 72.500000000000014 88.500000000000014 248.50000000000003 136.50000000000003 128.50000000000003 152.50000000000003 123.50000000000001 248.50000000000003
decision_type=2 2 2 2 2 2 2 2 2 2 2 2 2 2 2 2 2 2 2 2 2 2 2 2 2 2 2 2 2 2
left_child=2 6 4 7 5 16 15 25 -5 11 20 12 -4 -13 -9 -2 -1 19 -19 -18 -8 22 -22 -23 -10 26 28 -27 -3 -11
right_child=1 3 9 8 -6 -7 10 14 24 29 -12 13 -14 -15 -16 -17 17 18 -20 -21 21 23 -24 -25 -26 27 -28 -29 -30 -31
leaf_value=-0.001326202425513078 -0.001029872332886072 0.0002904772558349804 0.0009736520334134301 -0.00052078754867770569 -0.0017724275864936688 0.0022905206798600991 -0.0012188086630715135 0.0011162165474563248 -7.4491095604912803e-06 0.0017454487863633559 -0.00096172356806911881 -0.00078985449169219162 0.0046025557909160856 0.00087368551300090491 0.00049133373057221464 -0.0018332847108950422 -2.666760923429614e-05 -0.0019242941492026854 0.0002776520798849355 0.002120722831459716 -0.00043334190816833476 -0.0015343363552590386 0.00083387942400092838 -0.00030415368065795132 0.0009033625636695197 -0.00074250627020365501 0.0018817035781327062 0.00028143089465891308 -0.0011761507735090246 0.0028656928524099018
leaf_weight=22 221 201 203 577 27 37 64 190 397 234 337 24 20 61 321 98 21 31 62 30 427 71 69 84 46 138 65 351 44 27
leaf_count=22 221 201 203 577 27 37 64 190 397 234 337 24 20 61 321 98 21 31 62 30 427 71 69 84 46 138 65 351 44 27
internal_value=1.46498e-12 -0.000226477 0.00104905 0.000100071 0.000123218 0.000375349 -0.00078144 0.00037791 -0.000256762 0.00142329 -0.000631265 0.00105208 0.00129911 0.00040398 0.000723678 -0.00127669 -5.1527e-05 0.000143215 -0.00045633 0.0012365 -0.00047551 -0.000402436 -0.000257055 -0.000867657 8.71273e-05 0.000156774 0.000415955 -7.53297e-06 2.70828e-05 0.00186134
internal_weight=4500 3701 799 2330 230 203 1371 1310 1020 569 1052 308 223 85 511 319 166 144 93 51 715 651 496 155 443 799 310 489 245 261
internal_count=4500 3701 799 2330 230 203 1371 1310 1020 569 1052 308 223 85 511 319 166 144 93 51 715 651 496 155 443 799 310 489 245 261
is_linear=0
shrinkage=0.1


Tree=43
num_leaves=31
num_cat=0
split_feature=0 2 1 0 1 1 2 1 1 2 1 1 0 0 1 0 0 2 0 1 1 1 2 1 2 1 1 1 0 0
split_gain=0.0885064 0.0386333 0.0385047 0.019605 0.0106481 0.0104242 0.0101277 0.00851688 0.00823351 0.0078948 0.00849641 0.00796947 0.00740106 0.00627057 0.00496031 0.00469296 0.00445389 0.00398555 0.00382276 0.00349728 0.00900316 0.00647789 0.00333345 0.00294211 0.00268375 0.00252272 0.00233776 0.00428661 0.00384084 0.00449651
threshold=750.00000000000011 51563.500000000007 64.500000000000014 285.00000000000006 59.500000000000007 53.500000000000007 78641.000000000015 136.50000000000003 3.5000000000000004 95171.000000000015 136.50000000000003 153.50000000000003 285.00000000000006 592.50000000000011 208.50000000000003 1357.5000000000002 1665.0000000000002 43002.000000000007 1665.0000000000002 80.500000000000014 88.500000000000014 72.500000000000014 94469.500000000015 7.5000000000000009 17867.500000000004 132.50000000000003 33.500000000000007 24.500000000000004 435.00000000000006 592.50000000000011
decision_type=2 2 2 2 2 2 2 2 2 2 2 2 2 2 2 2 2 2 2 2 2 2 2 2 2 2 2 2 2 2
left_child=2 5 4 14 8 16 13 17 -1 10 25 18 24 -5 -4 -13 23 19 -12 21 -21 -7 -8 -2 -10 -3 27 28 -14 -30
right_child=1 9 3 6 -6 7 22 -9 12 -11 11 15 26 -15 -16 -17 -18 -19 -20 20 -22 -23 -24 -25 -26 -27 -28 -29 29 -31
leaf_value=-0.0017760661206449623 -0.0015630513247257721 0.00066946362228097113 0.0013951623427943694 0.00070054827830321668 -0.0023434880253096874 -0.00053075453418813116 0.0010897381986048468 -0.0016359516886611453 0.00048558655173939222 0.00099064875153306365 -0.00052495743774280917 0.00020764749861930463 0.00074436356193355974 6.1485570213412198e-05 0.0023964545514900239 -0.00020733719734852157 -0.0017272219915053268 2.9121187907225314e-05 -0.0018709183066116218 -0.0016249837196735013 -0.00045070145423499355 0.00050474775536538108 0.0021468732712997332 -0.0008168847031788728 0.0017130087175325531 0.0020889971959626393 5.7779568921652197e-05 -0.0014563502076877437 -0.0014388075097539353 7.7769741271723711e-05
leaf_weight=27 60 31 218 436 22 222 174 59 79 84 112 627 31 237 64 482 76 177 26 83 306 83 36 443 23 21 145 36 34 46
leaf_count=27 60 31 218 436 22 222 174 59 79 84 112 627 31 237 64 482 76 177 26 83 306 83 36 443 23 21 145 36 34 46
internal_value=1.55923e-12 -0.000330693 0.000594754 0.000896508 -0.000198798 -0.000680597 0.000664681 -0.000473213 -8.67235e-05 5.1089e-05 -9.6677e-06 -6.18931e-05 2.90436e-05 0.000475499 0.00162241 2.72844e-05 -0.0010137 -0.000394452 -0.000778544 -0.000502481 -0.000701255 -0.000248962 0.00127096 -0.000905891 0.000762358 0.00124274 -0.000227114 -0.000508132 -0.000200602 -0.000566776
internal_weight=4500 2892 1608 1165 443 1509 883 930 421 1383 1299 1247 394 673 282 1109 579 871 138 694 389 305 210 503 102 52 292 147 111 80
internal_count=4500 2892 1608 1165 443 1509 883 930 421 1383 1299 1247 394 673 282 1109 579 871 138 694 389 305 210 503 102 52 292 147 111 80
is_linear=0
shrinkage=0.1


Tree=44
num_leaves=31
num_cat=0
split_feature=0 1 2 1 2 4 0 4 0 1 0 1 1 1 2 3 2 0 0 2 1 1 1 2 0 2 1 1 0 3
split_gain=0.0716902 0.0326431 0.0315217 0.0228454 0.0191081 0.010125 0.00866343 0.00813709 0.00677355 0.00582194 0.00536967 0.00531177 0.00510135 0.00506279 0.00480635 0.00439275 0.00438969 0.00435296 0.00329363 0.00291851 0.00276357 0.00270467 0.00257864 0.00251975 0.00247908 0.00223404 0.00217145 0.00214196 0.0021328 0.0021203
threshold=750.00000000000011 128.50000000000003 49020.500000000007 136.50000000000003 59144.000000000007 1921.0000000000002 285.00000000000006 1434.5000000000002 1665.0000000000002 240.50000000000003 435.00000000000006 136.50000000000003 136.50000000000003 3.5000000000000004 58101.000000000007 502.29891967773443 92891.500000000015 285.00000000000006 1515.0000000000002 50589.000000000007 122.50000000000001 239.50000000000003 98.500000000000014 43002.000000000007 592.50000000000011 12522.500000000002 129.50000000000003 23.500000000000004 435.00000000000006 409.65887451171881
decision_type=2 2 2 2 2 2 2 2 2 2 2 2 2 2 2 2 2 2 2 2 2 2 2 2 2 2 2 2 2 2
left_child=1 5 7 28 19 13 21 18 9 12 25 15 26 -1 -14 23 24 27 -2 -5 22 -6 -12 -9 -8 -7 -4 -15 -3 -19
right_child=2 3 8 4 6 10 16 11 -10 -11 20 -13 14 17 -16 -17 -18 29 -20 -21 -22 -23 -24 -25 -26 -27 -28 -29 -30 -31
leaf_value=-0.0015984595162552542 -0.00085516133675790206 0.0038258510277323098 0.00030094155692495406 -0.0012188805311989901 0.0015940271083265544 -0.00015214039292186501 0.00095816888312597189 -0.00046700204291108115 -0.00046052247859925321 0.00069428660205135843 -6.5689499896589876e-05 -0.0018003235417806233 -0.00051365769079298547 0.0013133314482512929 8.2474957709633342e-05 -0.0013125051418423287 0.0017867285370205838 -0.00029863232662577386 -0.001535816452542349 -2.4511908319861203e-05 -0.0010396427630136411 0.0028465090692043303 0.00076007446659100684 -1.0624951151994731e-05 0.00044825883741322209 0.00084638015969176197 0.0014071042946953742 0.00015588625275126812 0.002478272900528585 -0.0013689800191968972
leaf_weight=27 274 23 35 26 125 25 268 852 233 158 132 30 162 21 819 56 48 248 96 96 21 20 53 141 148 216 36 67 24 20
leaf_count=27 274 23 35 26 125 25 268 852 233 158 132 30 162 21 819 56 48 248 96 96 21 20 53 141 148 216 36 67 24 20
internal_value=2.12261e-12 0.000535278 -0.000297624 0.00100065 0.000863248 9.90609e-05 0.00109208 -0.000627085 3.32077e-05 0.000128281 0.00042236 -0.000488317 4.3273e-05 -0.000278262 -1.5969e-05 -0.000450795 0.000881238 -0.000178135 -0.00103176 -0.000279049 4.74778e-05 0.00176678 0.000170881 -0.000402199 0.000776759 0.000742799 0.000861813 0.000432095 0.00313773 -0.000378509
internal_weight=4500 1608 2892 778 731 830 609 1449 1443 1210 447 1079 1052 383 981 1049 464 356 370 122 206 145 185 993 416 241 71 88 47 268
internal_count=4500 1608 2892 778 731 830 609 1449 1443 1210 447 1079 1052 383 981 1049 464 356 370 122 206 145 185 993 416 241 71 88 47 268
is_linear=0
shrinkage=0.1


Tree=45
num_leaves=31
num_cat=0
split_feature=0 1 2 0 1 4 2 2 0 1 1 1 4 0 0 3 1 0 1 1 1 1 1 2 1 3 1 1 1 0
split_gain=0.0581097 0.0318232 0.0297166 0.0097102 0.00894818 0.00823451 0.00684712 0.00627306 0.00596805 0.00629224 0.00711681 0.00533914 0.00523524 0.00491649 0.0044396 0.00378241 0.00272003 0.00265219 0.00389948 0.00334962 0.00247313 0.00242975 0.0102769 0.00314312 0.00303319 0.00237368 0.00227915 0.00226531 0.00245047 0.00224397
threshold=592.50000000000011 48.500000000000007 61976.000000000007 1665.0000000000002 194.50000000000003 1834.5000000000002 1745.5000000000002 95171.000000000015 435.00000000000006 24.500000000000004 33.500000000000007 15.500000000000002 1700.5000000000002 285.00000000000006 900.00000000000011 511.09959411621099 248.50000000000003 900.00000000000011 17.500000000000004 7.5000000000000009 42.500000000000007 136.50000000000003 128.50000000000003 51891.500000000007 144.50000000000003 425.03292846679693 56.500000000000007 136.50000000000003 149.50000000000003 1050.0000000000002
decision_type=2 2 2 2 2 2 2 2 2 2 2 2 2 2 2 2 2 2 2 2 2 2 2 2 2 2 2 2 2 2
left_child=1 6 3 5 12 17 -1 14 9 11 -11 -8 26 -14 -4 21 -6 18 -2 -19 -5 22 29 -24 -23 -15 -3 -22 -29 -7
right_child=2 4 7 20 16 15 8 -9 -10 10 -12 -13 13 25 -16 -17 -18 19 -20 -21 27 24 23 -25 -26 -27 -28 28 -30 -31
leaf_value=-0.0020684235577431063 0.00039482748610747951 0.00094175701378844683 0.00045245463740275702 -0.0015804179916783336 0.0012266791757861127 1.85191873003535e-06 -4.190845520497533e-05 0.00094157250842545181 -0.0010913806099093473 -0.0016810887406820492 0.00017461008089794046 0.0018150225499023996 0.0011981627003782101 0.00048163117729737724 -5.0357775573618643e-06 -0.0010814942033748399 0.002150758320616709 -0.0015480139574311597 -0.00060069001297835772 -0.0006759923168904215 -0.00060497791814019108 -0.00097085162136421345 0.00052354682442065886 0.0018061629335941942 -0.00022491487374356556 0.001207808192479066 -0.00025639620612605247 -0.0021079444456845522 -0.00081919595670317197 -0.00034285571754433974
leaf_weight=23 54 20 287 61 229 327 32 100 61 31 62 30 192 335 813 47 37 49 145 436 126 74 56 29 207 52 77 25 36 447
leaf_count=23 54 20 287 61 229 327 32 100 61 31 62 30 192 335 813 47 37 49 145 436 126 74 56 29 207 52 77 25 36 447
internal_value=1.33808e-12 0.000602416 -0.000214358 -0.000439533 0.000863885 -0.000361597 -0.000428143 0.000183265 -0.000253484 7.62689e-05 -0.000443956 0.000856607 0.000670551 0.000784455 0.000114328 -0.000202346 0.00135522 -0.00063796 -0.00033055 -0.000764093 -0.00102751 -0.0001661 -8.26002e-05 0.000961145 -0.000421354 0.000579205 -9.35431e-06 -0.000847149 -0.00134737 -0.000197223
internal_weight=4500 1181 3319 2119 942 1871 239 1200 216 155 93 62 676 579 1100 1187 266 684 199 485 248 1140 859 85 281 387 97 187 61 774
internal_count=4500 1181 3319 2119 942 1871 239 1200 216 155 93 62 676 579 1100 1187 266 684 199 485 248 1140 859 85 281 387 97 187 61 774
is_linear=0
shrinkage=0.1


Tree=46
num_leaves=31
num_cat=0
split_feature=0 1 2 1 1 4 1 1 0 0 0 1 1 1 1 2 2 2 1 0 1 1 1 1 0 3 0 1 3 1
split_gain=0.0475068 0.0220686 0.0214637 0.0186526 0.0146343 0.00746203 0.00590414 0.00586303 0.00576846 0.0054338 0.00490064 0.00409584 0.00390881 0.00364406 0.00370252 0.00328411 0.00319486 0.00306952 0.00410027 0.00263957 0.00251361 0.00230841 0.00210262 0.00360381 0.00223495 0.00204029 0.00195202 0.0018846 0.0018131 0.00164449
threshold=750.00000000000011 128.50000000000003 50589.000000000007 136.50000000000003 153.50000000000003 1315.5000000000002 53.500000000000007 136.50000000000003 285.00000000000006 285.00000000000006 1665.0000000000002 248.50000000000003 14.500000000000002 136.50000000000003 192.50000000000003 94469.500000000015 702.50000000000011 10039.000000000002 31.500000000000004 1050.0000000000002 124.50000000000001 228.50000000000003 3.5000000000000004 17.500000000000004 285.00000000000006 262.69795227050787 1665.0000000000002 8.5000000000000018 356.38760375976568 95.500000000000014
decision_type=2 2 2 2 2 2 2 2 2 2 2 2 2 2 2 2 2 2 2 2 2 2 2 2 2 2 2 2 2 2
left_child=1 5 6 28 -5 22 16 19 21 -7 11 13 -11 -4 -15 -10 -2 -14 -19 -8 29 -6 -1 27 -25 -21 -18 -24 -3 -20
right_child=2 3 10 4 8 9 7 -9 15 12 -12 -13 17 14 -16 -17 26 18 20 25 -22 -23 23 24 -26 -27 -28 -29 -30 -31
leaf_value=-0.0014046060731229574 -0.0019676113767283306 0.0020277636335231364 0.00090647733199875806 -0.00047052601009280363 0.0011952025641719056 0.00071402778430957258 -1.0632782070964591e-05 -0.001460782293126815 0.00062484182844046803 -0.0012133724866030008 -0.00038436312573136643 0.0008457856891877719 0.0012484170253510062 -0.00016787464631261729 0.00020800947729247588 0.0016174314698825282 -0.00064034401828218853 -0.0012365100799560543 5.5965037210283869e-05 -0.0013237497708557741 -0.00085913270207432421 0.0021312818479012042 -0.00030985575928449785 8.5564750712364921e-05 -0.0010118822395876728 -0.00036389852334318739 -0.0012050220053060913 0.00093074573762714867 0.0032839755734635728 0.00049322591529065872
leaf_weight=23 21 20 50 94 117 171 243 45 450 23 230 73 23 491 562 36 488 23 271 23 24 34 24 25 72 596 70 25 27 126
leaf_count=23 21 20 50 94 117 171 243 45 450 23 230 73 23 491 562 36 488 23 271 23 24 34 24 25 72 596 70 25 27 126
internal_value=6.33376e-13 0.00043574 -0.000242279 0.000818383 0.000694226 7.70706e-05 -0.000507273 -0.000348014 0.000866105 0.000228682 3.77934e-05 0.000120358 5.93063e-05 7.2347e-05 3.27397e-05 0.000698367 -0.000756752 0.000121986 6.36353e-05 -0.000289923 0.000134665 0.00140598 -0.000515919 -0.00037592 -0.000729035 -0.000399563 -0.000711182 0.000323104 0.00274942 0.000194743
internal_weight=4500 1608 2892 778 731 830 1486 907 637 661 1406 1176 490 1103 1053 486 579 467 444 862 421 151 169 146 97 619 558 49 47 397
internal_count=4500 1608 2892 778 731 830 1486 907 637 661 1406 1176 490 1103 1053 486 579 467 444 862 421 151 169 146 97 619 558 49 47 397
is_linear=0
shrinkage=0.1


Tree=47
num_leaves=31
num_cat=0
split_feature=0 2 2 4 0 0 4 2 1 0 3 1 1 2 1 1 1 1 0 2 3 1 1 1 0 1 1 0 1 2
split_gain=0.0398437 0.0252899 0.0115555 0.00875594 0.00651408 0.00630005 0.00452921 0.00366839 0.00278128 0.00270222 0.00238325 0.00219253 0.00287462 0.00267403 0.00217385 0.0095862 0.00354768 0.00315208 0.00211754 0.00196367 0.00178511 0.00178257 0.00453556 0.0043498 0.00189013 0.00166128 0.0020534 0.00162729 0.00163774 0.00161676
threshold=435.00000000000006 58785.000000000007 51563.500000000007 1757.5000000000002 900.00000000000011 1357.5000000000002 1538.0000000000002 100154.50000000001 248.50000000000003 1665.0000000000002 511.09959411621099 136.50000000000003 143.50000000000003 48779.000000000007 136.50000000000003 128.50000000000003 123.50000000000001 108.50000000000001 285.00000000000006 93391.000000000015 194.33487701416018 80.500000000000014 89.500000000000014 74.500000000000014 900.00000000000011 140.50000000000003 162.50000000000003 1665.0000000000002 192.50000000000003 13622.500000000002
decision_type=2 2 2 2 2 2 2 2 2 2 2 2 2 2 2 2 2 2 2 2 2 2 2 2 2 2 2 2 2 2
left_child=2 3 6 9 8 10 -1 27 -3 20 14 13 -13 -7 15 16 17 21 -8 25 -2 23 -23 -5 -24 -4 -27 28 -6 -20
right_child=1 4 19 5 7 11 18 -9 -10 -11 -12 12 -14 -15 -16 -17 -18 -19 29 -21 -22 22 24 -25 -26 26 -28 -29 -30 -31
leaf_value=-0.00022041105045036985 -0.00097055611338564248 0.00041403025581985279 0.0018979660008335488 -8.8117138459952634e-05 -0.00012891368047865639 -0.00048764496064837592 0.00076396238092928787 0.0013112418238465167 0.0013270310048634807 -0.0012252970028759377 -0.00081856465811142693 -0.0019754192270782021 -0.00063691043818407179 0.00040616334991756126 -0.00033598269691474783 0.0011596551914200453 -0.00089777638562130364 0.00048896095946797814 -0.00045173322712933575 0.0019918349719691007 -0.00050224666091699813 -0.0010244566098285409 0.00033190927287796515 0.0010670339967701521 -0.0003587659426557366 0.00039168654533577353 0.0010771793166870238 -0.00026203404109918191 0.00017646084075833809 0.000388426800579949
leaf_weight=119 94 456 20 274 271 351 158 22 36 68 40 21 68 37 187 70 48 107 27 22 607 65 75 37 84 53 249 184 499 151
leaf_count=119 94 456 20 274 271 351 158 22 36 68 40 21 68 37 187 70 48 107 27 22 607 65 75 37 84 53 249 184 499 151
internal_value=2.8255e-13 -0.000138257 0.000640412 -0.000350207 0.000184143 -0.000206691 0.000309742 3.45814e-05 0.000480835 -0.000623428 -6.24788e-05 -0.000505092 -0.000952738 -0.000402411 -3.05428e-05 4.46115e-05 -6.85088e-05 -6.50754e-06 0.000497505 0.00107778 -0.000565044 -0.000105601 -0.000320682 4.93124e-05 -3.29757e-05 0.00101533 0.000956878 5.14055e-06 6.89849e-05 0.000260987
internal_weight=4500 3701 799 2233 1468 1464 455 976 492 769 987 477 89 388 947 760 690 642 336 344 701 535 224 311 159 322 302 954 770 178
internal_count=4500 3701 799 2233 1468 1464 455 976 492 769 987 477 89 388 947 760 690 642 336 344 701 535 224 311 159 322 302 954 770 178
is_linear=0
shrinkage=0.1


Tree=48
num_leaves=31
num_cat=0
split_feature=0 1 2 0 1 1 4 1 1 2 0 1 1 1 0 0 3 0 1 2 0 1 1 2 1 2 1 1 2 2
split_gain=0.0323252 0.0199062 0.0160903 0.00590449 0.00503568 0.00454509 0.00452699 0.00433939 0.0142178 0.00429661 0.00393946 0.00520249 0.00538226 0.00428957 0.00290898 0.00265244 0.0023483 0.0018837 0.00364694 0.00219498 0.00174773 0.00170317 0.00571004 0.00203944 0.00180728 0.00155649 0.00534514 0.00600115 0.00351399 0.00308913
threshold=592.50000000000011 48.500000000000007 61197.500000000007 1665.0000000000002 208.50000000000003 4.5000000000000009 1834.5000000000002 56.500000000000007 64.500000000000014 98381.000000000015 435.00000000000006 24.500000000000004 33.500000000000007 15.500000000000002 1357.5000000000002 285.00000000000006 511.09959411621099 750.00000000000011 47.500000000000007 30423.500000000004 285.00000000000006 136.50000000000003 128.50000000000003 53474.500000000007 144.50000000000003 40763.000000000007 128.50000000000003 136.50000000000003 36758.500000000007 53474.500000000007
decision_type=2 2 2 2 2 2 2 2 2 2 2 2 2 2 2 2 2 2 2 2 2 2 2 2 2 2 2 2 2 2
left_child=1 5 3 6 7 -1 17 -3 -9 14 11 13 -13 -7 -4 -10 21 18 -2 -20 -6 22 -8 -24 -23 28 -27 -28 -17 -29
right_child=2 4 9 -5 20 10 16 8 15 -11 -12 12 -14 -15 -16 25 -18 -19 19 -21 -22 24 23 -25 -26 26 27 29 -30 -31
leaf_value=-0.0017708117741027049 0.00043295477899707707 0.0013833309024058899 0.0002149629249069003 -0.00078987123779073473 0.0015341882048232947 -6.3646518279828377e-05 -0.0001360272676411302 -0.0013865073232386168 0.0008636217205436102 0.001160251087397531 -0.0008898344564499894 -0.0015029603040837233 0.00011083080232398765 0.0016137285825485984 -0.00010796473482817721 0.00046343490613770549 -0.00083965335147792206 -0.00054017241085079751 -0.0015446498693199829 -8.0847609968345968e-05 0.00089896361196088726 -0.00076513898444094072 0.00042017444984669027 0.0015083389270633537 -0.00017663929956605168 -0.00056047299070071364 0.0021309548778282034 -0.00059993156207602976 0.0017657578600427278 0.00050588288194543273
leaf_weight=21 59 56 742 245 64 31 774 39 218 39 64 31 62 30 447 102 47 584 20 21 134 73 61 24 183 57 21 29 26 196
leaf_count=21 59 56 742 245 64 31 774 39 218 39 64 31 62 30 447 102 47 584 20 21 134 73 61 24 183 57 21 29 26 196
internal_value=8.47073e-13 0.000449307 -0.000159877 -0.00032861 0.000656104 -0.000365765 -0.000267392 0.000536829 0.000467927 0.000127437 -0.000230417 4.3627e-05 -0.0004271 0.000761292 9.35595e-05 0.000579365 -0.000147245 -0.000471502 -7.04647e-05 -0.000794897 0.00110429 -0.000118058 -5.05871e-05 0.000727421 -0.000344454 0.000435587 0.000312073 0.000514248 0.000727969 0.000363356
internal_weight=4500 1181 3319 2091 942 239 1846 744 688 1228 218 154 93 61 1189 649 1162 684 100 41 198 1115 859 85 256 431 303 246 128 225
internal_count=4500 1181 3319 2091 942 239 1846 744 688 1228 218 154 93 61 1189 649 1162 684 100 41 198 1115 859 85 256 431 303 246 128 225
is_linear=0
shrinkage=0.1


Tree=49
num_leaves=31
num_cat=0
split_feature=0 4 2 0 2 1 2 1 1 2 0 1 1 0 2 3 0 2 3 4 1 2 4 3 0 3 1 0 2 1
split_gain=0.0265222 0.0150393 0.0105878 0.00769139 0.00434226 0.00395888 0.00387788 0.00329212 0.00657478 0.00256514 0.00219614 0.00219391 0.00363738 0.00211586 0.00198602 0.00181614 0.00180961 0.00179858 0.00173793 0.00167274 0.00309017 0.00255731 0.00247034 0.00157418 0.00156044 0.00151826 0.00145018 0.00122478 0.00135953 0.00271183
threshold=900.00000000000011 1926.5000000000002 26182.500000000004 285.00000000000006 65774.000000000015 215.50000000000003 1069.5000000000002 80.500000000000014 88.500000000000014 97365.000000000015 1200.0000000000002 186.50000000000003 192.50000000000003 285.00000000000006 84595.500000000015 431.68679809570318 592.50000000000011 100154.50000000001 480.88562011718756 1526.5000000000002 17.500000000000004 2110.5000000000005 979.50000000000011 423.90020751953131 592.50000000000011 318.57673645019537 70.500000000000014 1665.0000000000002 7197.0000000000009 24.500000000000004
decision_type=2 2 2 2 2 2 2 2 2 2 2 2 2 2 2 2 2 2 2 2 2 2 2 2 2 2 2 2 2 2
left_child=1 13 6 14 16 7 -2 26 -9 11 -10 -6 -13 25 -3 19 18 -7 23 20 21 -15 -22 -5 -21 -1 -4 28 -8 -30
right_child=2 3 5 4 9 17 27 8 10 -11 -12 12 -14 15 -16 -17 -18 -19 -20 24 22 -23 -24 -25 -26 -27 -28 -29 29 -31
leaf_value=-9.0308231278134871e-05 -0.0018082533646975208 0.00079725148008447815 -0.00012710595931114061 0.00028314246694637703 0.00099678203156587631 0.00013370134635446701 -0.00072298676129887442 -0.0011575306013933836 2.2578705852004666e-05 0.0015573513286653907 -0.00025759803834669452 -0.00061858990375185385 0.00049381210986028043 -0.00042316822925516007 0.001590696310934921 -0.0010836264774507773 -9.6872219193850241e-07 0.00106409254102883 -0.00053786138202915694 0.00033651709752266918 -0.0014734087383438802 0.00070137740724767828 -0.00045809924217199145 0.00087904795215746278 -0.0002669099705539398 0.00068297361546239364 0.00066625178578760824 -0.00085352962225922484 0.00034984012377111524 -0.00045756137145550762
leaf_weight=62 24 255 36 271 74 374 143 70 426 24 815 32 361 42 36 26 347 22 22 81 29 39 138 53 91 43 64 91 47 362
leaf_count=62 24 255 36 271 74 374 143 70 426 24 815 32 361 42 36 26 347 22 22 81 29 39 138 53 91 43 64 91 47 362
internal_value=8.74833e-13 0.000268274 -0.000219694 0.000434797 0.000321589 -9.4008e-05 -0.000560197 -0.000172421 -0.000214608 0.000549103 -0.000161421 0.000497287 0.000403235 -0.0001775 0.00089541 -0.000272581 0.000160393 0.00018539 0.00032222 -0.000222373 -0.000388572 0.00011828 -0.00063441 0.000380621 1.72621e-05 0.000226369 0.000380643 -0.000513613 -0.000457576 -0.000364779
internal_weight=4500 2026 2474 1475 1184 1807 667 1411 1311 491 1241 467 393 551 291 446 693 396 346 420 248 81 167 324 172 105 100 643 552 409
internal_count=4500 2026 2474 1475 1184 1807 667 1411 1311 491 1241 467 393 551 291 446 693 396 346 420 248 81 167 324 172 105 100 643 552 409
is_linear=0
shrinkage=0.1


Tree=50
num_leaves=31
num_cat=0
split_feature=0 2 2 0 1 1 1 1 2 0 3 1 4 1 2 1 1 1 1 0 2 1 3 1 1 2 1 1 2 1
split_gain=0.0216106 0.0141596 0.00691012 0.00594517 0.0041313 0.00587621 0.00348202 0.00324506 0.00562906 0.00261292 0.00287717 0.0022981 0.002283 0.00211985 0.00209885 0.00238336 0.00374333 0.00756722 0.0019919 0.00190404 0.00176242 0.00161758 0.00159757 0.00135681 0.00134636 0.00134359 0.00158509 0.00129355 0.00323349 0.00256626
threshold=435.00000000000006 32352.500000000004 46597.500000000007 1050.0000000000002 80.500000000000014 70.500000000000014 233.50000000000003 136.50000000000003 56713.500000000007 1357.5000000000002 168.03022766113284 127.50000000000001 1434.5000000000002 248.50000000000003 40763.000000000007 45.500000000000007 56.500000000000007 64.500000000000014 25.500000000000004 1665.0000000000002 14268.000000000002 88.500000000000014 341.24293518066412 248.50000000000003 119.50000000000001 36511.500000000007 80.500000000000014 31.500000000000004 16115.500000000002 24.500000000000004
decision_type=2 2 2 2 2 2 2 2 2 2 2 2 2 2 2 2 2 2 2 2 2 2 2 2 2 2 2 2 2 2
left_child=2 4 12 6 5 9 22 11 -9 27 -11 -4 -1 19 15 18 -17 -18 -14 -5 -20 -6 -3 -10 -16 26 -19 29 -29 -2
right_child=1 3 7 13 21 -7 -8 8 23 10 -12 -13 14 -15 24 16 17 25 20 -21 -22 -23 -24 -25 -26 -27 -28 28 -30 -31
leaf_value=-0.00025103307693385551 -0.00030010332147065838 -9.2114768477192857e-05 0.00085481193356985318 -6.7607598903317732e-05 -0.0013663337240426767 0.00032498941247262515 0.00065644004277904365 -0.00041739871459347866 0.00075176067215149741 -0.0017180774234356764 -0.00055712252198112896 0.0022684407703902408 0.00066203700007463342 0.00047774250284419398 -0.00063799924443147201 0.0015423227618354047 -0.0013875297311460599 0.00096336558825619852 -0.00095715155312791473 -0.00036339601889873543 0.00013579456079039826 -0.00055936326430325962 0.00021076731586211242 0.001494632636334885 0.00039600832129508493 0.0014247074765576559 0.00012382169145646251 0.00030623534483730999 -0.00035461998192839425 -0.0010067169027024648
leaf_weight=93 261 229 23 1029 54 124 150 42 275 23 297 23 32 60 34 37 20 46 25 276 36 46 727 27 20 22 44 104 257 64
leaf_count=93 261 229 23 1029 54 124 150 42 275 23 297 23 32 60 34 37 20 46 25 276 36 46 727 27 20 22 44 104 257 64
internal_value=3.91345e-13 -0.000101822 0.000471642 3.61791e-05 -0.000379058 -0.000324538 0.000208499 0.000772803 0.000667321 -0.000404599 -0.000640566 0.00156163 0.000184472 -0.000103444 0.000312643 0.000429645 0.000653384 0.000404212 2.30645e-05 -0.000130165 -0.000312134 -0.000995127 0.000138215 0.000818176 -0.000255033 0.000724165 0.000552922 -0.000294527 -0.000164235 -0.000439252
internal_weight=4500 3701 799 2471 1230 1130 1106 390 344 1006 320 46 409 1365 316 262 169 132 93 1305 61 100 956 302 54 112 90 686 361 325
internal_count=4500 3701 799 2471 1230 1130 1106 390 344 1006 320 46 409 1365 316 262 169 132 93 1305 61 100 956 302 54 112 90 686 361 325
is_linear=0
shrinkage=0.1


Tree=51
num_leaves=31
num_cat=0
split_feature=0 4 2 0 1 1 1 1 1 2 1 0 0 2 0 1 1 1 1 2 3 1 4 0 3 3 2 2 1 2
split_gain=0.0178322 0.00906674 0.00859266 0.00429543 0.00358855 0.00330481 0.00313021 0.00421561 0.00261917 0.00221784 0.00201173 0.00194377 0.00181382 0.00169101 0.00167836 0.0016673 0.00162031 0.00672252 0.00184325 0.00144279 0.00141273 0.00150206 0.00403299 0.00136568 0.00131264 0.00130721 0.002136 0.00234181 0.00167383 0.00128853
threshold=750.00000000000011 1921.0000000000002 49296.500000000007 285.00000000000006 136.50000000000003 54.500000000000007 136.50000000000003 153.50000000000003 168.50000000000003 97365.000000000015 3.5000000000000004 285.00000000000006 1665.0000000000002 702.50000000000011 1050.0000000000002 132.50000000000003 136.50000000000003 129.50000000000003 145.50000000000003 84595.500000000015 409.65887451171881 17.500000000000004 1232.5000000000002 1515.0000000000002 262.69795227050787 455.91445922851568 40763.000000000007 38157.500000000007 39.500000000000007 94469.500000000015
decision_type=2 2 2 2 2 2 2 2 2 2 2 2 2 2 2 2 2 2 2 2 2 2 2 2 2 2 2 2 2 2
left_child=1 10 4 19 5 13 15 12 16 23 -1 -12 -8 -2 -7 -4 17 25 -18 -3 21 -13 -23 -9 -16 26 27 28 -5 -10
right_child=2 3 6 8 -6 14 7 9 29 -11 11 20 -14 -15 24 -17 18 -19 -20 -21 -22 22 -24 -25 -26 -27 -28 -29 -30 -31
leaf_value=-0.00095728670453859707 -0.001356625336311048 0.00066159785776451338 0.00033367504106453536 0.0010913938661461359 -0.0013347967404543479 5.9973525185341718e-05 -0.00033993933723195372 9.6339807222283998e-05 0.00043704092155781886 0.00073409877918691017 0.00031986367196283269 0.0004362627911905293 -0.0012284751631211424 -0.00044297579617933765 -0.0010137350830270655 0.0013326022068213207 -0.00072157118782342885 0.0017437499199981438 9.859942814958116e-05 0.0013378787966859011 -0.0010017759868424037 -0.0009633090567117427 -7.0863190250327964e-06 -0.00014229022438137369 -0.00022658637224664678 -0.00027575912879456154 -0.00023465453741166182 0.0013711508699502288 0.00015814460726496212 0.0010649116303991632
leaf_weight=27 21 255 55 22 34 235 128 814 355 46 99 40 28 573 22 24 40 28 87 36 20 57 195 340 572 64 73 22 152 36
leaf_count=27 21 255 55 22 34 235 128 814 355 46 99 40 28 573 22 24 40 28 87 36 20 57 195 340 572 64 73 22 152 36
internal_value=4.63965e-13 0.000266964 -0.000148436 0.000412251 -0.000319501 -0.000295242 2.52512e-05 -1.03975e-05 0.000302005 5.31754e-05 -0.000121132 -6.62018e-05 -0.00049942 -0.000475277 -0.000166243 0.000637147 0.000147492 0.00025557 -0.000159722 0.000745261 -0.000188703 -0.000133013 -0.000223375 2.60329e-05 -0.00025574 0.000130437 0.000227079 0.000399051 0.000276142 0.00049485
internal_weight=4500 1608 2892 1170 1457 1423 1435 1356 879 1200 438 411 156 594 829 79 488 361 127 291 312 292 252 1154 594 333 269 196 174 391
internal_count=4500 1608 2892 1170 1457 1423 1435 1356 879 1200 438 411 156 594 829 79 488 361 127 291 312 292 252 1154 594 333 269 196 174 391
is_linear=0
shrinkage=0.1


Tree=52
num_leaves=31
num_cat=0
split_feature=1 0 1 1 0 1 1 0 1 1 1 1 2 1 2 1 0 1 1 2 1 1 1 1 1 1 1 2 2 0
split_gain=0.0162761 0.0154923 0.00838612 0.0068093 0.00355012 0.00270656 0.0105601 0.00249811 0.00360323 0.00407739 0.00401687 0.00240405 0.00228335 0.00159702 0.00339171 0.00240053 0.00157346 0.00133191 0.00133851 0.00202787 0.00129526 0.00370076 0.00276386 0.00323072 0.0023772 0.00386342 0.00279025 0.00160986 0.0013629 0.00304873
threshold=1.5000000000000002 592.50000000000011 48.500000000000007 162.50000000000003 1357.5000000000002 56.500000000000007 64.500000000000014 435.00000000000006 24.500000000000004 15.500000000000002 33.500000000000007 244.50000000000003 100154.50000000001 136.50000000000003 51563.500000000007 141.50000000000003 285.00000000000006 93.500000000000014 80.500000000000014 27543.000000000004 104.50000000000001 136.50000000000003 128.50000000000003 123.50000000000001 80.500000000000014 74.500000000000014 86.500000000000014 50589.000000000007 18219.500000000004 750.00000000000011
decision_type=2 2 2 2 2 2 2 2 2 2 2 2 2 2 2 2 2 2 2 2 2 2 2 2 2 2 2 2 2 2
left_child=-1 2 7 4 20 -4 -7 8 9 -2 -10 16 -5 14 17 -15 -8 18 19 -6 24 22 23 -22 25 28 -26 -23 29 -3
right_child=1 3 5 12 13 6 11 -9 10 -11 -12 -13 -14 15 -16 -17 -18 -19 -20 -21 21 27 -24 -25 26 -27 -28 -29 -30 -31
leaf_value=-0.0025972149955729648 -0.00013641560255660135 0.00045896361182752555 0.0011326484599132008 6.7623208064733113e-05 -0.00047007853113886625 -0.0011930805751128506 0.00064609266026623786 -0.00072450016848640245 -0.0013355947043296071 0.0014231119095347822 5.8553086015425861e-05 0.001184954501482896 0.0009655358811744071 -0.0016812500682482053 0.00096498323662672189 -0.00051275433301001337 0.00034923395319062301 -0.00013660316434185448 -0.00096210681965222902 0.00035243103643138471 0.00030580278576738625 -0.00085796369179987758 0.00084089049549110123 -0.00070857448299648245 -0.0011287086633674337 0.0008505518425386626 -0.00027159304096314855 -0.00015066205634320303 -0.00036600010825350187 -0.00019657431069537137
leaf_weight=24 38 92 56 1209 327 39 269 68 31 30 62 47 29 21 20 108 531 185 47 33 146 39 66 40 50 41 158 184 200 310
leaf_count=24 38 92 56 1209 327 39 269 68 31 30 62 47 29 21 20 108 531 185 47 33 146 39 66 40 50 41 158 184 200 310
internal_value=7.11604e-13 1.39261e-05 0.000326476 -9.6814e-05 -0.000207899 0.000458422 0.000415807 -0.000216286 -1.63714e-06 0.000551611 -0.000406163 0.000489888 8.86567e-05 -0.000383212 -0.000315811 -0.000702975 0.000449053 -0.000359081 -0.000460208 -0.000394682 -0.00010993 2.23592e-05 0.000284933 8.76571e-05 -0.00018377 -8.87104e-05 -0.00047763 -0.000274361 -0.00015268 -4.65507e-05
internal_weight=4500 4476 1171 3305 2067 942 886 229 161 68 93 847 1238 741 612 129 800 592 407 360 1326 475 252 186 851 643 208 223 602 402
internal_count=4500 4476 1171 3305 2067 942 886 229 161 68 93 847 1238 741 612 129 800 592 407 360 1326 475 252 186 851 643 208 223 602 402
is_linear=0
shrinkage=0.1


Tree=53
num_leaves=31
num_cat=0
split_feature=1 0 2 2 0 4 1 1 0 1 1 1 1 1 3 3 1 1 0 0 1 1 1 2 2 1 1 1 1 1
split_gain=0.0131836 0.0125487 0.00692341 0.00570378 0.0029437 0.00232219 0.00218703 0.00538129 0.00218449 0.00277743 0.00470606 0.00330268 0.00188595 0.00171903 0.00141941 0.00217979 0.00137146 0.00204394 0.00186951 0.00156896 0.00133791 0.00259545 0.0109135 0.00442643 0.00299936 0.00339903 0.0013307 0.00217435 0.0018665 0.00254658
threshold=1.5000000000000002 592.50000000000011 17867.500000000004 70653.500000000015 1200.0000000000002 1412.5000000000002 56.500000000000007 64.500000000000014 435.00000000000006 24.500000000000004 33.500000000000007 15.500000000000002 238.50000000000003 249.50000000000003 324.23257446289068 426.87771606445318 187.50000000000003 191.50000000000003 1515.0000000000002 900.00000000000011 80.500000000000014 128.50000000000003 136.50000000000003 55688.000000000007 40763.000000000007 99.500000000000014 104.50000000000001 136.50000000000003 128.50000000000003 123.50000000000001
decision_type=2 2 2 2 2 2 2 2 2 2 2 2 2 2 2 2 2 2 2 2 2 2 2 2 2 2 2 2 2 2
left_child=-1 2 8 4 26 -4 -7 -8 9 11 -11 -2 20 16 -6 -16 19 -18 -19 -5 -9 24 -23 -24 25 -22 -3 28 29 -28
right_child=1 3 5 13 14 6 7 12 -10 10 -12 -13 -14 -15 15 -17 17 18 -20 -21 21 22 23 -25 -26 -27 27 -29 -30 -31
leaf_value=-0.0023374935437459501 -0.00012277404633718298 -0.00015456219286975471 -0.00045060892291076015 0.0012520092696649953 -0.00045899943206359245 0.0010732960202753581 -0.00093357222885343026 0.00081880740961221628 -0.00065191396134246641 -0.0013752911499856661 0.00014644434277359986 0.0012808007235677603 0.0009737322158798634 0.00055266839921344841 -0.0001326375047424079 -0.00053524214131032619 -0.00086561651163113626 0.00016879711095618474 -0.000197522357392376 0.00020979767701087093 8.079673586480292e-05 0.0022443662566894837 -0.00043162664562677514 0.00048256990984695426 -0.00031774666442252767 0.0014126762963348517 0.00035094106122822519 -9.5044345891605986e-05 0.00081207724826526839 -0.00064466207678020573
leaf_weight=24 38 676 30 20 325 52 29 72 72 30 63 30 64 86 674 168 24 530 189 52 66 33 61 402 102 27 116 357 55 33
leaf_count=24 38 676 30 20 325 52 29 72 72 30 63 30 64 86 674 168 24 530 189 52 66 33 61 402 102 27 116 357 55 33
internal_value=5.26677e-13 1.25335e-05 0.000293829 -8.71326e-05 -0.000167558 0.000415016 0.000443616 0.000405365 -0.000194043 1.07197e-05 -0.000344438 0.00049645 0.000452316 0.000127453 -0.000281485 -0.000212967 8.25836e-05 4.22018e-05 7.25045e-05 0.000499301 0.00040858 0.000365836 0.000487355 0.000362125 5.6742e-05 0.000467471 -6.0077e-05 5.37767e-05 0.000314214 0.000130438
internal_weight=4500 4476 1171 3305 2404 938 908 856 233 161 93 68 827 901 1167 842 815 743 719 72 763 691 496 463 195 93 1237 561 204 149
internal_count=4500 4476 1171 3305 2404 938 908 856 233 161 93 68 827 901 1167 842 815 743 719 72 763 691 496 463 195 93 1237 561 204 149
is_linear=0
shrinkage=0.1


Tree=54
num_leaves=31
num_cat=0
split_feature=1 0 1 1 0 1 1 2 1 2 0 1 1 1 4 3 1 2 1 1 0 2 3 1 1 1 1 2 2 1
split_gain=0.0106787 0.0101645 0.00566531 0.00467403 0.00259527 0.0019792 0.00724149 0.00178125 0.00175141 0.00170073 0.00160794 0.00245061 0.00267517 0.00247352 0.00131355 0.00140858 0.00151149 0.0027894 0.00131356 0.00127338 0.00118339 0.00113742 0.00195532 0.00134097 0.00109213 0.00382637 0.00203855 0.00101023 0.000996443 0.000943217
threshold=1.5000000000000002 592.50000000000011 48.500000000000007 160.50000000000003 1665.0000000000002 56.500000000000007 64.500000000000014 95171.000000000015 136.50000000000003 86938.500000000015 435.00000000000006 24.500000000000004 15.500000000000002 33.500000000000007 1834.5000000000002 511.09959411621099 136.50000000000003 51146.500000000007 3.5000000000000004 94.500000000000014 285.00000000000006 17545.000000000004 390.22650146484381 53.500000000000007 80.500000000000014 89.500000000000014 75.500000000000014 8325.5000000000018 13622.500000000002 141.50000000000003
decision_type=2 2 2 2 2 2 2 2 2 2 2 2 2 2 2 2 2 2 2 2 2 2 2 2 2 2 2 2 2 2
left_child=-1 2 10 4 14 -4 -7 -5 19 20 11 12 -2 -13 18 16 17 21 -3 -6 -8 22 -16 -23 26 -26 -25 -12 -15 -18
right_child=1 3 5 7 8 6 9 -9 -10 -11 27 13 -14 28 15 -17 29 -19 -20 -21 -22 23 -24 24 25 -27 -28 -29 -30 -31
leaf_value=-0.0021037442160983725 -0.00011049664585458999 0.00046596156508894637 0.00094945111517777804 3.749340990689856e-05 -0.00053209013919878611 -0.00099586078110568891 0.00052341833971051991 0.00047720853757346048 -0.0010661583713277481 0.00078508973664429503 -0.00098634253495909056 -0.0010724047803969663 0.0011527206573130873 0.00060256105556618419 0.00088702845832033621 -0.00060408764761535729 -0.00063798264018259947 0.00072718538834194019 -0.00027305209769917587 4.0321778059088894e-05 0.00025668532922333125 -0.00059785817727021386 -1.4413968684883521e-05 1.0815129728614018e-05 -0.00076396699664833074 7.0984499810650483e-06 0.0008805391188202934 -0.0002151318014616014 -0.00025503453472906372 -0.00016117172112351823
leaf_weight=24 38 25 56 1170 127 39 250 100 43 100 33 31 30 20 35 47 53 52 634 56 497 46 77 147 77 392 33 35 42 191
leaf_count=24 38 25 56 1170 127 39 250 100 43 100 33 31 30 20 35 47 53 52 634 56 497 46 77 147 77 392 33 35 42 191
internal_value=9.79639e-14 1.12801e-05 0.000264446 -7.84194e-05 -0.000172366 0.000372895 0.000336453 7.21166e-05 -0.000491868 0.000397799 -0.000181664 -9.4536e-06 0.000446805 -0.000343062 -0.00013245 -6.79443e-05 -4.50987e-05 1.72911e-05 -0.000245017 -0.000356926 0.000345953 -2.84518e-05 0.000267287 -7.61104e-05 -3.91298e-05 -0.000119494 0.000170265 -0.000589396 2.16092e-05 -0.000264741
internal_weight=4500 4476 1171 3305 2035 942 886 1270 226 847 229 161 68 93 1809 1150 1103 859 659 183 747 807 112 695 649 469 180 68 62 244
internal_count=4500 4476 1171 3305 2035 942 886 1270 226 847 229 161 68 93 1809 1150 1103 859 659 183 747 807 112 695 649 469 180 68 62 244
is_linear=0
shrinkage=0.1


Tree=55
num_leaves=31
num_cat=0
split_feature=0 4 4 1 0 3 2 2 0 1 2 1 2 2 0 4 3 1 1 0 3 4 1 3 3 1 4 0 1 1
split_gain=0.00869972 0.00558976 0.00370848 0.00323181 0.0030632 0.00306073 0.00168093 0.00158789 0.00164127 0.00129838 0.0010951 0.00103504 0.00094337 0.00249054 0.00210066 0.00208921 0.00210366 0.00152316 0.00227957 0.00120482 0.00115606 0.00123507 0.00094336 0.00112537 0.001107 0.000908293 0.00129549 0.000850283 0.00135575 0.00074894
threshold=900.00000000000011 1926.5000000000002 1672.5000000000002 15.500000000000002 285.00000000000006 449.00236511230474 92891.500000000015 100154.50000000001 1665.0000000000002 7.5000000000000009 10734.000000000002 184.50000000000003 4715.0000000000009 2110.5000000000005 592.50000000000011 1232.5000000000002 415.76388549804693 56.500000000000007 64.500000000000014 285.00000000000006 300.93545532226568 1589.0000000000002 26.500000000000004 480.88562011718756 423.90020751953131 80.500000000000014 1526.5000000000002 435.00000000000006 63.500000000000007 235.50000000000003
decision_type=2 2 2 2 2 2 2 2 2 2 2 2 2 2 2 2 2 2 2 2 2 2 2 2 2 2 2 2 2 2
left_child=1 12 9 -3 29 7 22 8 10 -2 -4 -12 13 14 -1 19 17 20 -19 -14 -17 -22 -6 24 -24 -20 -27 -26 -29 -5
right_child=2 3 5 4 6 -7 -8 -9 -10 -11 11 -13 15 -15 -16 16 -18 18 25 -21 21 -23 23 -25 27 26 -28 28 -30 -31
leaf_value=-0.00090622136153147698 -0.00081195558018631257 -0.00097651514723630893 0.00067288920254213744 0.00051447827629104274 0.00085273466480430228 -0.00048704014207942244 0.00069548287994201442 0.00085502509798971002 -0.00024585817430628631 -0.00031650528975130408 -7.1191236893441919e-05 0.00010202134389704278 8.5378916119225329e-05 0.00069034519720515431 0.00034204985697844961 0.00078310648814570452 -0.0010665811988292261 -0.0010445734699785064 0.00034067777702227395 -0.00079066592126316067 -0.00031656699024438243 0.00045543843582489116 0.000137634630146177 -0.00043419869219970647 0.00089413105870335137 -0.00069007743247008577 -1.235083016629776e-06 -0.00041313492859314596 0.00048627561340560852 0.0010680249284228517
leaf_weight=28 61 21 24 258 20 160 65 20 322 398 946 543 20 47 26 33 20 26 46 73 40 43 917 31 32 36 113 21 83 27
leaf_count=28 61 21 24 258 20 160 65 20 322 398 946 543 20 47 26 33 20 26 46 73 40 43 917 31 32 36 113 21 83 27
internal_value=5.87887e-13 0.000153648 -0.000125825 0.000255169 0.000272958 -6.73907e-05 0.000201291 -3.11945e-05 -4.08536e-05 -0.000382349 2.77596e-06 -8.02506e-06 -0.000118119 0.000158072 -0.000305202 -0.000180109 -7.01345e-05 -1.09982e-05 -0.000165023 -0.000602269 0.000282446 8.33876e-05 0.000172194 0.000159638 0.000177121 -4.77496e-05 -0.000167667 0.000443362 0.000304664 0.00056692
internal_weight=4500 2026 2474 1475 1454 2015 1169 1855 1835 459 1513 1489 551 101 54 450 357 337 221 93 116 83 1104 1084 1053 195 149 136 104 285
internal_count=4500 2026 2474 1475 1454 2015 1169 1855 1835 459 1513 1489 551 101 54 450 357 337 221 93 116 83 1104 1084 1053 195 149 136 104 285
is_linear=0
shrinkage=0.1


Tree=56
num_leaves=31
num_cat=0
split_feature=1 0 2 2 1 1 1 0 2 1 1 0 4 2 4 0 3 3 4 2 1 1 1 3 0 1 2 2 1 1
split_gain=0.00797363 0.00703283 0.00401357 0.00256619 0.00252601 0.00229572 0.00222565 0.00189004 0.0016555 0.00170411 0.00220722 0.0018299 0.0012989 0.00272334 0.00209431 0.00118323 0.00114337 0.00097445 0.00107369 0.00152471 0.000889129 0.00273425 0.00215739 0.000877837 0.00084388 0.00083148 0.00395027 0.00114215 0.000819702 0.000753931
threshold=1.5000000000000002 900.00000000000011 65774.000000000015 48779.000000000007 136.50000000000003 136.50000000000003 153.50000000000003 285.00000000000006 98381.000000000015 185.50000000000003 192.50000000000003 592.50000000000011 1921.0000000000002 4715.0000000000009 1064.5000000000002 285.00000000000006 405.57615661621099 453.70428466796881 1669.5000000000002 10734.000000000002 80.500000000000014 74.500000000000014 86.500000000000014 371.87547302246099 1515.0000000000002 136.50000000000003 46866.000000000007 56713.500000000007 248.50000000000003 136.50000000000003
decision_type=2 2 2 2 2 2 2 2 2 2 2 2 2 2 2 2 2 2 2 2 2 2 2 2 2 2 2 2 2 2
left_child=-1 2 7 4 17 -5 24 25 9 -4 11 -11 13 -9 -15 -12 -16 18 -3 -20 21 23 -22 -21 -7 26 -2 -27 -8 -14
right_child=1 3 8 5 -6 6 28 12 -10 10 15 -13 29 14 16 -17 -18 -19 19 20 22 -23 -24 -25 -26 27 -28 -29 -30 -31
leaf_value=-0.0018178631570966294 0.00022588123231091436 -0.00028484082854860886 0.00074661071591565693 0.00052283318954999766 -0.0013211441331077369 -0.00023039303086561094 -1.2863701167369671e-05 0.00040017391830527533 0.0012530409218743444 0.00012561314933918767 0.0006564037641672056 -0.001075728785335308 0.00014938971222868189 -0.00098683593338743476 -0.00012842823215379137 0.0002533602564247908 -0.00091078872559592129 -0.00044878787086872763 0.00067200658948142803 0.00012365352553590331 -0.00082615155777751408 0.0007419759892056593 -0.00011505377297880565 -0.00028525614471611394 -0.00075145014567652301 -0.00059775525106765012 0.0015843554418097485 0.00034587095443416264 0.00032839405318411176 -7.4112865646112704e-05
leaf_weight=24 198 407 84 78 20 85 953 75 20 32 90 21 476 36 283 382 20 128 26 90 49 45 330 126 49 23 24 29 76 221
leaf_count=24 198 407 84 78 20 85 953 75 20 32 90 21 476 36 283 382 20 128 26 90 49 45 330 126 49 23 24 29 76 221
internal_value=6.86335e-13 9.74726e-06 0.000148338 -0.000103625 -0.000206552 -2.35668e-06 -3.75801e-05 5.32039e-05 0.000357815 0.000328415 0.000261503 -0.00035039 -4.80959e-06 -0.000145106 -0.000265744 0.000330212 -0.000180069 -0.000187991 -0.00015688 -7.8681e-05 -0.000109178 3.28562e-05 -0.00020699 -0.000114877 -0.000420929 0.000288434 0.000372743 -7.15022e-05 1.2341e-05 7.8523e-05
internal_weight=4500 4476 2014 2462 1221 1241 1163 1385 629 609 525 53 1111 414 339 472 303 1201 1073 666 640 261 379 216 134 274 222 52 1029 697
internal_count=4500 4476 2014 2462 1221 1241 1163 1385 629 609 525 53 1111 414 339 472 303 1201 1073 666 640 261 379 216 134 274 222 52 1029 697
is_linear=0
shrinkage=0.1


Tree=57
num_leaves=31
num_cat=0
split_feature=1 0 1 1 1 0 2 0 3 4 2 1 2 4 1 1 1 3 2 1 1 0 1 2 2 3 3 1 1 1
split_gain=0.00645864 0.00579347 0.00373963 0.00252616 0.00227381 0.00223352 0.00195967 0.00174288 0.00131692 0.00118772 0.0016696 0.00267964 0.00253506 0.00145437 0.00143258 0.00429584 0.00212753 0.00182649 0.00119116 0.00111688 0.00110161 0.00107626 0.000993072 0.00141966 0.00121646 0.000954078 0.00090936 0.00145318 0.000830442 0.00337993
threshold=1.5000000000000002 1050.0000000000002 192.50000000000003 187.50000000000003 168.50000000000003 592.50000000000011 56246.000000000007 285.00000000000006 441.27537536621099 1921.0000000000002 5400.0000000000009 33.500000000000007 9649.0000000000018 1087.5000000000002 136.50000000000003 129.50000000000003 125.50000000000001 455.91445922851568 16115.500000000002 144.50000000000003 36.500000000000007 285.00000000000006 136.50000000000003 49635.500000000007 46866.000000000007 373.31616210937506 373.31616210937506 8.5000000000000018 136.50000000000003 122.50000000000001
decision_type=2 2 2 2 2 2 2 2 2 2 2 2 2 2 2 2 2 2 2 2 2 2 2 2 2 2 2 2 2 2
left_child=-1 2 3 4 7 -5 22 28 -8 10 26 12 13 -12 15 16 17 20 -13 -16 -11 -4 24 -24 -3 -6 27 -9 29 -2
right_child=1 6 21 5 25 -7 8 9 -10 14 11 18 -14 -15 19 -17 -18 -19 -20 -21 -22 -23 23 -25 -26 -27 -28 -29 -30 -31
leaf_value=-0.0016360768505061668 0.00019027712030556825 -0.00020009238619605858 0.00063529929271010732 -1.8111531412264765e-05 0.00018667395793416195 -0.0013559003069531174 2.1683735540071029e-05 -5.8281605904792546e-05 -0.00066385086252482555 0.00078179418362259601 -0.00094054064577600615 0.00033502779376060477 -0.0016194333476723052 -2.4290965648549725e-05 -0.00050141984893878756 0.0010603848351266882 -0.00082844565579132633 -0.00029378123710801487 -0.000187440730035371 -1.9822216153525835e-05 0.00014356594688807466 0.00026925519176494652 -0.0012189753464467469 -0.0003145444248675631 0.00020331127871256211 0.00065381057590266323 -0.00036409029018376836 0.0007499251427527105 -0.00014007722096390682 0.0013840768395716118
leaf_weight=24 195 969 95 26 95 24 831 45 29 29 30 53 23 41 68 46 26 97 247 165 401 520 21 100 81 81 23 44 44 27
leaf_count=24 195 969 95 26 95 24 831 45 29 29 30 53 23 41 68 46 26 97 247 165 401 520 21 100 81 81 23 44 44 27
internal_value=1.09496e-12 8.77253e-06 0.000112463 4.07685e-05 6.04601e-05 -0.00066025 -0.000116055 2.30214e-05 -1.43313e-06 -2.34562e-05 -0.00014427 -0.000241118 -0.000707012 -0.000411439 5.00193e-05 0.000131859 5.46214e-05 9.81882e-05 -9.5138e-05 -0.000160374 0.000186609 0.000325799 -0.000200234 -0.000471512 -0.000168973 0.000401663 0.000196428 0.000341281 0.000256807 0.000335469
internal_weight=4500 4476 2445 1830 1780 50 2031 1604 860 1338 506 394 94 71 832 599 553 527 300 233 430 615 1171 121 1050 176 112 89 266 222
internal_count=4500 4476 2445 1830 1780 50 2031 1604 860 1338 506 394 94 71 832 599 553 527 300 233 430 615 1171 121 1050 176 112 89 266 222
is_linear=0
shrinkage=0.1


Tree=58
num_leaves=31
num_cat=0
split_feature=1 0 2 2 1 1 3 0 4 1 1 0 1 1 1 1 2 1 1 2 1 1 2 4 2 0 2 2 1 2
split_gain=0.0052315 0.00490997 0.00348396 0.00221989 0.00189203 0.00482721 0.00184728 0.00182697 0.00177937 0.00203695 0.00199724 0.00190973 0.00144946 0.00107994 0.00101926 0.00174377 0.00131581 0.00443864 0.00771636 0.0028918 0.00187399 0.0010623 0.0019974 0.000861522 0.001119 0.0011845 0.000964243 0.000885495 0.00154088 0.000977009
threshold=1.5000000000000002 592.50000000000011 17867.500000000004 80875.000000000015 56.500000000000007 64.500000000000014 453.70428466796881 1357.5000000000002 2046.5000000000002 23.500000000000004 37.500000000000007 435.00000000000006 33.500000000000007 248.50000000000003 80.500000000000014 87.500000000000014 40763.000000000007 128.50000000000003 136.50000000000003 54752.500000000007 103.50000000000001 125.50000000000001 46866.000000000007 1840.5000000000002 5400.0000000000009 900.00000000000011 7197.0000000000009 17098.500000000004 33.500000000000007 9649.0000000000018
decision_type=2 2 2 2 2 2 2 2 2 2 2 2 2 2 2 2 2 2 2 2 2 2 2 2 2 2 2 2 2 2
left_child=-1 2 6 7 -4 -6 8 23 9 11 -10 -2 -11 14 -7 -16 20 21 -19 -20 -17 22 -18 24 25 -3 -26 28 29 -28
right_child=1 3 4 -5 5 13 -8 -9 10 12 -12 -13 -14 -15 15 16 17 18 19 -21 -22 -23 -24 -25 26 -27 27 -29 -30 -31
leaf_value=-0.0014724691592467329 0.00060622685923590331 0.00049909406795632097 0.00084445222614535687 0.00013329433361785925 -0.00088333863665890962 0.00059827949462487595 -0.00075411011957628442 -0.00019766447993191155 0.0012702896381961183 -0.0010353438531941115 -0.0001260220653854222 -0.00051820401314888961 -0.00017799965173661785 0.00081187997467979493 -0.00065448789391666653 0.00035063682705601995 -0.00053279936517833075 0.0017985831450487517 -0.00050179876929905731 0.00030037937477667224 0.0014707362360786647 -0.0010560521157458424 0.00059794655576947018 1.4927226797170477e-05 -0.00074803459046961511 -0.00014409546537495066 -3.5194975894030546e-05 -0.00029385476770565021 0.00040449846323099337 -0.0008583812059701555
leaf_weight=24 44 50 54 529 37 80 43 1008 20 33 21 23 49 37 22 59 61 33 50 444 20 20 21 1267 32 67 46 225 60 21
leaf_count=24 44 50 54 529 37 80 43 1008 20 33 21 23 49 37 22 59 61 33 50 444 20 20 21 1267 32 67 46 225 60 21
internal_value=6.69893e-13 7.89528e-06 0.00018385 -5.44477e-05 0.000269818 0.000234716 -0.000162234 -9.02241e-05 -2.82827e-05 -0.000188812 0.000555106 0.000220228 -0.000523028 0.000283556 0.000259423 0.000222288 0.000249533 0.000201219 0.000318087 0.000219187 0.000634206 -0.000402597 -0.000243218 -2.89685e-05 -0.000139978 0.000130772 -0.000222473 -0.000174694 3.64168e-05 -0.000293209
internal_weight=4500 4476 1171 3305 938 884 233 2776 190 149 41 67 82 847 810 730 708 629 527 494 79 102 82 1768 501 117 384 352 127 67
internal_count=4500 4476 1171 3305 938 884 233 2776 190 149 41 67 82 847 810 730 708 629 527 494 79 102 82 1768 501 117 384 352 127 67
is_linear=0
shrinkage=0.1


Tree=59
num_leaves=31
num_cat=0
split_feature=1 0 2 0 2 1 1 1 2 1 1 3 4 1 2 1 1 1 0 1 1 1 1 0 1 1 1 0 2 1
split_gain=0.00423751 0.00403287 0.0024941 0.00159985 0.00159003 0.00119522 0.00101249 0.00120851 0.00115665 0.00180222 0.00113897 0.000948629 0.000867017 0.00142815 0.00273502 0.00207768 0.00220025 0.00124046 0.000901355 0.00215533 0.000889262 0.000824118 0.00079148 0.000968055 0.000915546 0.00288422 0.00370357 0.000986432 0.00083484 0.000891217
threshold=1.5000000000000002 435.00000000000006 58101.000000000007 1665.0000000000002 51563.500000000007 248.50000000000003 135.50000000000003 125.50000000000001 40763.000000000007 98.500000000000014 119.50000000000001 413.60221862792974 1298.5000000000002 17.500000000000004 10734.000000000002 31.500000000000004 34.500000000000007 17.500000000000004 1200.0000000000002 8.5000000000000018 11.500000000000002 136.50000000000003 40.500000000000007 1200.0000000000002 136.50000000000003 128.50000000000003 126.50000000000001 900.00000000000011 16115.500000000002 108.50000000000001
decision_type=2 2 2 2 2 2 2 2 2 2 2 2 2 2 2 2 2 2 2 2 2 2 2 2 2 2 2 2 2 2
left_child=-1 4 3 12 6 -4 7 8 9 -2 -10 -6 17 20 -15 -16 -17 18 19 -3 -14 -5 23 -18 25 26 28 -27 -24 -30
right_child=1 2 5 21 11 -7 -8 -9 10 -11 -12 -13 13 14 15 16 22 -19 -20 -21 -22 -23 24 -25 -26 27 -28 -29 29 -31
leaf_value=-0.0013252222522472344 8.9565268705816021e-05 -0.00025584170059748712 3.6973515590722392e-05 -0.00027428509155224022 0.00030408249958254418 0.00037658162823187729 -0.00060773316188715402 0.00084208762253348889 -0.00065389283370581998 0.0010053640690508158 0.00027842528703331482 0.0007713961764238775 -0.00010694524808059215 0.00055308931956082614 -0.00083079171120463045 0.0010016237982199527 -0.00010780378092581838 -0.00041669380222727733 -0.00033618641978786661 0.00071378589988254563 -0.00082683098892605787 -0.0007922292075031815 0.00049001561100369382 -0.00093740873800759973 -0.00021616646617370075 0.00092849381306021124 -0.0012295934452245443 0.00027598496402788444 -8.5924092670250352e-05 0.00014697853395747329
leaf_weight=24 327 52 1387 181 293 112 20 22 38 23 20 51 32 77 34 20 39 166 56 41 37 37 31 22 241 36 26 65 782 208
leaf_count=24 327 52 1387 181 293 112 20 22 38 23 20 51 32 77 34 20 39 166 56 41 37 37 31 22 241 36 26 65 782 208
internal_value=6.73577e-13 7.10575e-06 -3.69731e-05 -0.000105174 0.000211512 6.23478e-05 8.77846e-05 0.000120134 8.12054e-05 0.000149746 -0.000332404 0.000373364 -7.66598e-05 -4.76365e-05 -2.82007e-05 -5.79609e-05 -4.00859e-05 -0.000228686 -1.92281e-05 0.000171629 -0.000492971 -0.000362193 -5.44543e-05 -0.000407006 -3.89715e-05 -1.77287e-06 -5.10029e-05 0.000508562 -2.09898e-05 -3.6991e-05
internal_weight=4500 4476 3682 2183 794 1499 450 430 408 350 58 344 1965 1650 1581 1504 1470 315 149 93 69 218 1450 61 1389 1148 1047 101 1021 990
internal_count=4500 4476 3682 2183 794 1499 450 430 408 350 58 344 1965 1650 1581 1504 1470 315 149 93 69 218 1450 61 1389 1148 1047 101 1021 990
is_linear=0
shrinkage=0.1


Tree=60
num_leaves=31
num_cat=0
split_feature=4 0 1 0 3 1 3 2 3 1 2 1 1 0 2 4 2 4 2 2 1 2 3 1 1 1 1 1 2 2
split_gain=0.00351825 0.00360065 0.00268924 0.0012238 0.00117249 0.00113485 0.000911359 0.000892814 0.00226317 0.00276749 0.00132275 0.000853102 0.00415036 0.00116195 0.00114012 0.00135453 0.00111572 0.00152047 0.000831217 0.000772026 0.000868717 0.000762399 0.00154778 0.000693116 0.000737421 0.00100504 0.00485294 0.00170439 0.00166678 0.0019829
threshold=1926.5000000000002 592.50000000000011 1.5000000000000002 1665.0000000000002 425.88151550292974 252.50000000000003 453.70428466796881 17545.000000000004 473.18829345703131 35.500000000000007 21603.500000000004 24.500000000000004 33.500000000000007 435.00000000000006 11426.000000000002 1443.5000000000002 11085.500000000002 1007.0000000000001 94469.500000000015 7986.5000000000009 3.5000000000000004 19223.500000000004 390.22650146484381 64.500000000000014 80.500000000000014 128.50000000000003 136.50000000000003 144.50000000000003 40763.000000000007 36758.500000000007
decision_type=2 2 2 2 2 2 2 2 2 2 2 2 2 2 2 2 2 2 2 2 2 2 2 2 2 2 2 2 2 2
left_child=2 7 -1 5 -5 6 21 8 9 -2 -9 13 16 -4 -14 -16 17 -13 23 20 -15 22 -3 -12 -25 28 -27 -28 29 -26
right_child=1 3 11 4 -6 -7 -8 10 -10 -11 18 12 14 19 15 -17 -18 -19 -20 -21 -22 -23 -24 24 25 26 27 -29 -30 -31
leaf_value=-0.0011927000324552259 0.0011980083971866408 0.00085331592602993958 0.00045023431325806124 -0.00010840514009255716 -0.00063636621682599073 0.00051038073220495233 -0.00021080133069988042 0.00091259047165901091 -0.00087619761191308509 -0.00033106113460862303 -0.00030017984763253483 -0.0013451877504121513 0.00064443253111676321 0.00037152917039975366 -0.00034257032431598232 -3.8929374129307795e-05 -0.0014146603223786731 -0.00031052098279267699 0.00084113661247432574 0.0004640764989890158 -0.00018398758644237121 1.5437721593192549e-05 -6.1858825834601051e-05 0.00061830167695471248 -3.5601534152548365e-05 0.0014890872640535237 -0.00050713771079244905 0.00024868535489574805 -0.00030836965631541994 0.001085680487570547
leaf_weight=24 20 33 51 265 50 46 174 30 25 29 25 20 20 32 201 546 23 49 22 25 234 1807 42 47 46 31 32 441 86 24
leaf_count=24 20 33 51 265 50 46 174 30 25 29 25 20 20 32 201 546 23 49 22 25 234 1807 42 47 46 31 32 441 86 24
internal_value=2.38603e-13 5.40779e-05 -0.000144576 -8.39482e-06 -0.000192208 1.9151e-05 8.16045e-06 0.000230064 -0.000101967 0.000293049 0.000261404 -0.00012363 -0.00017681 9.94065e-06 -0.000100682 -0.000120632 -0.000811483 -0.000610424 0.000235495 -6.72242e-05 -0.000117159 2.84045e-05 0.000340818 0.000217292 0.000235591 0.000208337 0.000276991 0.000197551 -1.34688e-05 0.000348838
internal_weight=4500 3275 1225 2417 315 2102 2056 858 74 49 784 1201 859 342 767 747 92 69 754 291 266 1882 75 732 707 660 504 473 156 70
internal_count=4500 3275 1225 2417 315 2102 2056 858 74 49 784 1201 859 342 767 747 92 69 754 291 266 1882 75 732 707 660 504 473 156 70
is_linear=0
shrinkage=0.1


Tree=61
num_leaves=31
num_cat=0
split_feature=2 1 1 1 1 0 1 1 1 2 1 1 0 2 0 1 1 1 1 0 3 4 1 1 2 1 2 0 1 1
split_gain=0.00304366 0.00431594 0.00290426 0.00299766 0.00242478 0.00198857 0.00162298 0.00186981 0.00207117 0.00163814 0.00121459 0.00107504 0.00101928 0.000992841 0.000957839 0.000954849 0.00370314 0.00266981 0.0031248 0.0015299 0.00109381 0.00249544 0.00183565 0.00146997 0.00140392 0.00116439 0.000921272 0.000918716 0.00148852 0.00329999
threshold=51563.500000000007 136.50000000000003 136.50000000000003 130.50000000000003 1.5000000000000002 592.50000000000011 123.50000000000001 128.50000000000003 126.50000000000001 47828.000000000007 147.50000000000003 133.50000000000003 1050.0000000000002 100154.50000000001 750.00000000000011 64.500000000000014 59.500000000000007 80.500000000000014 88.500000000000014 900.00000000000011 391.74278259277349 1623.0000000000002 17.500000000000004 33.500000000000007 13229.000000000002 8.5000000000000018 47828.000000000007 750.00000000000011 15.500000000000002 24.500000000000004
decision_type=2 2 2 2 2 2 2 2 2 2 2 2 2 2 2 2 2 2 2 2 2 2 2 2 2 2 2 2 2 2
left_child=2 11 3 4 -1 -3 9 8 -8 12 -7 -2 15 -12 -5 16 20 19 -19 -17 21 22 25 -24 -25 -6 -4 28 -22 -30
right_child=1 5 26 14 6 10 7 -9 -10 -11 13 -13 -14 -15 -16 17 -18 18 -20 -21 27 -23 23 24 -26 -27 -28 -29 29 -31
leaf_value=-0.0010734300206725798 0.00058497868106184927 0.00023135994862479904 -0.0011719709950620714 0.001128827436358885 -6.1618287327291915e-05 -0.00037427359142227183 -0.00032103758231660697 0.00022381242316138621 -0.0014118127850384487 0.00081472722443074678 1.1796541036728987e-05 0.0014099798292260279 -0.00013007745864282609 0.00060289321579681387 0.00031767092138604335 0.00033791898106777133 -0.0010868807343392881 -0.0007007275535369892 9.4307354047487037e-05 0.0012583102964396989 -0.00064082851099288643 0.00052482774156384587 -0.00054548630631126636 0.00070047768480751833 -0.00018987599510832557 0.00060442689617322583 -0.00044374729816770692 -0.00051357729507799381 0.0012133130020546643 -0.00015002466428521311
leaf_weight=24 56 506 23 24 52 81 49 30 27 22 1411 22 938 29 37 129 34 59 305 21 34 97 88 23 77 53 71 64 22 92
leaf_count=24 56 506 23 24 52 81 49 30 27 22 1411 22 938 29 37 129 34 59 305 21 34 97 88 23 77 53 71 64 22 92
internal_value=2.93928e-13 8.77241e-05 -7.71019e-05 -5.48447e-05 -7.36801e-05 5.96353e-05 -6.28525e-05 -0.000444674 -0.00070855 -4.3671e-05 2.50668e-06 0.000817671 -5.27154e-05 2.37006e-05 0.000636814 1.03852e-05 -7.15314e-05 0.000111745 -3.45582e-05 0.000466774 -1.4186e-05 8.51962e-05 -6.03474e-05 -0.000247406 1.49054e-05 0.000274576 -0.00062193 -0.000197012 -6.01186e-05 0.000113076
internal_weight=4500 2105 2395 2301 2240 2027 2216 106 76 2110 1521 78 2088 1440 61 1150 636 514 364 150 602 390 293 188 100 105 94 212 148 114
internal_count=4500 2105 2395 2301 2240 2027 2216 106 76 2110 1521 78 2088 1440 61 1150 636 514 364 150 602 390 293 188 100 105 94 212 148 114
is_linear=0
shrinkage=0.1


Tree=62
num_leaves=31
num_cat=0
split_feature=0 2 1 1 1 1 1 1 1 1 1 1 1 1 1 2 2 0 1 1 2 1 3 1 0 1 1 1 1 2
split_gain=0.0027627 0.00218488 0.00226743 0.002059 0.00134824 0.00123603 0.00116866 0.00111014 0.00118811 0.00150618 0.00212728 0.00383245 0.00246918 0.00127219 0.00133808 0.00102656 0.000956228 0.000925184 0.00079128 0.00346288 0.00221459 0.00144005 0.00101944 0.000930447 0.00122439 0.000975742 0.000857164 0.000827585 0.000711838 0.00167664
threshold=285.00000000000006 51146.500000000007 136.50000000000003 136.50000000000003 147.50000000000003 1.5000000000000002 15.500000000000002 130.50000000000003 123.50000000000001 97.500000000000014 80.500000000000014 74.500000000000014 85.500000000000014 128.50000000000003 126.50000000000001 97365.000000000015 54752.500000000007 1515.0000000000002 24.500000000000004 31.500000000000004 7986.5000000000009 34.500000000000007 443.35560607910162 40.500000000000007 1357.5000000000002 37.500000000000007 12.500000000000002 33.500000000000007 190.50000000000003 65086.500000000007
decision_type=2 2 2 2 2 2 2 2 2 2 2 2 2 2 2 2 2 2 2 2 2 2 2 2 2 2 2 2 2 2
left_child=6 3 16 5 -4 -2 -1 8 9 10 11 18 -12 14 -10 17 -3 -6 20 -20 22 27 -7 24 25 -23 -24 -21 29 -19
right_child=1 2 4 -5 15 7 -8 -9 13 -11 12 -13 -14 -15 -16 -17 -18 28 19 21 -22 23 26 -25 -26 -27 -28 -29 -30 -31
leaf_value=-0.00043956997763851415 -0.00082044174302030705 0.00036155477422619031 -0.00031553723466407426 -0.00060145699148075416 7.5160361919144792e-05 4.3993532985622358e-07 0.00029490031984900927 0.00039384590506647243 -0.00032597570747644309 0.00011276402716345221 -0.00088792683750130792 0.00056008019294475828 -0.00018061408964664832 0.00012828676449160034 -0.0012619922619099575 0.00044167464930349246 0.001145818421553651 -0.0002086232606234262 -0.00072721534257365621 8.5201115479531631e-05 0.00057759097837981131 0.00022914015200747656 -0.00016671031037168135 -7.2099175388368585e-05 -0.00098064899847722037 -0.00053143154615788038 -0.00091586864339963849 0.00094082627692841929 -0.00022169335215481607 0.00047728522425640515
leaf_weight=23 22 53 106 77 1338 263 373 51 42 394 68 94 180 29 24 65 22 90 95 26 59 31 42 552 27 37 24 20 214 59
leaf_count=23 22 53 106 77 1338 263 373 51 42 394 68 94 180 29 24 65 22 90 95 26 59 31 42 552 27 37 24 20 214 59
internal_value=5.50196e-13 -2.43391e-05 5.24593e-05 -9.36606e-05 3.08589e-05 -7.48624e-05 0.000252242 -6.68921e-05 -7.86e-05 -6.14496e-05 -0.000106667 -5.43552e-05 -0.000374555 -0.000423773 -0.000666345 5.16505e-05 0.000591605 3.67466e-05 -0.000103468 -0.000161027 1.34301e-05 -8.34115e-05 -8.77416e-05 -0.000121848 -0.000410917 -0.0001847 -0.000439132 0.000457212 -0.000104845 6.29781e-05
internal_weight=4500 4104 1947 2157 1872 2080 396 2058 2007 1912 1518 1270 248 95 66 1766 75 1701 1176 788 388 693 329 647 95 68 66 46 363 149
internal_count=4500 4104 1947 2157 1872 2080 396 2058 2007 1912 1518 1270 248 95 66 1766 75 1701 1176 788 388 693 329 647 95 68 66 46 363 149
is_linear=0
shrinkage=0.1


Tree=63
num_leaves=31
num_cat=0
split_feature=0 4 1 2 0 1 1 1 1 2 1 2 3 1 4 1 1 2 1 1 1 1 3 0 4 4 0 1 1 2
split_gain=0.00241017 0.00187944 0.0015332 0.00237779 0.00132342 0.00108161 0.00153764 0.00171879 0.000766292 0.000641636 0.000637067 0.000684142 0.000581853 0.00140953 0.000501275 0.00127191 0.00141718 0.000713208 0.00079643 0.00164137 0.000830092 0.00203752 0.000783881 0.000602731 0.000549297 0.00108786 0.00083569 0.000547469 0.000779411 0.000680366
threshold=1357.5000000000002 1926.5000000000002 15.500000000000002 10039.000000000002 285.00000000000006 15.500000000000002 24.500000000000004 41.500000000000007 31.500000000000004 96030.000000000015 35.500000000000007 77640.500000000015 411.70973205566412 12.500000000000002 1298.5000000000002 17.500000000000004 7.5000000000000009 19504.000000000004 64.500000000000014 57.500000000000007 80.500000000000014 88.500000000000014 299.83282470703131 1050.0000000000002 1545.0000000000002 1405.0000000000002 750.00000000000011 33.500000000000007 24.500000000000004 19223.500000000004
decision_type=2 2 2 2 2 2 2 2 2 2 2 2 2 2 2 2 2 2 2 2 2 2 2 2 2 2 2 2 2 2
left_child=1 12 -3 -4 -5 -2 -7 -8 -6 -9 -10 -12 14 -14 15 16 -1 22 19 -19 -20 -22 -16 -18 25 -24 -26 28 -17 -29
right_child=5 2 3 4 8 6 7 9 10 -11 11 -13 13 -15 17 27 23 18 20 -21 21 -23 24 -25 26 -27 -28 29 -30 -31
leaf_value=-0.00024599925776758576 -0.00048039371333568573 -0.00064474516922408457 0.0010696848230436445 0.00029276752529800056 -0.0004241451120947204 0.00054765952930514077 -0.0006369332364314081 -0.00010002784625297275 0.00063065424910746515 0.00036923358061661323 2.8467194427642535e-05 0.00016112704811794228 0.00016471731031070586 -0.00090059199137613186 0.00054488248528546796 -0.00029035273399939698 0.00057030874973861511 9.2436693982259998e-05 0.0002984689872278068 -0.0011181470485704874 -0.00096146330144256358 -8.7717524911568029e-06 0.00033726290997583422 -6.8096131629621001e-05 0.00059067973910679398 -0.00052141622527415168 -0.00012721215875165898 5.1175098425509148e-05 -0.00091944576608159797 -0.00050143402076099767
leaf_weight=73 78 28 25 281 32 36 60 1014 20 30 1474 528 23 27 42 54 50 24 64 21 25 220 25 21 34 36 31 56 31 37
leaf_count=73 78 28 25 281 32 36 60 1014 20 30 1474 528 23 27 42 54 50 24 64 21 25 220 25 21 34 36 31 56 31 37
internal_value=6.62208e-13 4.45832e-05 9.08849e-05 9.96127e-05 8.92265e-05 -0.000120133 -9.54838e-05 -0.000116456 6.13808e-05 -8.65433e-05 6.90647e-05 6.34544e-05 -7.9095e-05 -0.00041055 -5.9459e-05 -0.000157583 6.33852e-05 1.0694e-06 -7.94547e-05 -0.000472502 -2.22147e-05 -0.000105985 0.000170745 0.000381485 4.60327e-05 -0.000169499 0.000248301 -0.000336343 -0.000519787 -0.00016868
internal_weight=4500 3282 2388 2360 2335 1218 1140 1104 2054 1044 2022 2002 894 50 844 322 144 522 354 45 309 245 168 71 126 61 65 178 85 93
internal_count=4500 3282 2388 2360 2335 1218 1140 1104 2054 1044 2022 2002 894 50 844 322 144 522 354 45 309 245 168 71 126 61 65 178 85 93
is_linear=0
shrinkage=0.1


Tree=64
num_leaves=31
num_cat=0
split_feature=0 1 1 0 2 3 3 4 1 1 1 1 3 1 2 0 1 2 1 2 3 2 1 1 2 1 1 2 2 1
split_gain=0.00197175 0.0015892 0.00241335 0.00148677 0.00143341 0.00113063 0.00120973 0.000658858 0.00100676 0.00126062 0.0010374 0.00101982 0.0008657 0.00085886 0.00315809 0.000690064 0.000874027 0.00170282 0.00204808 0.000806826 0.00219427 0.00210811 0.00123443 0.00110071 0.00103794 0.00176365 0.00455021 0.00122016 0.000797567 0.000766538
threshold=1050.0000000000002 192.50000000000003 187.50000000000003 592.50000000000011 66075.000000000015 285.40106201171881 425.88151550292974 1526.5000000000002 17.500000000000004 7.5000000000000009 33.500000000000007 24.500000000000004 269.31452941894537 15.500000000000002 9649.0000000000018 592.50000000000011 31.500000000000004 17098.500000000004 62.500000000000007 17867.500000000004 431.68679809570318 21289.500000000004 36.500000000000007 64.500000000000014 40763.000000000007 128.50000000000003 136.50000000000003 36758.500000000007 19504.000000000004 145.50000000000003
decision_type=2 2 2 2 2 2 2 2 2 2 2 2 2 2 2 2 2 2 2 2 2 2 2 2 2 2 2 2 2 2
left_child=1 2 4 -4 7 -2 -7 8 9 -1 11 -10 -12 -9 -15 19 -17 -18 28 20 22 -21 -16 -23 27 -26 -27 -25 -19 -28
right_child=5 -3 3 -5 -6 6 -8 13 10 -11 12 -13 -14 14 15 16 17 18 -20 21 -22 23 -24 24 25 26 29 -29 -30 -31
leaf_value=-0.00020112757733768954 -0.00029414460828502785 0.00019954596543379365 -0.00014745304383373319 -0.0012389286498849592 0.00038273895536390645 -1.3834811570377902e-05 -0.00024267851675720327 -0.00044471423490904271 -0.00023578358021702367 0.00042196960730235783 0.00023659854484541374 -0.00093896057563445847 -0.00024558300673771348 0.0011273717770732387 0.00074913495031761989 -0.00067294471761366985 0.00069335841621978036 -8.8833012374710639e-05 1.1099476452685466e-05 0.00085302606603363538 -0.0010356483383061872 -0.00045094248600756098 -0.00022066894461334285 0.00022357717265904508 -0.00031095725603154281 0.0012766875061281484 -0.00040224164745029017 0.00097756106182574662 -0.00082625804498093203 0.00010745575219502687
leaf_weight=63 207 615 26 24 110 1565 271 35 55 67 58 33 104 27 21 21 32 22 517 40 22 34 35 123 100 33 38 26 44 132
leaf_count=63 207 615 26 24 110 1565 271 35 55 67 58 33 104 27 21 21 32 22 517 40 22 34 35 123 100 33 38 26 44 132
internal_value=3.60713e-13 6.03603e-05 1.38895e-05 -0.000671361 3.30093e-05 -7.25919e-05 -4.76129e-05 1.01375e-05 -0.000105713 0.000120007 -0.000223087 -0.000499475 -7.29501e-05 4.39494e-05 5.74484e-05 3.41517e-05 -3.85466e-05 -1.68842e-05 -5.58684e-05 0.000110701 -0.000189434 0.000155208 0.000143008 9.77746e-05 0.00013905 3.27853e-05 0.000202117 0.000355145 -0.00058045 -6.47661e-06
internal_weight=4500 2457 1842 50 1792 2043 1836 1682 380 130 250 88 162 1302 1267 1240 636 615 583 604 78 526 56 486 452 303 203 149 66 170
internal_count=4500 2457 1842 50 1792 2043 1836 1682 380 130 250 88 162 1302 1267 1240 636 615 583 604 78 526 56 486 452 303 203 149 66 170
is_linear=0
shrinkage=0.1


Tree=65
num_leaves=31
num_cat=0
split_feature=0 4 0 1 1 1 1 3 3 3 0 4 1 1 2 3 4 2 2 1 2 1 2 1 1 3 1 1 1 1
split_gain=0.00175861 0.00133301 0.00097689 0.000827707 0.000726713 0.000894719 0.000662234 0.00057067 0.000748479 0.000563125 0.000573644 0.000523904 0.000664242 0.00059149 0.000522886 0.000938228 0.000552603 0.00047443 0.000455733 0.000448717 0.000978594 0.000519022 0.000482334 0.000427958 0.00153378 0.000835485 0.00111219 0.000481133 0.00041866 0.000742316
threshold=285.00000000000006 1926.5000000000002 1357.5000000000002 15.500000000000002 1.5000000000000002 3.5000000000000004 239.50000000000003 431.68679809570318 466.26844787597662 425.88151550292974 1665.0000000000002 1295.5000000000002 23.500000000000004 28.500000000000004 11085.500000000002 333.00718688964849 1443.5000000000002 86938.500000000015 97365.000000000015 188.50000000000003 64628.500000000007 181.50000000000003 70653.500000000015 17.500000000000004 23.500000000000004 480.88562011718756 50.500000000000007 34.500000000000007 135.50000000000003 146.50000000000003
decision_type=2 2 2 2 2 2 2 2 2 2 2 2 2 2 2 2 2 2 2 2 2 2 2 2 2 2 2 2 2 2
left_child=3 4 18 -1 -2 -6 -5 11 -9 17 -11 12 -7 -14 15 -13 -16 19 23 20 28 -22 -21 -3 -25 27 -27 -26 -4 -30
right_child=1 2 9 6 5 7 -8 8 -10 10 -12 14 13 -15 16 -17 -18 -19 -20 22 21 -23 -24 24 25 26 -28 -29 29 -31
leaf_value=-0.0003809625611883467 -0.00068151005543768415 -0.00035762645654988144 1.1942215198669535e-05 0.00020543405884969519 0.00041177160945318812 -8.2621851031191651e-05 0.00079693813808262353 -0.00092057660105638217 -6.5791145260889262e-05 -0.00010942171167098609 -0.00052639569004531953 0.00076538119898205401 -0.00085429961770950344 -0.00028138075968159884 -0.00030060528129304415 -2.4428348362287683e-05 -4.0088671732906766e-05 0.00017167003580222006 0.00035409507863176041 -0.00063106904298448094 0.00058887981948301839 -2.1450880608013409e-05 -0.00013605774310853253 0.0009008508502683114 0.00047940386105507901 -0.00079717360400806045 0.00014912591432221235 4.6332716283973543e-05 -0.00067749135023741818 -9.4355629208190583e-05
leaf_weight=23 22 26 235 353 33 198 20 20 21 97 50 21 21 127 97 53 507 95 49 22 38 22 187 21 26 27 23 1925 27 114
leaf_count=23 22 26 235 353 33 198 20 20 21 97 50 21 21 127 97 53 507 95 49 22 38 22 187 21 26 27 23 1925 27 114
internal_value=5.79449e-14 -1.94188e-05 1.54971e-05 0.00020125 -0.000112445 -0.000101043 0.00023715 -0.000116933 -0.00048276 -7.24783e-05 -0.00025125 -0.000102285 -0.000202413 -0.000362673 -5.11879e-05 0.000199707 -8.19266e-05 -3.69656e-05 5.27093e-05 -6.76949e-05 -9.94696e-06 0.000365092 -0.000188164 4.54984e-05 5.0682e-05 4.17597e-05 -0.000361876 5.2104e-05 -6.97936e-05 -0.00020602
internal_weight=4500 4104 2984 396 1120 1098 373 1065 41 887 147 1024 346 148 678 74 604 740 2097 645 436 60 209 2048 2022 2001 50 1951 376 141
internal_count=4500 4104 2984 396 1120 1098 373 1065 41 887 147 1024 346 148 678 74 604 740 2097 645 436 60 209 2048 2022 2001 50 1951 376 141
is_linear=0
shrinkage=0.1


Tree=66
num_leaves=31
num_cat=0
split_feature=0 2 1 1 1 4 1 1 0 1 1 1 2 2 1 1 1 2 0 2 1 3 1 3 2 3 1 1 1 0
split_gain=0.00144606 0.00102424 0.000773524 0.00128528 0.00127282 0.00057466 0.000756623 0.000990236 0.000620962 0.000529925 0.000526205 0.000505702 0.00155568 0.00103381 0.000599108 0.000564013 0.000489512 0.000476207 0.000470927 0.000405496 0.000624947 0.000398048 0.000634142 0.000383739 0.000380071 0.000362411 0.000352135 0.000933495 0.000341321 0.000305857
threshold=1357.5000000000002 73439.000000000015 15.500000000000002 24.500000000000004 41.500000000000007 1298.5000000000002 17.500000000000004 8.5000000000000018 285.00000000000006 10.500000000000002 13.500000000000002 136.50000000000003 46866.000000000007 60864.000000000007 81.500000000000014 64.500000000000014 248.50000000000003 19737.500000000004 285.00000000000006 7986.5000000000009 21.500000000000004 421.92776489257818 81.500000000000014 399.65820312500006 19223.500000000004 323.65914916992193 159.50000000000003 190.50000000000003 239.50000000000003 900.00000000000011
decision_type=2 2 2 2 2 2 2 2 2 2 2 2 2 2 2 2 2 2 2 2 2 2 2 2 2 2 2 2 2 2
left_child=1 5 -2 -4 -5 6 7 29 11 -9 -11 12 14 -13 15 17 21 23 28 20 -8 25 -23 -7 -21 -6 -24 -28 -3 -1
right_child=2 18 3 4 16 8 19 9 -10 10 -12 13 -14 -15 -16 -17 -18 -19 -20 24 -22 22 26 -25 -26 -27 27 -29 -30 -31
leaf_value=-4.2749942102154983e-05 -0.00039771543257675381 0.00024729257117311432 0.00051579438970495383 -0.00053927399819561595 -0.00018309613364470519 0.00053078904448105311 -0.00021629544013800721 0.00076822086819447585 2.5291525297631025e-06 -0.00017029733699160945 0.0005151414179376194 -0.00047531438079507398 0.0010078024230703402 0.00024300687341476045 -0.00011239814188668569 0.00071390127680691275 0.00032578976141878468 -0.00026141029011341745 0.00010800169600649285 -4.5183924747357985e-05 -0.00091412912903858035 8.4134803201334603e-05 -0.00061292461009210589 2.2448405744162975e-05 -0.00042781709924728041 -2.2930267481590224e-05 0.00029047447555512917 -0.00066412975360262438 0.00071724434150382882 -0.00044165757597135056
leaf_weight=57 78 68 36 60 176 33 33 20 1927 24 21 33 24 51 58 24 31 20 668 87 21 39 41 27 37 716 20 21 20 29
leaf_count=57 78 68 36 60 176 33 33 20 1927 24 21 33 24 51 58 24 31 20 668 87 21 39 41 27 37 716 20 21 20 29
internal_value=4.31646e-13 3.45335e-05 -9.30534e-05 -7.22081e-05 -9.13821e-05 3.97194e-06 -0.000119283 4.53671e-05 2.24294e-05 0.000339927 0.000149574 0.000164458 0.000256429 -3.91908e-05 0.000145114 0.000288727 -6.56412e-05 0.000161174 0.000136648 -0.000258959 -0.000487675 -7.76198e-05 -0.000247817 0.000302036 -0.000159357 -5.45325e-05 -0.000405697 -0.000198469 0.0003541 -0.000177265
internal_weight=4500 3282 1218 1140 1104 2526 329 151 2197 65 45 270 186 84 162 104 1044 80 756 178 54 1013 121 60 124 892 82 41 88 86
internal_count=4500 3282 1218 1140 1104 2526 329 151 2197 65 45 270 186 84 162 104 1044 80 756 178 54 1013 121 60 124 892 82 41 88 86
is_linear=0
shrinkage=0.1


Tree=67
num_leaves=31
num_cat=0
split_feature=1 0 2 1 1 1 1 2 2 1 1 1 1 1 1 1 2 0 1 2 2 1 3 2 1 1 1 2 2 2
split_gain=0.00133315 0.00127867 0.000900895 0.00219147 0.0015791 0.000904515 0.00279206 0.000817141 0.000770516 0.000689798 0.000659684 0.00185177 0.00286657 0.00190077 0.00112223 0.00102932 0.000714761 0.00117208 0.00068914 0.00069486 0.000615702 0.000550572 0.000518175 0.000488252 0.00046443 0.000462017 0.00185609 0.00178959 0.00135751 0.000729573
threshold=1.5000000000000002 285.00000000000006 52319.500000000007 136.50000000000003 136.50000000000003 128.50000000000003 126.50000000000001 47828.000000000007 100154.50000000001 147.50000000000003 97.500000000000014 80.500000000000014 75.500000000000014 86.500000000000014 117.50000000000001 108.50000000000001 40763.000000000007 592.50000000000011 3.5000000000000004 27131.500000000004 31563.500000000004 130.50000000000003 380.34938049316412 43002.000000000007 239.50000000000003 24.500000000000004 31.500000000000004 7986.5000000000009 11085.500000000002 10734.000000000002
decision_type=2 2 2 2 2 2 2 2 2 2 2 2 2 2 2 2 2 2 2 2 2 2 2 2 2 2 2 2 2 2
left_child=-1 24 4 21 5 6 10 -6 9 -5 11 12 18 -13 15 16 17 -12 -3 25 -15 -4 -22 -18 -2 27 29 -20 -28 -27
right_child=1 2 3 8 7 -7 -8 -9 -10 -11 14 13 -14 20 -16 -17 23 -19 19 -21 22 -23 -24 -25 -26 26 28 -29 -30 -31
leaf_value=-0.00074331351982740064 0.00015091593536453729 0.00039246721386337999 0.00031746835932911687 -0.00025734637277379923 -0.00096271575590514626 0.00026914147888221679 -0.0011017198157496752 -0.00028731926465106996 0.00050598814864315504 2.5156368782434811e-05 0.00071584503931700506 -0.00071343893484104566 0.00058319628983185428 -0.00049755278902011927 -0.00019858579335050309 0.00037652576182072559 -0.00065765503124724919 -1.0702136526015238e-05 -9.6498570470381257e-05 0.00024167690482581342 0.00017499552726244126 0.00096496916556698751 -0.00022278671271620129 1.7925577994901688e-05 0.00064551990527434106 -0.00032144061093404482 0.00073670238634804264 0.00050664221129470934 -0.00010021954238664403 -0.00088711571203786753
leaf_weight=24 374 33 24 91 23 92 25 81 32 1722 27 82 74 35 116 134 23 125 296 67 65 29 66 20 20 57 20 59 626 38
leaf_count=24 374 33 24 91 23 92 25 81 32 1722 27 82 74 35 116 134 23 125 296 67 65 29 66 20 20 57 20 59 626 38
internal_value=-3.3335e-13 3.98559e-06 -1.26197e-05 3.77743e-05 -5.64144e-05 -3.74009e-05 -5.15869e-05 -0.000436686 1.95623e-05 1.09767e-05 -3.82129e-05 -6.96e-05 -2.07931e-05 -0.000319539 6.88562e-05 0.000163152 1.65256e-05 0.000118356 -5.81637e-05 -7.09503e-05 -0.000124961 0.000671761 -2.54138e-05 -0.000343431 0.000176023 -9.00617e-05 -0.000135001 3.74173e-06 -7.43086e-05 -0.000547711
internal_weight=4500 4476 4082 1898 2184 2080 1988 104 1845 1813 1963 1518 1270 248 445 329 195 152 1196 1163 166 53 131 43 394 1096 741 355 646 95
internal_count=4500 4476 4082 1898 2184 2080 1988 104 1845 1813 1963 1518 1270 248 445 329 195 152 1196 1163 166 53 131 43 394 1096 741 355 646 95
is_linear=0
shrinkage=0.1


Tree=68
num_leaves=31
num_cat=0
split_feature=0 1 4 1 2 1 4 0 3 3 1 2 3 2 1 1 1 0 1 0 0 0 4 4 1 3 2 1 1 3
split_gain=0.00117707 0.00114162 0.000774916 0.00149784 0.00289046 0.000834079 0.000743512 0.00073454 0.000479625 0.000484609 0.000466921 0.000447175 0.000668449 0.000972169 0.00045826 0.000395794 0.00184042 0.00131735 0.00104344 0.000779974 0.000610341 0.000648686 0.000481119 0.000527018 0.000436065 0.000393725 0.000386451 0.00117809 0.000744724 0.000453504
threshold=1665.0000000000002 249.50000000000003 1926.5000000000002 17.500000000000004 10734.000000000002 31.500000000000004 1995.5000000000002 592.50000000000011 428.94866943359381 358.99795532226568 1.5000000000000002 16428.500000000004 455.91445922851568 24350.000000000004 81.500000000000014 24.500000000000004 33.500000000000007 435.00000000000006 35.500000000000007 435.00000000000006 592.50000000000011 750.00000000000011 1443.5000000000002 1511.0000000000002 21.500000000000004 280.64991760253912 17545.000000000004 55.500000000000007 64.500000000000014 394.21066284179693
decision_type=2 2 2 2 2 2 2 2 2 2 2 2 2 2 2 2 2 2 2 2 2 2 2 2 2 2 2 2 2 2
left_child=1 2 10 -4 -5 -6 -7 26 9 -2 -1 -9 -13 -14 -15 19 17 -17 -18 -12 -21 -22 -20 -24 25 -23 -8 -28 -29 -30
right_child=8 -3 3 4 5 6 7 11 -10 -11 15 12 13 14 -16 16 18 -19 22 20 21 24 23 -25 -26 -27 27 28 29 -31
leaf_value=-0.0005415117181837559 -0.00024457186585577267 0.00034331236202678368 -0.00056472824584400262 0.00089899517774122233 -0.00051095274892369548 0.00034814248020605495 -0.00019588109867189093 0.00034957343475460742 -0.00045477070375547594 -1.3021280318908781e-05 0.00039869913096338811 2.2689556590272533e-06 -0.00074187847523717217 0.00031853157402524221 -0.0002549618243631956 -0.0012460277049103751 0.00063806330012580888 -0.00031267293079215435 -0.00019783959177538179 -0.00044530381546205571 0.0003881302198484574 3.4150555256928784e-05 0.00026788909256235155 -4.8218230748207473e-05 0.00039223428517289001 -0.00026940535202126518 0.0007304868797467451 -0.00048595228443099633 6.1332587476229544e-05 0.00023419082682318975
leaf_weight=20 170 104 41 39 28 75 39 35 49 193 51 1776 30 22 38 20 22 62 188 31 41 96 60 436 20 77 31 21 458 227
leaf_count=20 170 104 41 39 28 75 39 35 49 193 51 1776 30 22 38 20 22 62 188 31 41 96 60 436 20 77 31 21 458 227
internal_value=2.05686e-13 1.62363e-05 7.69819e-06 3.53465e-05 4.4074e-05 3.20805e-05 3.76056e-05 2.89055e-05 -0.000161102 -0.000121461 -6.26524e-05 -4.56206e-06 -1.12045e-05 -0.00027708 -4.46809e-05 -5.39774e-05 -9.18941e-05 -0.00054032 -3.98106e-05 4.05744e-05 -2.83477e-05 2.689e-05 -6.16135e-05 -9.97944e-06 -4.98501e-05 -0.000100958 0.000110892 0.000127126 0.000100633 0.000118616
internal_weight=4500 4088 3984 2860 2819 2780 2752 2677 412 363 1124 1901 1866 90 60 1104 788 82 706 316 265 234 684 496 193 173 776 737 706 685
internal_count=4500 4088 3984 2860 2819 2780 2752 2677 412 363 1124 1901 1866 90 60 1104 788 82 706 316 265 234 684 496 193 173 776 737 706 685
is_linear=0
shrinkage=0.1


Tree=69
num_leaves=31
num_cat=0
split_feature=0 4 1 1 1 1 1 1 1 0 3 1 2 1 1 2 0 1 1 1 3 0 0 1 1 3 1 2 2 1
split_gain=0.000991909 0.00065483 0.000748331 0.00087675 0.000662217 0.000657889 0.000510607 0.000928919 0.000898816 0.000456491 0.000399923 0.00113967 0.000388944 0.000361683 0.000348366 0.000800973 0.00106898 0.000316758 0.00120877 0.000939448 0.000367687 0.000322886 0.000276627 0.000976885 0.000449906 0.000292009 0.000273123 0.00101407 0.000583518 0.000462834
threshold=1357.5000000000002 1926.5000000000002 14.500000000000002 24.500000000000004 31.500000000000004 35.500000000000007 15.500000000000002 24.500000000000004 41.500000000000007 285.00000000000006 411.70973205566412 12.500000000000002 96030.000000000015 34.500000000000007 48.500000000000007 17545.000000000004 592.50000000000011 80.500000000000014 89.500000000000014 74.500000000000014 346.00181579589849 900.00000000000011 592.50000000000011 60.500000000000007 60.500000000000007 437.02642822265631 64.500000000000014 27543.000000000004 21603.500000000004 81.500000000000014
decision_type=2 2 2 2 2 2 2 2 2 2 2 2 2 2 2 2 2 2 2 2 2 2 2 2 2 2 2 2 2 2
left_child=1 10 -3 -4 -5 -6 -2 -8 13 -7 -1 -12 26 -9 15 16 -11 19 -19 20 -16 -21 23 -22 25 -24 28 -28 -10 -29
right_child=6 2 3 4 5 9 7 8 12 14 11 -13 -14 -15 17 -17 -18 18 -20 21 22 -23 24 -25 -26 -27 27 29 -30 -31
leaf_value=-2.8123087166312889e-05 -0.00032459653634876496 -0.00052459998762721877 0.00053779382663043712 -0.00042132262751692906 0.00061669497226830578 0.00017497002765423165 0.00043975246339363777 -0.00021534300044990116 -8.5626704544426363e-05 -0.00050402009692334109 0.00019808138680198919 -0.00075983843621711634 0.00030005387399190418 -0.00070665749602806603 0.00039746435180019877 -0.00068099538382904775 0.00046055675732161578 -0.00039474472439628985 4.8126076203248464e-05 0.00032317643645396661 0.000702165235998109 0.00087256501006777404 -0.00011305532287743908 -0.00028620961529668421 0.00011145658879740949 -0.00061334846483077857 -0.00050414537855195465 0.00032209056737502259 0.00038245458341496088 -7.1611477406701576e-05
leaf_weight=844 78 22 38 29 21 276 36 31 76 20 23 27 30 29 26 22 27 64 1664 23 20 20 28 20 48 20 54 31 41 812
leaf_count=844 78 22 38 29 21 276 36 31 76 20 23 27 30 29 26 22 27 64 1664 23 20 20 28 20 48 20 54 31 41 812
internal_value=6.34068e-13 2.86012e-05 5.59316e-05 6.13296e-05 5.35523e-05 5.95425e-05 -7.70682e-05 -6.01321e-05 -7.64326e-05 5.44063e-05 -4.44023e-05 -0.000319195 -5.48017e-05 -0.000452812 3.77851e-05 -0.000183004 5.00985e-05 4.56664e-05 3.17235e-05 0.000163195 5.29048e-05 0.000578706 -1.29668e-05 0.000207978 -0.000105027 -0.000321511 -6.53003e-05 -8.40441e-05 7.84018e-05 -5.71337e-05
internal_weight=4500 3282 2388 2366 2328 2299 1218 1140 1104 2278 894 50 1044 60 2002 69 47 1933 1728 205 162 43 136 40 96 48 1014 897 117 843
internal_count=4500 3282 2388 2366 2328 2299 1218 1140 1104 2278 894 50 1044 60 2002 69 47 1933 1728 205 162 43 136 40 96 48 1014 897 117 843
is_linear=0
shrinkage=0.1


Tree=70
num_leaves=31
num_cat=0
split_feature=1 2 0 2 0 1 4 1 2 1 1 3 0 0 1 0 1 1 2 3 1 1 2 1 3 1 3 1 1 1
split_gain=0.000885653 0.000839522 0.000770909 0.000606775 0.00049413 0.000477917 0.000491883 0.00044051 0.00191103 0.00111952 0.000683114 0.0010181 0.000673993 0.000686274 0.000474502 0.000363842 0.000555319 0.000567774 0.000539062 0.000814457 0.000529172 0.000463893 0.00118004 0.00064088 0.000398347 0.000381874 0.000359704 0.00039562 0.000391481 0.00055889
threshold=1.5000000000000002 98381.000000000015 1665.0000000000002 77640.500000000015 285.00000000000006 3.5000000000000004 1295.5000000000002 17.500000000000004 10734.000000000002 31.500000000000004 10.500000000000002 443.35560607910162 750.00000000000011 1050.0000000000002 34.500000000000007 1200.0000000000002 41.500000000000007 170.50000000000003 70653.500000000015 353.75044250488287 160.50000000000003 80.500000000000014 31563.500000000004 72.500000000000014 421.92776489257818 190.50000000000003 425.88151550292974 235.50000000000003 222.50000000000003 208.50000000000003
decision_type=2 2 2 2 2 2 2 2 2 2 2 2 2 2 2 2 2 2 2 2 2 2 2 2 2 2 2 2 2 2
left_child=-1 2 3 4 -2 -6 -7 10 12 -10 -8 -12 -9 -14 -11 -16 -17 20 19 -19 21 23 -23 -18 -24 -20 27 28 29 -4
right_child=1 -3 26 -5 5 6 7 8 9 14 11 -13 13 -15 15 16 17 18 25 -21 -22 22 24 -25 -26 -27 -28 -29 -30 -31
leaf_value=-0.00060584992752410471 0.00011009159513673902 0.00041071479930542411 -5.1905221644793297e-05 9.5334353988248198e-05 0.00038491663962586563 -0.00014008845727090603 0.00016352333141884839 0.00095410486613954648 -0.00054948127482277466 0.00039986206226915659 2.7755096041139703e-05 -0.00089655543784969134 -0.00016787571685632604 0.00052693951676536187 1.3093032058514041e-05 -0.00056510574702935471 2.1924115221568002e-06 -5.6541450862174051e-05 0.00032070216291826695 -0.00070970308796469391 0.00030481545135796983 -0.00076321475824806841 -1.158825941780624e-05 0.00048795657528578028 -0.00032393956356285575 -0.00016550574305548643 -0.00036825831729012343 -0.00047843366954475645 0.00032306179200531916 -0.00051387956999202164
leaf_weight=24 329 50 270 716 29 320 26 21 39 28 22 26 21 44 1610 22 135 35 21 42 49 25 311 34 47 70 56 25 24 29
leaf_count=24 329 50 270 716 29 320 26 21 39 28 22 26 21 44 1610 22 135 35 21 42 49 25 311 34 47 70 56 25 24 29
internal_value=3.94516e-13 3.24853e-06 -1.35457e-06 1.18726e-05 -6.20327e-06 -1.90555e-05 -2.30294e-05 -8.77565e-06 -1.80665e-06 -1.79539e-05 -0.0002493 -0.000472913 0.000461583 0.000302461 -9.41975e-06 -1.41927e-05 -6.97301e-05 -5.55581e-05 -0.000218078 -0.000412811 -1.01282e-05 -3.80851e-05 -9.89804e-05 9.99201e-05 -5.25953e-05 -5.33039e-05 -0.000133036 -9.51847e-05 -6.55215e-05 -9.67121e-05
internal_weight=4500 4476 4426 4022 3306 2977 2948 2628 2554 2468 74 48 86 65 2429 2401 791 769 168 77 601 552 383 169 358 91 404 348 323 299
internal_count=4500 4476 4426 4022 3306 2977 2948 2628 2554 2468 74 48 86 65 2429 2401 791 769 168 77 601 552 383 169 358 91 404 348 323 299
is_linear=0
shrinkage=0.1


Tree=71
num_leaves=31
num_cat=0
split_feature=1 1 0 4 1 1 1 1 1 1 1 0 0 1 1 1 4 3 4 2 1 3 1 3 0 1 3 4 1 2
split_gain=0.000740606 0.000700145 0.000618397 0.00035159 0.000541732 0.000744445 0.00046962 0.000506491 0.000426752 0.00122973 0.00109085 0.000996644 0.000534332 0.000556497 0.000810643 0.000513143 0.000373383 0.000420914 0.000387955 0.000375088 0.000402086 0.000413315 0.000642772 0.000438939 0.000472471 0.000311729 0.00028786 0.00029954 0.000425782 0.000349813
threshold=249.50000000000003 1.5000000000000002 1357.5000000000002 1926.5000000000002 14.500000000000002 24.500000000000004 31.500000000000004 35.500000000000007 23.500000000000004 33.500000000000007 35.500000000000007 435.00000000000006 435.00000000000006 3.5000000000000004 8.5000000000000018 11.500000000000002 1443.5000000000002 269.31452941894537 1511.0000000000002 16115.500000000002 128.50000000000003 340.42176818847662 52.500000000000007 308.00930786132818 750.00000000000011 147.50000000000003 423.90020751953131 1428.0000000000002 24.500000000000004 4440.0000000000009
decision_type=2 2 2 2 2 2 2 2 2 2 2 2 2 2 2 2 2 2 2 2 2 2 2 2 2 2 2 2 2 2
left_child=1 -1 3 8 -5 -6 -7 -8 12 11 -11 -10 -3 -14 -15 -16 17 -12 -18 -20 21 23 -23 -21 -25 -22 27 28 29 -4
right_child=-2 2 26 4 5 6 7 -9 9 10 16 -13 13 14 15 -17 18 -19 19 20 25 22 -24 24 -26 -27 -28 -29 -30 -31
leaf_value=-0.00054526494835348174 0.0002483019516350598 0.00037192406426231399 -0.00017164420890119139 -0.00045403392248937803 0.00048349112744050987 -0.00036266127484191986 0.00053115318234111858 3.7699294751251915e-05 -0.0010167227943384206 0.0007001561135984958 -3.36045787431675e-07 -0.00022808945139454951 0.00047826583984053952 -0.0004165461030978528 0.00045965503497629676 -2.8671455185998777e-05 0.00026952745843989258 -0.00033820284068763329 0.00038208066369406881 -6.0556660300376694e-05 0.00045403227268252526 -0.00048573496751487256 0.00015509263545886319 -0.00066930718046358771 -0.00010955479904077948 1.2077315864477403e-05 -0.00018710282240495154 -2.4204154802873747e-05 -0.00036295049795531236 0.00030959967508628643
leaf_weight=24 117 49 44 22 38 29 21 2192 22 20 67 59 22 46 27 106 47 82 20 55 20 20 72 38 25 79 167 880 67 23
leaf_count=24 117 49 44 22 38 29 21 2192 22 20 67 59 22 46 27 106 47 82 20 55 20 20 72 38 25 79 167 880 67 23
internal_value=-2.87971e-13 -6.62818e-06 -3.66253e-06 1.92983e-05 3.98166e-05 4.45818e-05 3.71427e-05 4.23819e-05 -3.46207e-05 -7.87288e-05 -2.46955e-05 -0.000442286 7.58261e-05 3.64298e-06 -5.46906e-05 7.04625e-05 -5.23089e-05 -0.000186276 7.79171e-07 -3.76134e-05 -6.47781e-05 -0.000143101 1.57823e-05 -0.000266976 -0.000447183 0.000101361 -6.54488e-05 -4.54131e-05 -0.000184696 -6.44108e-06
internal_weight=4500 4383 4359 3178 2302 2280 2242 2213 876 626 545 81 250 201 179 133 525 149 376 329 309 210 92 118 63 99 1181 1014 134 67
internal_count=4500 4383 4359 3178 2302 2280 2242 2213 876 626 545 81 250 201 179 133 525 149 376 329 309 210 92 118 63 99 1181 1014 134 67
is_linear=0
shrinkage=0.1


Tree=72
num_leaves=31
num_cat=0
split_feature=2 0 2 1 2 1 1 1 2 0 1 1 1 3 2 3 1 1 2 4 1 1 1 0 0 1 1 0 1 2
split_gain=0.000676877 0.000688384 0.000516781 0.000339369 0.000435615 0.000983136 0.0006136 0.000587655 0.000436407 0.000322393 0.000472817 0.0012049 0.000395562 0.000485715 0.00044143 0.000657446 0.000433591 0.000349774 0.0012565 0.00133554 0.00111853 0.00164981 0.00226993 0.00115146 0.0011143 0.00104832 0.000982517 0.00205102 0.00085854 0.000812148
threshold=100154.50000000001 1665.0000000000002 77640.500000000015 236.50000000000003 58785.000000000007 189.50000000000003 136.50000000000003 216.50000000000003 65086.500000000007 1200.0000000000002 17.500000000000004 24.500000000000004 170.50000000000003 275.51283264160162 70653.500000000015 353.75044250488287 160.50000000000003 103.50000000000001 40763.000000000007 1526.5000000000002 80.500000000000014 64.500000000000014 56.500000000000007 750.00000000000011 750.00000000000011 86.500000000000014 48.500000000000007 435.00000000000006 59.500000000000007 18219.500000000004
decision_type=2 2 2 2 2 2 2 2 2 2 2 2 2 2 2 2 2 2 2 2 2 2 2 2 2 2 2 2 2 2
left_child=1 2 9 4 6 8 -3 -7 -6 17 -11 -12 13 -13 15 -14 -15 20 24 -20 21 22 26 28 -19 -22 29 -28 -24 -1
right_child=-2 3 -4 -5 5 7 -8 -9 -10 10 11 12 14 16 -16 -17 -18 18 19 -21 25 -23 23 -25 -26 -27 27 -29 -30 -31
leaf_value=-3.4628177323281042e-06 0.00045123170253425616 -0.0001164900777491705 8.5197383409550383e-05 -0.00048398743604775515 5.8857141448243061e-05 -0.00041340588792866353 -0.00054842460005602336 8.8480996579841484e-05 0.00057714459645935817 -0.0002796861483105648 0.00054094520846514839 -0.00033111389120676904 -5.1385778809032811e-05 -2.4633538607678985e-05 -4.6151539764640813e-05 -0.000638221735079285 0.00028776715001489116 0.00089535158804210369 -0.00072936610996966137 4.0818703478107948e-05 -0.00062000167412870546 0.00029777874750722193 -0.00044727501479665871 -0.00013707431937291404 0.00010795098056937938 -0.00010995023097114162 0.00090083989827591639 -1.3102997290345281e-05 -0.0013210732839070262 -0.00052995316030818123
leaf_weight=534 33 185 732 25 32 51 40 43 33 86 35 48 35 597 91 42 48 32 23 1067 51 178 23 40 41 192 37 73 22 31
leaf_count=534 33 185 732 25 32 51 40 43 33 86 35 48 35 597 91 42 48 32 23 1067 51 178 23 40 41 192 37 73 22 31
internal_value=8.04019e-14 -3.33348e-06 9.12925e-06 -0.000126986 -0.000103743 2.29571e-05 -0.000193278 -0.000183819 0.000321988 -7.61214e-06 -5.57132e-05 -3.42158e-05 -5.75964e-05 -2.42235e-05 -0.00019526 -0.000371478 -1.38512e-06 1.25394e-05 5.14664e-05 2.45671e-05 -2.57942e-05 2.37394e-05 -4.04435e-05 -0.000527458 0.000453113 -0.000216998 2.08842e-05 0.000294314 -0.000874465 -3.23499e-05
internal_weight=4500 4467 4058 409 384 159 225 94 65 3326 982 896 861 693 168 77 645 2344 1163 1090 1181 938 760 85 73 243 675 110 45 565
internal_count=4500 4467 4058 409 384 159 225 94 65 3326 982 896 861 693 168 77 645 2344 1163 1090 1181 938 760 85 73 243 675 110 45 565
is_linear=0
shrinkage=0.1


Tree=73
num_leaves=31
num_cat=0
split_feature=1 0 2 2 1 1 2 1 3 3 1 1 1 1 2 1 3 0 1 1 1 3 0 2 2 2 3 3 4 3
split_gain=0.000559644 0.000612748 0.000455576 0.000478915 0.00170776 0.00162999 0.000727874 0.000716001 0.000545147 0.000519407 0.00046869 0.000945014 0.00167717 0.000453046 0.00194469 0.00184547 0.00111398 0.000528145 0.000514232 0.000412297 0.00137512 0.000398044 0.000385572 0.00037114 0.000486617 0.000618432 0.000432649 0.00128945 0.000967296 0.000834407
threshold=1.5000000000000002 285.00000000000006 1069.5000000000002 49962.000000000007 136.50000000000003 136.50000000000003 54752.500000000007 153.50000000000003 332.23361206054693 431.68679809570318 130.50000000000003 117.50000000000001 108.50000000000001 80.500000000000014 31563.500000000004 75.500000000000014 377.06738281250006 900.00000000000011 84.500000000000014 128.50000000000003 126.50000000000001 423.90020751953131 1050.0000000000002 27131.500000000004 23579.500000000004 23039.500000000004 425.03292846679693 435.35482788085943 1618.5000000000002 318.57673645019537
decision_type=2 2 2 2 2 2 2 2 2 2 2 2 2 2 2 2 2 2 2 2 2 2 2 2 2 2 2 2 2 2
left_child=-1 -2 -3 5 6 10 -5 9 -7 -6 11 12 13 15 18 23 -16 21 -15 20 -13 -18 -14 24 25 26 28 -28 29 -4
right_child=1 2 3 4 7 8 -8 -9 -10 -11 -12 19 22 14 16 -17 17 -19 -20 -21 -22 -23 -24 -25 -26 -27 27 -29 -30 -31
leaf_value=-0.00048160280372637021 0.00012167474053680061 0.0003930696849628086 -2.5999796038877562e-05 0.00028881547729895377 -0.00011357347670071748 -0.00080494125625894721 0.00095558521392046132 2.5155718931583806e-05 -0.00018965736962854864 -0.00060017399070784461 0.00027881826466303515 -0.00020468007794642335 0.00051036257025801018 -0.00089609262911835683 0.00014699553942479812 0.00047107461499812462 -0.00018062903767540343 -0.00034036621273936273 -0.00037972165910526165 7.1808942552057238e-05 -0.0010911235524829301 0.00031150527410554111 0.00016755881858674477 0.00018461937382456729 -0.00025246132900381621 0.00039050424485608486 -0.00088030656865474002 -9.0273453249295566e-05 0.00014903253992398701 -0.00034706786543908487
leaf_weight=24 394 28 378 64 179 36 22 1685 24 25 48 105 61 30 179 74 42 111 54 28 21 27 71 67 115 33 23 203 246 103
leaf_count=24 394 28 378 64 179 36 22 1685 24 25 48 105 61 30 179 74 42 111 54 28 21 27 71 67 115 33 23 203 246 103
internal_value=-1.95198e-13 2.58232e-06 -8.91264e-06 -1.1689e-05 2.35749e-05 -4.51889e-05 0.000459384 3.73392e-06 -0.000558828 -0.000173206 -2.99248e-05 -3.74436e-05 -1.72851e-05 -4.41756e-05 -0.000130998 -1.32076e-05 -2.96497e-05 -0.000205313 -0.00056414 -0.000275288 -0.000352421 1.19453e-05 0.000325976 -4.38899e-05 -5.77955e-05 -3.50911e-05 -4.98284e-05 -0.000170675 -1.22612e-05 -9.47524e-05
internal_weight=4500 4476 4082 4054 1975 2079 86 1889 60 204 2019 1971 1817 1685 443 1242 359 180 84 154 126 69 132 1168 1101 986 953 226 727 481
internal_count=4500 4476 4082 4054 1975 2079 86 1889 60 204 2019 1971 1817 1685 443 1242 359 180 84 154 126 69 132 1168 1101 986 953 226 727 481
is_linear=0
shrinkage=0.1


Tree=74
num_leaves=31
num_cat=0
split_feature=2 0 2 1 1 1 2 1 1 1 2 4 1 1 3 0 4 2 1 1 0 0 0 4 1 0 2 0 1 3
split_gain=0.000540714 0.000552356 0.000381569 0.000295738 0.00115725 0.000510615 0.000531483 0.000452681 0.000431891 0.000395794 0.000279243 0.000276525 0.000650977 0.000508391 0.000415892 0.000471126 0.000413213 0.000398373 0.00133196 0.0011424 0.00087992 0.000887878 0.000680029 0.000791346 0.000531895 0.000430555 0.000456329 0.00037979 0.000327737 0.0012467
threshold=100154.50000000001 1665.0000000000002 80875.000000000015 197.50000000000003 168.50000000000003 136.50000000000003 46069.000000000007 216.50000000000003 234.50000000000003 178.50000000000003 59144.000000000007 979.50000000000011 21.500000000000004 28.500000000000004 230.24263000488284 900.00000000000011 667.50000000000011 11085.500000000002 15.500000000000002 31.500000000000004 592.50000000000011 900.00000000000011 750.00000000000011 1275.0000000000002 24.500000000000004 1050.0000000000002 7469.5000000000009 592.50000000000011 40.500000000000007 426.87771606445318
decision_type=2 2 2 2 2 2 2 2 2 2 2 2 2 2 2 2 2 2 2 2 2 2 2 2 2 2 2 2 2 2
left_child=1 2 11 4 5 6 -3 -5 -9 -6 -7 12 14 -14 15 16 27 18 20 -19 -13 -22 23 -20 -25 -24 -27 -1 29 -21
right_child=-2 3 -4 7 9 10 -8 8 -10 -11 -12 17 13 -15 -16 -17 -18 19 22 28 21 -23 25 24 -26 26 -28 -29 -30 -31
leaf_value=-0.00018734399927780034 0.00040330047914088055 -0.00013581611944578969 8.1871504537385249e-05 -0.00055919395535431035 0.00063537686306517575 -0.00057711585652309866 0.00040968087065266449 9.8551522969501104e-05 -0.00041352223103915877 0.00011123249136931811 -0.00013564674679756813 -0.00057346159717001552 -0.00079386431078257212 -0.0001347412405302748 -0.00029584548610728234 -0.00013114015564497095 0.00063222020922694367 -0.00059336086110719913 2.7916417457163339e-06 7.6771034764533402e-05 0.0005679907329481053 -0.00018566866579190159 -0.00015442675632786835 0.0010328195319743827 0.00035760844213655218 -0.00014645763076259755 0.00040871994216311639 0.00038787586945545629 5.4215016209510588e-06 -0.00058116546728544766
leaf_weight=24 33 167 599 34 25 38 20 40 28 34 23 35 22 25 42 62 20 33 20 80 22 54 36 28 20 20 57 22 2792 45
leaf_count=24 33 167 599 34 25 38 20 40 28 34 23 35 22 25 42 62 20 33 20 80 22 54 36 28 20 20 57 22 2792 45
internal_value=-2.21896e-13 -2.97939e-06 8.18429e-06 -0.000113743 -6.47284e-05 -0.000159427 -7.74742e-05 -0.000261266 -0.000112302 0.000333328 -0.00041066 -4.57623e-06 -0.000113863 -0.000443267 -2.27928e-05 6.68026e-05 0.000252749 2.73879e-06 0.000114158 -8.28978e-06 -0.000158572 3.24959e-05 0.000281411 0.000531279 0.000751482 0.000131049 0.000264518 8.77612e-05 -1.67087e-06 -0.000160086
internal_weight=4500 4467 4058 409 307 248 187 102 68 59 61 3459 217 47 170 128 66 3242 292 2950 111 76 181 68 48 113 77 46 2917 125
internal_count=4500 4467 4058 409 307 248 187 102 68 59 61 3459 217 47 170 128 66 3242 292 2950 111 76 181 68 48 113 77 46 2917 125
is_linear=0
shrinkage=0.1


Tree=75
num_leaves=31
num_cat=0
split_feature=1 1 0 2 4 1 1 0 1 2 2 3 1 0 0 4 3 4 4 0 3 1 2 2 2 1 2 2 2 2
split_gain=0.000499486 0.000419607 0.000351036 0.000373033 0.000363312 0.000616739 0.000348763 0.000441371 0.000422265 0.000341063 0.00110563 0.00095226 0.000921917 0.000680902 0.000758136 0.000390602 0.000770817 0.000333435 0.000307468 0.000389849 0.000469013 0.000700972 0.000780208 0.000677561 0.000775447 0.00142349 0.000531079 0.000514074 0.000427039 0.000826252
threshold=249.50000000000003 1.5000000000000002 285.00000000000006 1069.5000000000002 991.50000000000011 20.500000000000004 7.5000000000000009 1200.0000000000002 15.500000000000002 10734.000000000002 12522.500000000002 378.64688110351568 15.500000000000002 592.50000000000011 900.00000000000011 1734.5000000000002 320.91087341308599 1192.5000000000002 1443.5000000000002 592.50000000000011 432.90420532226568 48.500000000000007 21289.500000000004 24761.000000000004 40763.000000000007 131.50000000000003 36511.500000000007 46866.000000000007 16428.500000000004 15451.000000000002
decision_type=2 2 2 2 2 2 2 2 2 2 2 2 2 2 2 2 2 2 2 2 2 2 2 2 2 2 2 2 2 2
left_child=1 -1 -3 -4 5 6 -5 8 -8 12 11 -11 13 -6 -15 16 17 -14 -12 20 21 -20 -23 -24 26 27 -25 -26 29 -21
right_child=-2 2 3 4 9 -7 7 -9 -10 10 18 -13 15 14 -16 -17 -18 -19 19 28 -22 22 23 24 25 -27 -28 -29 -30 -31
leaf_value=-0.00042243107551864041 0.00020391457669614041 8.8025545020090337e-05 0.00035173317072414133 -0.00030140287290123527 -0.00063118906469926948 -0.00045645172907899571 0.00045299052972820521 -0.0002107284010188388 -0.00012301254633712233 -0.00012006471326851563 -0.00014156937166218822 -0.00092885547831732165 0.00012892746139362817 0.00051119165913074871 -0.00016538949586983613 0.00046791994505487341 -0.00022837354368271512 0.00060066585870588137 -0.00042163221815210436 -1.3813208383558399e-05 0.00033253568378516652 0.0005813337618227317 -0.00047953515992655112 0.00019110430398477165 -0.00068825393245788293 8.253383940627385e-05 0.00075342045879965146 -6.5682547920871352e-05 -2.5665184385034251e-05 0.00068575467867776753
leaf_weight=24 117 385 28 36 21 49 35 35 20 37 166 24 31 22 67 57 36 29 31 52 61 28 24 71 36 328 22 21 2582 25
leaf_count=24 117 385 28 36 21 49 35 35 20 37 166 24 31 22 67 57 36 29 31 52 61 28 24 71 36 328 22 21 2582 25
internal_value=2.16269e-13 -5.4433e-06 -3.14743e-06 -1.19802e-05 -1.45611e-05 -0.000155416 -3.83459e-05 6.68769e-05 0.000243535 -8.02448e-06 -1.6259e-05 -0.000438277 0.000101811 -0.000118999 1.85528e-06 0.000260562 0.000137444 0.000356934 -8.79071e-06 -2.07286e-06 6.91975e-05 4.05636e-05 6.75977e-05 3.89431e-05 6.49755e-05 2.37565e-06 0.000324125 -0.000458886 -1.87446e-05 0.000213319
internal_weight=4500 4383 4359 3974 3946 175 126 90 55 3771 3508 61 263 110 89 153 96 60 3447 3281 622 561 530 502 478 385 93 57 2659 77
internal_count=4500 4383 4359 3974 3946 175 126 90 55 3771 3508 61 263 110 89 153 96 60 3447 3281 622 561 530 502 478 385 93 57 2659 77
is_linear=0
shrinkage=0.1


Tree=76
num_leaves=31
num_cat=0
split_feature=2 0 2 1 1 1 0 0 1 1 1 1 1 0 2 1 0 3 0 0 1 1 3 3 3 3 1 4 1 1
split_gain=0.000410971 0.000416634 0.000285009 0.000281399 0.00125975 0.00123327 0.00059849 0.00103452 0.000428889 0.000626003 0.000776311 0.00282869 0.00202318 0.00153797 0.000880689 0.000801782 0.000700179 0.000638138 0.000621089 0.000841239 0.000487634 0.000471143 0.000318204 0.000367493 0.000797729 0.000603035 0.000369078 0.000325297 0.000522219 0.00138483
threshold=100154.50000000001 1665.0000000000002 77640.500000000015 187.50000000000003 192.50000000000003 184.50000000000003 1050.0000000000002 592.50000000000011 177.50000000000003 162.50000000000003 136.50000000000003 128.50000000000003 126.50000000000001 750.00000000000011 46866.000000000007 141.50000000000003 592.50000000000011 356.38760375976568 1050.0000000000002 592.50000000000011 123.50000000000001 168.50000000000003 407.98715209960943 433.87370300292974 427.82354736328131 451.90898132324224 34.500000000000007 2010.5000000000002 17.500000000000004 25.500000000000004
decision_type=2 2 2 2 2 2 2 2 2 2 2 2 2 2 2 2 2 2 2 2 2 2 2 2 2 2 2 2 2 2
left_child=1 2 3 5 6 8 7 -5 9 10 11 12 14 17 20 -12 21 -13 19 -10 22 -11 -1 24 -24 26 -25 -27 -29 -30
right_child=-2 -3 -4 4 -6 -7 -8 -9 18 16 15 13 -14 -15 -16 -17 -18 -19 -20 -21 -22 -23 23 25 -26 27 -28 28 29 -31
leaf_value=1.6271007367445477e-05 0.00035160108323686998 -9.8794988003904685e-05 6.3589064184842232e-05 -0.00023439413541927938 5.4132997434371248e-06 0.00056314739149456729 -4.2539373019032865e-05 -0.0011746288552372294 -0.00037405425873951193 0.00011741724560384423 -0.00043034257149944706 0.00049748980420190488 -0.00077890550858094633 0.00020652286061423509 0.00036107409136792952 -6.9587341051861797e-05 4.9330590037746151e-05 0.0012427525622856425 -0.00049924078633748219 0.00035687289364432222 -0.00044325241727235089 0.00065225458862641975 -9.6827903210025936e-05 0.00059380603954195977 -0.00067490213470340805 0.00015601835045746942 9.8787489219293861e-05 -0.00049215709797054944 0.00066693531420738018 -0.00018490941918069366
leaf_weight=1449 33 409 732 25 272 39 22 22 31 28 75 20 34 81 65 345 161 27 42 32 26 40 135 20 29 43 61 36 22 144
leaf_count=1449 33 409 732 25 272 39 22 22 31 28 75 20 34 81 65 345 161 27 42 32 26 40 135 20 29 43 61 36 22 144
internal_value=1.79082e-13 -2.59746e-06 7.09816e-06 -5.3346e-06 -9.13934e-05 4.49657e-06 -0.000473008 -0.000674504 -2.89901e-06 4.43624e-06 -9.46276e-06 1.44008e-05 -1.38885e-05 0.000470566 -1.07541e-06 -0.000134008 0.00016297 0.000925619 -0.00020137 -2.78967e-06 -1.30549e-05 0.000432027 -7.2864e-06 -7.6949e-05 -0.000199048 -1.55248e-05 0.000221014 -9.37275e-05 -0.000146891 -7.20143e-05
internal_weight=4500 4467 4058 3326 341 2985 69 47 2946 2841 2612 2192 2064 128 2030 420 229 47 105 63 1965 68 1939 490 164 326 81 245 202 166
internal_count=4500 4467 4058 3326 341 2985 69 47 2946 2841 2612 2192 2064 128 2030 420 229 47 105 63 1965 68 1939 490 164 326 81 245 202 166
is_linear=0
shrinkage=0.1


Tree=77
num_leaves=31
num_cat=0
split_feature=1 1 0 3 1 0 0 0 1 2 1 1 4 1 2 2 4 4 4 2 2 1 2 0 1 4 0 3 4 2
split_gain=0.000365354 0.000339796 0.00026572 0.000222448 0.000191428 0.000188364 0.000206786 0.000180009 0.000348202 0.000407233 0.000534609 0.000426136 0.000409979 0.00039549 0.000560185 0.000381983 0.000381399 0.000571912 0.000403058 0.000555727 0.000480533 0.000472857 0.000397795 0.00041962 0.000316166 0.000257648 0.000680347 0.000662849 0.000504948 0.000776681
threshold=249.50000000000003 1.5000000000000002 1357.5000000000002 455.91445922851568 67.500000000000014 900.00000000000011 1200.0000000000002 285.00000000000006 3.5000000000000004 2110.5000000000005 10.500000000000002 8.5000000000000018 859.50000000000011 13.500000000000002 5798.5000000000009 5021.0000000000009 1330.5000000000002 1376.5000000000002 1526.5000000000002 8783.0000000000018 13229.000000000002 117.50000000000001 19223.500000000004 592.50000000000011 33.500000000000007 1703.5000000000002 592.50000000000011 348.60018920898443 1886.5000000000002 18613.000000000004
decision_type=2 2 2 2 2 2 2 2 2 2 2 2 2 2 2 2 2 2 2 2 2 2 2 2 2 2 2 2 2 2
left_child=1 -1 7 -4 -5 -2 -7 -3 -9 -10 11 -11 15 -14 -15 -12 22 -18 20 -20 -19 -22 23 -16 -25 26 -21 -28 29 -27
right_child=5 2 3 4 -6 6 -8 8 9 10 12 -13 13 14 16 -17 17 18 19 25 21 -23 -24 24 -26 28 27 -29 -30 -31
leaf_value=-0.00037989729777715788 0.0003091150469845161 7.6564205612937396e-05 -3.2196988054856385e-05 -0.00011140329617774115 -0.00047746244992595164 -0.0001672830050229095 0.00020501080533093146 0.00039111174511439778 -0.00033853467628692412 7.2762322896677582e-05 4.4510253549863899e-06 0.00067338706361451416 -0.00036995504420441914 0.00051036009979063904 -0.0003599832292820793 -0.00058544393522543426 0.00042640249556632516 -0.00056858868301787877 0.00046682500887308622 0.00058508988794138915 8.5889653701087812e-05 -0.00048056201554572912 -0.00043718959244182085 -0.00012471837686368813 0.00028624646927508161 -0.00073631624136829665 0.0001691693394903594 -0.00048684703015169364 1.6163218299622629e-05 -8.2573095872551987e-05
leaf_weight=24 55 385 1111 50 20 25 37 23 35 27 21 21 28 22 32 23 33 25 27 28 56 20 37 39 36 21 67 20 2017 135
leaf_count=24 55 385 1111 50 20 25 37 23 35 27 21 21 28 22 32 23 33 25 27 28 56 20 37 39 36 21 67 20 2017 135
internal_value=2.87208e-13 -4.65541e-06 -2.58938e-06 -4.30908e-05 -0.000215992 0.000174399 5.48923e-05 1.24617e-05 3.62547e-06 4.08073e-07 4.74555e-06 0.000335536 -1.16362e-06 3.87632e-06 7.8791e-06 -0.000303903 3.61586e-06 1.29157e-05 7.26791e-06 1.57993e-05 -0.000188279 -6.31766e-05 -0.000154546 -5.68094e-05 7.25447e-05 1.04769e-05 0.000156347 1.8361e-05 2.75711e-06 -0.000170577
internal_weight=4500 4383 4359 1181 70 117 62 3178 2793 2770 2735 48 2687 2643 2615 44 2593 2449 2416 2315 101 76 144 107 75 2288 115 87 2173 156
internal_count=4500 4383 4359 1181 70 117 62 3178 2793 2770 2735 48 2687 2643 2615 44 2593 2449 2416 2315 101 76 144 107 75 2288 115 87 2173 156
is_linear=0
shrinkage=0.1


Tree=78
num_leaves=31
num_cat=0
split_feature=2 0 1 3 1 2 1 2 1 1 2 3 0 3 2 3 1 3 2 3 3 3 1 4 1 1 2 2 1 2
split_gain=0.000328922 0.000308115 0.00027375 0.000257575 0.000368497 0.000288753 0.000572934 0.00046195 0.000413693 0.000346796 0.00029536 0.000217113 0.000246508 0.000413948 0.000429068 0.000244847 0.000305314 0.000237394 0.000405179 0.000245983 0.000291726 0.000299346 0.000524105 0.000382502 0.000702467 0.00028036 0.000301584 0.000251317 0.000209636 0.000192305
threshold=100154.50000000001 1665.0000000000002 239.50000000000003 425.88151550292974 59.500000000000007 56246.000000000007 189.50000000000003 64628.500000000007 217.50000000000003 136.50000000000003 27543.000000000004 560.90759277343761 285.00000000000006 84.299739837646499 1745.5000000000002 206.67787933349612 20.500000000000004 409.65887451171881 48779.000000000007 399.65820312500006 391.74278259277349 375.88757324218756 163.50000000000003 1705.5000000000002 136.50000000000003 56.500000000000007 10426.500000000002 81362.500000000015 205.50000000000003 11085.500000000002
decision_type=2 2 2 2 2 2 2 2 2 2 2 2 2 2 2 2 2 2 2 2 2 2 2 2 2 2 2 2 2 2
left_child=1 11 3 5 -5 9 7 -7 28 10 -3 12 17 -14 -15 16 -16 19 -19 20 21 23 -23 25 -25 26 -1 -26 -8 -17
right_child=-2 2 -4 4 -6 6 8 -9 -10 -11 -12 -13 13 14 15 29 -18 18 -20 -21 -22 22 -24 24 27 -27 -28 -29 -30 -31
leaf_value=-0.00016198650504520632 0.00031455109111089828 -0.00018957953154178405 -0.00044585731404367835 3.127675663563423e-05 -0.00048708196568441058 6.4571310940664264e-05 -9.8298004377284098e-05 0.00061175660545510866 0.00014753027593542359 -0.00044273878572442175 9.0881492339706587e-05 -0.000262008496792987 0.00034719037204173649 -0.00033762636916148236 -4.2186752522489193e-05 8.0765626694915855e-05 -0.0005187621200457215 4.9507185492704881e-05 0.00048593454526376766 -0.00028054556102936407 0.00042519698756569553 -0.00044104804382509284 0.00018140111557537846 0.00048521560783424951 -9.0160560404135631e-05 -0.00038983814354816624 0.00033933174985577356 0.00031093085660055899 -0.00050574904891381386 -3.4736757754813754e-06
leaf_weight=30 33 81 20 24 32 36 28 27 40 28 70 30 34 38 41 296 20 52 36 22 21 31 24 51 61 22 20 21 23 3208
leaf_count=30 33 81 20 24 32 36 28 27 40 28 70 30 34 38 41 296 20 52 36 22 21 31 24 51 61 22 20 21 23 3208
internal_value=-1.38304e-13 -2.32375e-06 -8.50499e-05 -6.64994e-05 -0.000264928 -3.313e-05 6.72639e-05 0.000299079 -9.32237e-05 -0.000119502 -5.95645e-05 6.0141e-06 8.0103e-06 -1.0095e-07 -3.37819e-06 1.84621e-07 -0.000198441 8.34594e-05 0.000228046 4.14674e-05 6.66784e-05 3.77211e-05 -0.000169434 9.32993e-05 0.000193803 -9.23528e-05 3.85408e-05 1.2558e-05 -0.00028205 3.64243e-06
internal_weight=4500 4467 409 389 56 333 154 63 91 179 151 4058 4028 3637 3603 3565 61 391 88 303 281 260 55 205 133 72 50 82 51 3504
internal_count=4500 4467 409 389 56 333 154 63 91 179 151 4058 4028 3637 3603 3565 61 391 88 303 281 260 55 205 133 72 50 82 51 3504
is_linear=0
shrinkage=0.1


Tree=79
num_leaves=31
num_cat=0
split_feature=1 2 0 0 2 4 2 1 2 1 1 2 1 2 3 1 1 4 4 1 3 3 4 2 1 1 2 4 1 3
split_gain=0.000318708 0.000283213 0.000308197 0.000191961 0.000287821 0.000223828 0.000391501 0.000685797 0.000581412 0.000542979 0.00035767 0.00122793 0.000685507 0.000405912 0.00244148 0.00127026 0.000752422 0.000254012 0.000284798 0.000252223 0.00024617 0.00024588 0.000230941 0.000254894 0.000680866 0.000230168 0.000206707 0.000286534 0.000283264 0.00027892
threshold=1.5000000000000002 93391.000000000015 900.00000000000011 285.00000000000006 1069.5000000000002 1455.5000000000002 11085.500000000002 30.500000000000004 12522.500000000002 24.500000000000004 17.500000000000004 10039.000000000002 12.500000000000002 13622.500000000002 431.68679809570318 31.500000000000004 35.500000000000007 1511.0000000000002 1538.0000000000002 4.5000000000000009 291.00187683105474 502.29891967773443 667.50000000000011 5798.5000000000009 13.500000000000002 10.500000000000002 18613.000000000004 1207.5000000000002 64.500000000000014 282.99032592773443
decision_type=2 2 2 2 2 2 2 2 2 2 2 2 2 2 2 2 2 2 2 2 2 2 2 2 2 2 2 2 2 2
left_child=-1 3 -3 -2 -5 6 7 9 -8 19 12 -12 -7 14 15 -13 -15 20 -19 -6 -18 -20 -21 24 25 -24 27 -10 -28 -29
right_child=1 2 -4 4 5 10 8 -9 26 -11 11 13 -14 16 -16 -17 17 18 21 22 -22 -23 23 -25 -26 -27 28 29 -30 -31
leaf_value=-0.00036343730947313211 6.4156289863368876e-05 0.00030190657708573099 2.3504180570030476e-05 0.00030979950492370076 -0.00030974296437900352 6.9058014982933732e-05 -0.00069307225290685896 0.00050027752172900368 -0.00024186231069810071 -0.00043392115294409454 0.00051500695901821655 -0.00034064404050392722 -0.0005578405606546298 0.00054712796356761828 -0.00085374641025231948 0.00062839586404856351 0.00049171737060532911 -0.00036575834885959263 -2.4060962346010061e-06 -0.0001469662463861431 3.8791760568225684e-05 -0.00035417465463979172 0.00015390283174716255 -7.3671253324535333e-05 0.00053465940928199907 -0.00021804009125584605 -0.0005262089062180958 0.00043675512615664052 -0.00013012766279687292 -5.5955671080112191e-05
leaf_weight=24 387 64 105 28 23 37 20 25 30 32 46 24 33 25 36 31 20 22 3070 51 30 20 41 57 37 28 23 20 84 27
leaf_count=24 387 64 105 28 23 37 20 25 30 32 46 24 33 25 36 31 20 22 3070 51 30 20 41 57 37 28 23 20 84 27
internal_value=-1.05261e-12 1.94872e-06 0.000128935 -3.03401e-06 -9.66734e-06 -1.19657e-05 -7.45711e-05 -7.13862e-07 -0.000181012 -4.72744e-05 -2.77959e-06 1.93131e-06 -0.00022648 -5.26865e-06 -0.000213517 0.000205542 6.77567e-07 -3.64288e-06 -7.23551e-06 4.93107e-06 0.000219962 -4.68292e-06 3.87512e-05 9.68591e-05 0.000188559 2.96947e-06 -0.000125354 -4.09999e-07 -0.000215267 0.000153708
internal_weight=4500 4476 169 4307 3920 3892 498 294 204 269 3394 3324 70 3278 91 55 3187 3162 3112 237 50 3090 214 163 106 69 184 77 107 47
internal_count=4500 4476 169 4307 3920 3892 498 294 204 269 3394 3324 70 3278 91 55 3187 3162 3112 237 50 3090 214 163 106 69 184 77 107 47
is_linear=0
shrinkage=0.1


Tree=80
num_leaves=31
num_cat=0
split_feature=2 1 1 1 1 2 1 1 1 2 0 0 2 3 4 3 1 1 2 1 1 1 1 2 3 1 1 4 1 4
split_gain=0.00026339 0.00214832 0.00126812 0.000878253 0.000883076 0.000767002 0.000743146 0.000686539 0.000823686 0.000605313 0.000451091 0.000397076 0.00031639 0.000287801 0.00056507 0.000582566 0.000381123 0.000290701 0.000408027 0.000272337 0.00129845 0.000429449 0.000298346 0.00157292 0.00233607 0.00135966 0.00074055 0.000507115 0.000434803 0.000312944
threshold=51146.500000000007 136.50000000000003 136.50000000000003 130.50000000000003 123.50000000000001 47828.000000000007 141.50000000000003 128.50000000000003 126.50000000000001 55004.500000000007 750.00000000000011 750.00000000000011 47828.000000000007 378.14356994628912 1928.5000000000002 305.81588745117193 59.500000000000007 53.500000000000007 16115.500000000002 80.500000000000014 74.500000000000014 86.500000000000014 25.500000000000004 13622.500000000002 431.68679809570318 17.500000000000004 35.500000000000007 1862.0000000000002 10.500000000000002 2010.5000000000002
decision_type=2 2 2 2 2 2 2 2 2 2 2 2 2 2 2 2 2 2 2 2 2 2 2 2 2 2 2 2 2 2
left_child=2 9 3 4 5 13 -3 8 -6 10 -2 -5 -4 14 -1 -16 17 18 -17 20 22 -21 25 24 -24 28 -25 -27 -15 -30
right_child=1 6 12 11 7 -7 -8 -9 -10 -11 -12 -13 -14 19 15 16 -18 -19 -20 21 -22 -23 23 26 -26 27 -28 -29 29 -31
leaf_value=-2.5947089064018914e-05 0.00073797211662167688 -0.00038363336325346613 -0.00072388036642223597 0.00069789460040223987 -0.0002142807068129843 0.00059622269583910355 1.4555705154725913e-05 9.9966205477054857e-05 -0.00090733278894158844 0.0010014171517104843 0.00017900512036812005 0.00016301869265069918 -0.00028663201994308016 2.3315770871704445e-05 0.00059488042265911647 0.00043704687330838558 3.6270356161063929e-05 0.00061478461990191143 -0.00010778829584726031 -0.00045696298361321713 0.000497270427359682 -8.9558710144671961e-05 -9.249787399312482e-06 0.00049846005919486445 -0.0014725998858921231 -6.1861966276497004e-06 -8.0423098604430989e-05 0.00058894055449248603 -0.00014354564109817148 -0.00064390045800246298
leaf_weight=891 22 48 23 23 47 21 1991 30 27 20 42 35 59 50 24 28 300 20 27 37 45 227 24 24 20 21 279 45 25 25
leaf_count=891 22 48 23 23 47 21 1991 30 27 20 42 35 59 50 24 28 300 20 27 37 45 227 24 24 20 21 279 45 25 25
internal_value=-6.21683e-13 2.55996e-05 -2.28641e-05 -9.0577e-06 -1.90186e-05 -5.14508e-06 5.18196e-06 -0.00030356 -0.000467151 0.000521214 0.00037115 0.000375125 -0.000409275 -1.11246e-05 1.83427e-05 0.000117246 8.66769e-05 0.000288303 0.000169582 -5.73689e-05 -1.77774e-05 -0.000141051 -6.2957e-05 -0.000115703 -0.000674409 4.73015e-05 -3.4571e-05 0.000399582 -0.000185204 -0.000393723
internal_weight=4500 2123 2377 2295 2237 2133 2039 104 74 84 64 58 82 2112 1290 399 375 75 55 822 558 264 513 347 44 166 303 66 100 50
internal_count=4500 2123 2377 2295 2237 2133 2039 104 74 84 64 58 82 2112 1290 399 375 75 55 822 558 264 513 347 44 166 303 66 100 50
is_linear=0
shrinkage=0.1


Tree=81
num_leaves=31
num_cat=0
split_feature=1 1 1 1 2 2 4 3 0 1 4 1 0 1 1 2 2 0 2 2 2 1 1 1 2 1 2 2 2 1
split_gain=0.000254074 0.000243337 0.000183651 0.00109492 0.000829563 0.000697132 0.000426487 0.000389683 0.000568928 0.000462278 0.000309235 0.000324416 0.000309135 0.000306487 0.000356377 0.00059821 0.000423337 0.000357349 0.000546874 0.00161295 0.000655368 0.000615402 0.000493816 0.00202538 0.0012151 0.000894558 0.00059789 0.000572204 0.000391916 0.00105549
threshold=1.5000000000000002 249.50000000000003 24.500000000000004 31.500000000000004 11085.500000000002 7986.5000000000009 1443.5000000000002 443.35560607910162 435.00000000000006 12.500000000000002 1511.0000000000002 63.500000000000007 1200.0000000000002 34.500000000000007 40.500000000000007 16115.500000000002 16428.500000000004 592.50000000000011 21289.500000000004 18613.000000000004 24350.000000000004 78.500000000000014 128.50000000000003 136.50000000000003 40763.000000000007 95.500000000000014 44350.000000000007 56713.500000000007 26858.000000000004 80.500000000000014
decision_type=2 2 2 2 2 2 2 2 2 2 2 2 2 2 2 2 2 2 2 2 2 2 2 2 2 2 2 2 2 2
left_child=-1 2 5 -4 -5 7 -6 8 -2 -9 11 -8 -7 -12 15 -15 -16 18 19 -18 -20 -22 24 -24 25 -23 -26 -25 -19 -30
right_child=1 -3 3 4 6 12 10 9 -10 -11 13 -13 -14 14 16 -17 17 28 20 -21 21 22 23 27 26 -27 -28 -29 29 -31
leaf_value=-0.00032449886375616191 0.00041183711435177173 0.00014405797563583301 -0.00032282231707001673 0.00059880221429604874 -0.00014209645594486834 0.00021621024340371756 -3.1449101014255456e-05 -1.2880404487393958e-05 6.1877246628924076e-07 -0.00054041684533541023 0.00034939804859459401 0.00041525848158729587 0.00068415353740419965 -4.6073074581390425e-05 0.00035380803755662572 -0.00068629531946498904 -0.00025634467399314698 -0.00013227347720663087 -0.0003654479422272207 0.00086502765449855863 0.00040146716419258159 -9.3603938196301008e-05 0.00084116981059637367 -0.0002469748988914944 -0.00063457391675217963 0.00051960295285635553 -0.0001409219700243261 7.3563529476210231e-05 0.00030511282409581607 -2.1079387316598047e-05
leaf_weight=24 39 117 108 23 210 48 29 46 245 26 25 37 20 54 34 20 23 276 39 29 48 61 33 64 42 39 59 429 104 2149
leaf_count=24 39 117 108 23 210 48 29 46 245 26 25 37 20 54 34 20 23 276 39 29 48 61 33 64 42 39 59 429 104 2149
internal_value=-5.08968e-13 1.73994e-06 -2.08002e-06 -8.81776e-06 4.36177e-08 6.04506e-05 -3.57664e-06 4.40986e-06 5.70889e-05 -0.00020338 4.51718e-06 0.000218978 0.000353841 5.05156e-07 -1.9848e-06 -0.000219106 2.70081e-06 -8.15429e-07 5.4627e-05 0.000369036 3.45419e-05 5.46704e-05 3.17732e-05 8.27205e-05 -0.000101551 0.000145547 -0.000346203 3.1952e-05 -1.98005e-05 -6.02213e-06
internal_weight=4500 4476 4359 3935 3827 424 3804 356 284 72 3594 66 68 3528 3503 74 3429 3395 866 52 814 775 727 526 201 100 101 493 2529 2253
internal_count=4500 4476 4359 3935 3827 424 3804 356 284 72 3594 66 68 3528 3503 74 3429 3395 866 52 814 775 727 526 201 100 101 493 2529 2253
is_linear=0
shrinkage=0.1


Tree=82
num_leaves=31
num_cat=0
split_feature=2 0 1 2 1 1 1 2 1 1 3 3 3 2 1 1 3 3 3 3 1 0 1 0 4 3 2 4 3 3
split_gain=0.000229135 0.000223374 0.000252103 0.000215906 0.000565769 0.000349284 0.000293308 0.00028077 0.000180127 0.000219749 0.000158915 0.000272998 0.000302529 0.000761545 0.000260384 0.000212151 0.000206036 0.000482655 0.000281145 0.000324548 0.00134047 0.000658745 0.00019578 0.000172182 0.000171022 0.000415013 0.000398304 0.000403117 0.000561961 0.000480368
threshold=100154.50000000001 1665.0000000000002 235.50000000000003 58785.000000000007 189.50000000000003 216.50000000000003 136.50000000000003 65086.500000000007 94.500000000000014 65.500000000000014 540.36886596679699 487.02458190917974 466.26844787597662 21876.000000000004 18.500000000000004 10.500000000000002 460.34399414062506 455.91445922851568 438.25392150878912 428.94866943359381 48.500000000000007 1200.0000000000002 136.50000000000003 900.00000000000011 979.50000000000011 84.299739837646499 19223.500000000004 2044.5000000000002 296.78514099121099 291.00187683105474
decision_type=2 2 2 2 2 2 2 2 2 2 2 2 2 2 2 2 2 2 2 2 2 2 2 2 2 2 2 2 2 2
left_child=1 10 3 6 7 -6 8 -5 9 -3 11 12 16 -14 -13 -12 17 18 19 24 -21 22 -22 -16 25 -1 27 28 29 -26
right_child=-2 2 -4 4 5 -7 -8 -9 -10 -11 15 14 13 -15 23 -17 -18 -19 -20 20 21 -23 -24 -25 26 -27 -28 -29 -30 -31
leaf_value=0.00023785151099478495 0.00026253676760737134 -4.2310719624266873e-05 -0.00037370497839919362 5.2966572820878358e-05 -0.00029639168625341403 9.3030978626172471e-05 -0.00036038090576766989 0.00046868578708998752 9.1940698030052099e-05 -0.00032771864590406619 4.0291570952500811e-05 -0.00012050961260683835 -0.00054820818186271934 7.3092600622987175e-05 0.00043355908457745802 -0.00039407263520052247 0.00027312096760303168 -0.00040084574459891382 0.00014985125762370232 -0.0008844427559303032 0.00038501821197444645 -0.00041922035755123942 1.7347837953517835e-05 8.3288067822729291e-05 0.00013603688804308701 -0.00013815127153425787 4.7520826486798244e-07 0.00029495215821534866 -4.445024037707863e-05 0.00066476978769060236
leaf_weight=35 33 93 26 32 51 42 40 33 54 38 22 20 34 47 36 23 29 29 136 21 28 25 30 23 122 182 2888 87 221 20
leaf_count=35 33 93 26 32 51 42 40 33 54 38 22 20 34 47 36 23 29 29 136 21 28 25 30 23 122 182 2888 87 221 20
internal_value=-2.04633e-13 -1.93949e-06 -7.23767e-05 -5.1921e-05 3.76765e-05 -0.000120523 -0.000114838 0.000264024 -6.17482e-05 -0.000125101 5.15978e-06 7.25533e-06 3.55924e-06 -0.0001877 0.000191311 -0.000181717 7.58001e-06 5.56624e-06 8.67189e-06 3.42444e-06 -0.000170701 9.88477e-06 0.000194844 0.000297013 8.5184e-06 -7.75057e-05 1.41107e-05 0.000101621 5.52848e-05 0.000210506
internal_weight=4500 4467 409 383 158 93 225 65 185 131 4058 4013 3934 81 79 45 3853 3824 3795 3659 104 83 58 59 3555 217 3338 450 363 142
internal_count=4500 4467 409 383 158 93 225 65 185 131 4058 4013 3934 81 79 45 3853 3824 3795 3659 104 83 58 59 3555 217 3338 450 363 142
is_linear=0
shrinkage=0.1


Tree=83
num_leaves=31
num_cat=0
split_feature=1 1 1 1 2 2 2 3 1 1 2 2 4 4 3 3 3 3 0 1 0 2 1 1 1 2 1 1 2 1
split_gain=0.00023235 0.00019606 0.000184258 0.000898535 0.000559505 0.000368513 0.000646642 0.000589538 0.000407507 0.000415721 0.000508283 0.000398893 0.000380963 0.000321504 0.00031457 0.000485238 0.00032936 0.000299087 0.000457786 0.000357393 0.000297605 0.000460333 0.000414792 0.00155907 0.000901584 0.000560751 0.00122099 0.00165539 0.000745694 0.000562802
threshold=1.5000000000000002 249.50000000000003 24.500000000000004 28.500000000000004 7986.5000000000009 11085.500000000002 12522.500000000002 317.19689941406256 34.500000000000007 40.500000000000007 16115.500000000002 10039.000000000002 1840.5000000000002 1428.0000000000002 230.24263000488284 247.64963531494143 258.16952514648443 443.35560607910162 435.00000000000006 12.500000000000002 592.50000000000011 16115.500000000002 56.500000000000007 48.500000000000007 64.500000000000014 40763.000000000007 128.50000000000003 136.50000000000003 38157.500000000007 144.50000000000003
decision_type=2 2 2 2 2 2 2 2 2 2 2 2 2 2 2 2 2 2 2 2 2 2 2 2 2 2 2 2 2 2
left_child=-1 2 4 13 17 11 7 -7 -8 10 12 -5 -10 -4 -11 -16 -17 18 -2 -19 22 -22 23 -18 -24 28 -27 -28 -26 -29
right_child=1 -3 3 5 -6 6 8 -9 9 14 -12 -13 -14 -15 15 16 20 19 -20 -21 21 -23 24 -25 25 26 27 29 -30 -31
leaf_value=-0.00031031630857493534 0.00037503144897830989 0.00012941068440325496 -0.00065414779897904601 -3.2068838694006746e-05 0.00032370781786191991 -3.0974251456514355e-05 0.00035359445500944276 -0.00078959216712974015 -0.0003483244338228057 -0.00039506463474026532 -0.00063491263281321162 0.00052823763933163178 0.00012837350563801777 -0.0001926700224834753 0.00048191923345993501 -0.00040485152916517106 -0.00026656948509352175 -3.8764374988639483e-06 6.1598125230189834e-06 -0.00046772236908929283 0.00035626283060992138 -1.9559651867048764e-05 -0.0004601975708687355 0.00060427553860510955 0.0001355718701726742 -0.00030941739280701861 0.00075422210717409732 -0.00035794372179225324 0.00078438311000354581 5.2530796657839049e-05
leaf_weight=24 39 117 26 24 68 21 32 20 30 20 22 27 38 36 21 20 34 46 245 26 33 2634 36 52 155 102 33 36 20 463
leaf_count=24 39 117 26 24 68 21 32 20 30 20 22 27 38 36 21 20 34 46 245 26 33 2634 36 52 155 102 33 36 20 463
internal_value=5.11434e-13 1.66389e-06 -1.76496e-06 -8.51382e-06 6.08689e-05 -2.46783e-06 -6.03105e-06 -0.000401032 -1.74778e-06 -4.78085e-06 -0.000217107 0.000264564 -8.19344e-05 -0.000386193 4.41713e-07 2.61542e-06 -1.66607e-07 1.06637e-05 5.68147e-05 -0.000171376 2.08289e-06 -1.49094e-05 5.07601e-05 0.000259988 2.9466e-05 5.12557e-05 7.51505e-06 6.82803e-05 0.000209722 2.29174e-05
internal_weight=4500 4476 4359 3935 424 3873 3822 41 3781 3749 90 51 68 62 3659 3639 3618 356 284 72 3598 2667 931 86 845 809 634 532 175 499
internal_count=4500 4476 4359 3935 424 3873 3822 41 3781 3749 90 51 68 62 3659 3639 3618 356 284 72 3598 2667 931 86 845 809 634 532 175 499
is_linear=0
shrinkage=0.1


Tree=84
num_leaves=31
num_cat=0
split_feature=2 1 1 1 1 2 1 2 1 1 1 1 1 1 1 2 2 0 2 3 0 2 2 2 0 0 3 2 3 2
split_gain=0.000192206 0.00160668 0.000933347 0.000546717 0.000695469 0.000637917 0.000534767 0.000491118 0.000447224 0.000667278 0.000314388 0.00090351 0.000710307 0.0014862 0.00132195 0.000597639 0.000536918 0.000512594 0.000485245 0.000452834 0.00031309 0.000312913 0.000455234 0.000445278 0.000362419 0.000293078 0.000261992 0.000273401 0.000256784 0.000363296
threshold=51146.500000000007 136.50000000000003 136.50000000000003 130.50000000000003 123.50000000000001 47828.000000000007 141.50000000000003 55004.500000000007 128.50000000000003 126.50000000000001 108.50000000000001 115.50000000000001 80.500000000000014 85.500000000000014 77.500000000000014 40763.000000000007 31563.500000000004 592.50000000000011 27131.500000000004 377.06738281250006 1357.5000000000002 23579.500000000004 23039.500000000004 24350.000000000004 592.50000000000011 750.00000000000011 333.00718688964849 47828.000000000007 313.98646545410162 43330.500000000007
decision_type=2 2 2 2 2 2 2 2 2 2 2 2 2 2 2 2 2 2 2 2 2 2 2 2 2 2 2 2 2 2
left_child=2 7 3 4 5 10 -3 25 9 -6 12 -12 14 -14 18 16 -15 -17 21 20 -18 22 -1 -23 -25 -2 27 -4 -13 -30
right_child=1 6 26 -5 8 -7 -8 -9 -10 -11 11 28 13 15 -16 17 19 -19 -20 -21 -22 23 -24 24 -26 -27 -28 -29 29 -31
leaf_value=-1.452072676920906e-05 0.00061098021780542865 -0.0003256176502873132 -0.00077865371044026686 0.00029542898585626471 -0.00017249585207343657 0.00054519932184900557 1.2162947300550897e-05 0.00088301635252719291 5.7628032688323102e-05 -0.00079628605906489425 0.00031166076777189343 0.00021010502874560188 -0.00054562361615858711 -0.00030142427047965116 0.00051904953585471959 -0.00074217040812419287 7.3231627556378964e-05 -0.00012936778318059321 0.00021250552907948382 -9.6273617520075389e-05 0.00037837146688695571 -0.00048346153767356146 0.00035693431940778873 0.0002533884261976238 -0.00017240129518895274 0.0001604277577869306 -0.00012177065852278424 -0.00030442323238070632 -0.00042464001900144565 8.2738303067994169e-06
leaf_weight=1114 22 48 20 58 47 21 1991 20 30 27 106 20 72 51 50 21 125 39 96 123 46 33 34 27 77 42 31 31 36 42
leaf_count=1114 22 48 20 58 47 21 1991 20 30 27 106 20 72 51 50 21 125 39 96 123 46 33 34 27 77 42 31 31 36 42
internal_value=5.95633e-13 2.18684e-05 -1.95316e-05 -7.68695e-06 -1.5546e-05 -3.23406e-06 4.21127e-06 0.000450474 -0.000268059 -0.000400095 -8.68723e-06 0.000109307 -2.1303e-05 -0.000126983 1.39239e-05 -5.25585e-05 -1.89928e-06 -0.000343849 -4.36454e-06 5.00591e-05 0.000155316 -2.05665e-05 -3.51944e-06 -0.000163413 -6.18597e-05 0.000315305 -0.000351038 -0.000490396 -0.000109566 -0.000191533
internal_weight=4500 2123 2377 2295 2237 2133 2039 84 104 74 2112 204 1908 477 1431 405 345 60 1381 294 171 1285 1148 137 104 64 82 51 98 78
internal_count=4500 2123 2377 2295 2237 2133 2039 84 104 74 2112 204 1908 477 1431 405 345 60 1381 294 171 1285 1148 137 104 64 82 51 98 78
is_linear=0
shrinkage=0.1


Tree=85
num_leaves=31
num_cat=0
split_feature=1 0 1 2 4 1 1 1 1 1 1 2 1 1 2 2 1 2 2 3 4 1 1 1 0 0 2 3 1 1
split_gain=0.000186252 0.000175515 0.000240034 0.000216124 0.000193631 0.00027396 0.000263958 0.000180307 0.000367856 0.000393222 0.000329763 0.000498992 0.000257876 0.000803292 0.000739653 0.000469496 0.000176316 0.00017328 0.000711912 0.00187377 0.000906629 0.000516622 0.000463319 0.000278955 0.000983048 0.00118919 0.000465007 0.000295915 0.000242538 0.000362361
threshold=1.5000000000000002 285.00000000000006 3.5000000000000004 90755.000000000015 667.50000000000011 11.500000000000002 7.5000000000000009 19.500000000000004 55.500000000000007 69.500000000000014 44.500000000000007 13622.500000000002 136.50000000000003 122.50000000000001 61197.500000000007 43002.000000000007 180.50000000000003 10734.000000000002 13622.500000000002 431.68679809570318 1545.0000000000002 35.500000000000007 30.500000000000004 48.500000000000007 592.50000000000011 750.00000000000011 16115.500000000002 423.90020751953131 24.500000000000004 14.500000000000002
decision_type=2 2 2 2 2 2 2 2 2 2 2 2 2 2 2 2 2 2 2 2 2 2 2 2 2 2 2 2 2 2
left_child=-1 3 -3 7 5 6 -4 -2 10 -10 11 -9 13 15 -14 -11 -16 22 19 20 -19 -20 28 24 -23 -26 -27 -28 29 -6
right_child=1 2 4 -5 17 -7 -8 8 9 12 -12 -13 14 -15 16 -17 -18 18 21 -21 -22 23 -24 -25 25 26 27 -29 -30 -31
leaf_value=-0.00027783259802163231 -0.00022314308956518527 0.00026394442274150527 -0.00027174031110916986 0.00038550381701497828 -4.9467674066824885e-05 -0.00048571700870525097 0.000207804944710171 0.00036350590006415068 -0.0003742664142919239 0.00016825795848454423 0.00060998588451184339 -0.00026264488464221362 -0.00044366042048375894 0.00064009481532223249 0.00033413416569364135 -0.00038443124212790282 2.5558591395996415e-05 -0.00032843624884411294 0.00043317633740284862 -0.00098423467112567138 0.00031929612152453046 -0.00063096058740370615 0.00048702445650026979 3.3492666917988467e-08 0.00069662584217439877 9.0054750233486462e-05 -0.00011786825888083076 -0.00059053285960824445 -0.00018105756591229813 0.00017691346047976023
leaf_weight=24 23 33 24 20 138 20 22 35 24 51 20 20 34 27 23 22 95 47 27 27 40 32 24 3340 20 44 27 26 46 145
leaf_count=24 23 33 24 20 138 20 22 35 24 51 20 20 34 27 23 22 95 47 27 27 40 32 24 3340 20 44 27 26 46 145
internal_value=4.2143e-13 1.48972e-06 -4.66239e-06 6.5228e-05 -6.85157e-06 -0.000176733 -4.23926e-05 4.8101e-05 6.58748e-05 1.25092e-05 0.00026226 0.000135815 4.93449e-05 0.000174062 -3.27059e-05 1.69409e-06 8.57047e-05 -4.03656e-06 -1.05409e-05 -0.000256482 -3.06283e-05 -2.56669e-06 6.28494e-05 -5.93873e-06 -0.000139813 -5.48181e-06 -0.000150246 -0.000349741 3.19066e-05 6.65227e-05
internal_weight=4500 4476 4082 394 4049 66 46 374 351 276 75 55 252 100 152 73 118 3983 3630 114 87 3516 353 3489 149 117 97 53 329 283
internal_count=4500 4476 4082 394 4049 66 46 374 351 276 75 55 252 100 152 73 118 3983 3630 114 87 3516 353 3489 149 117 97 53 329 283
is_linear=0
shrinkage=0.1


Tree=86
num_leaves=31
num_cat=0
split_feature=2 0 1 1 1 2 1 1 1 3 4 2 1 1 0 4 3 3 3 2 3 3 1 0 0 3 2 4 1 1
split_gain=0.000171738 0.000176585 0.00022507 0.000699356 0.00032024 0.000335402 0.000290485 0.00026617 0.000320572 0.000182844 0.000155529 0.000274337 0.00031237 0.000278942 0.000410032 0.000345314 0.000323791 0.000265566 0.000277729 0.000972067 0.000317111 0.000281825 0.00100794 0.000504763 0.000275076 0.000248855 0.000229404 0.000462303 0.000432623 0.0030849
threshold=100154.50000000001 1665.0000000000002 197.50000000000003 168.50000000000003 136.50000000000003 46069.000000000007 178.50000000000003 216.50000000000003 227.50000000000003 381.30116271972662 324.00000000000006 2110.5000000000005 2.5000000000000004 10.500000000000002 900.00000000000011 859.50000000000011 540.36886596679699 487.02458190917974 453.70428466796881 12897.500000000002 438.25392150878912 428.94866943359381 48.500000000000007 1200.0000000000002 750.00000000000011 221.36708831787112 5400.0000000000009 1244.0000000000002 34.500000000000007 31.500000000000004
decision_type=2 2 2 2 2 2 2 2 2 2 2 2 2 2 2 2 2 2 2 2 2 2 2 2 2 2 2 2 2 2
left_child=1 10 3 4 5 -3 -5 -4 -9 -6 -1 12 -12 14 -13 -15 17 18 20 -20 21 25 -23 -24 -19 -17 -27 -28 29 -29
right_child=-2 2 7 6 9 -7 -8 8 -10 -11 11 13 -14 15 -16 16 -18 24 19 -21 -22 22 23 -25 -26 26 27 28 -30 -31
leaf_value=0.0002484268386279627 0.00022728875648791666 -7.6609662444284402e-05 -0.00042145428091958721 0.00054665999964345245 -0.00014490526988603442 0.00035673212529218289 9.7626912054907093e-05 0.00018073626457148099 -0.00026043587655294687 -0.00049499932222086217 0.00012362236666376702 0.00043963359801435015 -0.00032855059497524056 -0.00024130497702954976 -4.461378065410399e-05 0.00030721610403686232 -0.00036742644202288082 0.00040552458205424691 -0.00074207014192573056 -2.2902050000965569e-05 0.00017340714575139233 -0.00077571813640783414 0.00016169369489567732 -0.00037583158785128038 2.0821610388982044e-05 0.00025546137983690494 -0.00018050092883979316 -6.6087847034826779e-05 5.2608593519684927e-06 0.00116323185323451
leaf_weight=26 33 167 34 25 35 20 34 28 40 26 22 36 50 57 34 28 23 34 22 129 116 21 58 25 41 37 129 95 3049 26
leaf_count=26 33 167 34 25 35 20 34 28 40 26 22 36 50 57 34 28 23 34 22 129 116 21 58 25 41 37 129 95 3049 26
internal_value=4.41105e-13 -1.6791e-06 -6.43063e-05 -2.15473e-05 -9.51647e-05 -3.02629e-05 0.000287895 -0.000193003 -7.87768e-05 -0.000294126 4.63301e-06 3.06093e-06 -0.000190387 6.57816e-06 0.000204428 3.01788e-06 6.65117e-06 8.90938e-06 5.1682e-06 -0.000127682 1.07654e-05 5.32523e-06 -0.000156804 -2.11511e-07 0.00019522 1.03376e-05 7.84577e-06 5.06863e-06 1.26202e-05 0.000198063
internal_weight=4500 4467 409 307 248 187 59 102 68 61 4058 4032 72 3960 70 3890 3833 3810 3735 151 3584 3468 104 83 75 3364 3336 3299 3170 121
internal_count=4500 4467 409 307 248 187 59 102 68 61 4058 4032 72 3960 70 3890 3833 3810 3735 151 3584 3468 104 83 75 3364 3336 3299 3170 121
is_linear=0
shrinkage=0.1


Tree=87
num_leaves=31
num_cat=0
split_feature=1 1 1 2 1 1 1 2 4 4 4 0 0 4 1 1 3 0 0 0 0 0 3 4 0 0 1 1 2 1
split_gain=0.000169181 0.000162483 0.000686398 0.00049506 0.000427907 0.000556674 0.000445368 0.000432725 0.000343377 0.000321148 0.00031885 0.000311109 0.000614626 0.000264928 0.0003908 0.000266686 0.000261632 0.000357445 0.000334243 0.000540633 0.000267811 0.000344878 0.000264943 0.000321648 0.000256061 0.000260396 0.000243089 0.00141093 0.000745089 0.000464279
threshold=1.5000000000000002 24.500000000000004 31.500000000000004 7986.5000000000009 34.500000000000007 40.500000000000007 33.500000000000007 16115.500000000002 1443.5000000000002 1144.5000000000002 1511.0000000000002 1200.0000000000002 592.50000000000011 1614.5000000000002 62.500000000000007 116.50000000000001 443.35560607910162 435.00000000000006 592.50000000000011 1050.0000000000002 592.50000000000011 750.00000000000011 280.64991760253912 1076.0000000000002 1200.0000000000002 592.50000000000011 80.500000000000014 89.500000000000014 32744.000000000004 78.500000000000014
decision_type=2 2 2 2 2 2 2 2 2 2 2 2 2 2 2 2 2 2 2 2 2 2 2 2 2 2 2 2 2 2
left_child=-1 3 -3 16 6 11 -4 -7 9 -9 -10 12 -6 14 -12 -16 17 -2 -18 -20 -19 -22 -23 -24 25 -5 28 -28 29 -15
right_child=1 2 4 24 5 7 -8 8 10 -11 13 -13 -14 26 15 -17 18 20 19 -21 21 22 23 -25 -26 -27 27 -29 -30 -31
leaf_value=-0.00026479458109254973 0.00033744587208508537 -0.00025346293962987454 3.4647741059805936e-05 0.0004578866265364923 -0.00038426614046329635 0.00025292228160453861 0.0006438605559413277 0.00016451433710664367 0.00023877297421206787 -0.00022464441206387204 -0.00053608203730122614 -0.00046500796500671031 0.00019655313043455991 2.4906268291589288e-05 0.00011000318563907431 -0.00033913340419530871 -0.00048198330650021411 -0.0003057665874071821 0.00038848123163916172 -0.00028273230263342462 0.00033392992685548966 8.4475457487283645e-05 -0.00047850499646632345 -1.6754057954434152e-05 0.00060818126599770049 -1.4550503705582481e-05 -0.0003415696215555528 9.9368012906461274e-06 0.00066954234789591289 0.00050594942211838701
leaf_weight=24 39 108 28 20 38 69 21 26 58 115 22 36 35 450 39 20 22 24 20 30 35 116 22 48 20 28 119 2827 20 21
leaf_count=24 39 108 28 20 38 69 21 26 58 115 22 36 35 450 39 20 22 24 20 30 35 116 22 48 20 28 119 2827 20 21
internal_value=-3.89734e-13 1.41981e-06 -4.74341e-06 6.03192e-05 2.06737e-06 -1.62708e-06 0.000295739 4.78752e-06 1.81304e-07 -0.000152885 6.21662e-06 -0.000224432 -0.000105791 2.38255e-06 -0.000176375 -4.22465e-05 1.30938e-05 5.62584e-05 -0.000157166 -1.42469e-05 1.14979e-05 4.5952e-05 -8.23737e-06 -0.000161876 0.000307558 0.000182298 6.59533e-06 -4.26186e-06 7.17385e-05 4.63541e-05
internal_weight=4500 4476 4052 424 3944 3895 49 3786 3717 141 3576 109 73 3518 81 59 356 284 72 50 245 221 186 70 68 48 3437 2946 491 471
internal_count=4500 4476 4052 424 3944 3895 49 3786 3717 141 3576 109 73 3518 81 59 356 284 72 50 245 221 186 70 68 48 3437 2946 491 471
is_linear=0
shrinkage=0.1


Tree=88
num_leaves=31
num_cat=0
split_feature=2 0 0 1 1 1 2 1 4 3 4 4 1 3 2 1 1 3 3 2 1 0 1 1 1 0 2 2 2 1
split_gain=0.000156751 0.000214043 0.000227609 0.000132857 0.000151018 0.000535475 0.000430956 0.000416224 0.000769249 0.000411647 0.000280739 0.000274458 0.000315571 0.000310008 0.000287248 0.000418936 0.000466662 0.00026977 0.0003043 0.000493878 0.000747908 0.000285778 0.000246383 0.00030964 0.000749039 0.000315092 0.000266137 0.000219769 0.000213855 0.00025424
threshold=93391.000000000015 900.00000000000011 1200.0000000000002 1.5000000000000002 24.500000000000004 31.500000000000004 11085.500000000002 18.500000000000004 1345.5000000000002 280.64991760253912 1443.5000000000002 1370.0000000000002 40.500000000000007 299.83282470703131 18219.500000000004 64.500000000000014 80.500000000000014 299.83282470703131 322.76426696777349 13622.500000000002 35.500000000000007 1200.0000000000002 80.500000000000014 169.50000000000003 187.50000000000003 1200.0000000000002 22386.500000000004 21289.500000000004 32744.000000000004 131.50000000000003
decision_type=2 2 2 2 2 2 2 2 2 2 2 2 2 2 2 2 2 2 2 2 2 2 2 2 2 2 2 2 2 2
left_child=3 -2 -3 -1 7 -6 -7 9 -9 -5 11 12 -8 -13 -14 -16 -17 21 22 -20 -21 27 26 -24 -25 -26 -19 -12 -29 -30
right_child=1 2 -4 4 5 6 10 8 -10 -11 17 13 14 -15 15 16 -18 18 19 20 -22 -23 23 24 25 -27 -28 28 29 -31
leaf_value=-0.00023831513462937439 0.0002386311072378078 -0.00017370070466616501 0.00012683379671735956 0.00011260028285923418 -0.0002281166449595023 0.00042925875029101483 -0.00036244062529086868 -5.029277809514673e-05 0.00046064986446089896 -0.0001194935259424906 0.00052490465812297775 -0.00058168034787134577 0.00019986754142541476 -6.1985579668544241e-05 -0.00044842513512776354 0.0003593189055279184 -0.00019666089319798631 -9.0128343741056481e-05 -0.00039229357174800467 0.0006183827419590671 4.8473574086815109e-06 -4.0148214365427314e-05 -0.00024140458376579853 0.00052027630814076731 -0.0003229964195171583 6.8996513122378071e-05 0.00037093810304733262 -7.6002869280745037e-05 0.00055329086244455545 0.00011280766432862852
leaf_weight=24 64 42 63 148 108 23 28 57 61 158 20 24 49 22 25 26 36 31 31 20 3026 65 139 21 46 37 21 27 20 38
leaf_count=24 64 42 63 148 108 23 28 57 61 158 20 24 49 22 25 26 36 31 31 20 3026 65 139 21 46 37 21 27 20 38
internal_value=2.92059e-13 9.44822e-05 6.62e-06 -3.68679e-06 -2.37937e-06 -8.56702e-06 -2.28587e-06 5.42873e-05 0.000213839 -7.239e-06 -4.93126e-06 -0.000117271 -5.67253e-05 -0.000333131 6.21603e-06 -0.000102852 3.64919e-05 1.72921e-06 -4.46738e-06 4.83414e-06 8.87582e-06 0.000124641 -0.000101487 -0.000143763 -1.32612e-05 -0.000148253 9.60716e-05 0.000226653 0.000156476 0.000264698
internal_weight=4500 169 105 4331 4307 3883 3775 424 118 306 3752 210 164 46 136 87 62 3542 3372 3077 3046 170 295 243 104 83 52 105 85 58
internal_count=4500 169 105 4331 4307 3883 3775 424 118 306 3752 210 164 46 136 87 62 3542 3372 3077 3046 170 295 243 104 83 52 105 85 58
is_linear=0
shrinkage=0.1


Tree=89
num_leaves=31
num_cat=0
split_feature=1 2 0 1 1 1 1 2 2 3 1 0 2 4 2 1 1 3 1 2 4 3 0 2 0 1 1 3 4 3
split_gain=0.000134069 0.000130807 0.000124995 0.000177245 0.000960247 0.000243132 0.000234628 0.000705069 0.000475797 0.000582437 0.00024427 0.000240199 0.000181415 0.000170258 0.000387433 0.000374614 0.000376241 0.000178936 0.000178324 0.000286689 0.000186611 0.000375576 0.000365864 0.000348748 0.000632358 0.000239021 0.000309772 0.000182776 0.000377567 0.000167957
threshold=249.50000000000003 97365.000000000015 1357.5000000000002 227.50000000000003 221.50000000000003 232.50000000000003 188.50000000000003 68768.000000000015 70338.500000000015 411.01672363281256 200.50000000000003 1515.0000000000002 86938.500000000015 324.00000000000006 2110.5000000000005 10.500000000000002 8.5000000000000018 185.11106109619143 13.500000000000002 5400.0000000000009 1244.0000000000002 214.71475982666018 900.00000000000011 9649.0000000000018 750.00000000000011 31.500000000000004 34.500000000000007 275.51283264160162 1044.5000000000002 397.97033691406256
decision_type=2 2 2 2 2 2 2 2 2 2 2 2 2 2 2 2 2 2 2 2 2 2 2 2 2 2 2 2 2 2
left_child=2 -2 13 4 6 -5 7 -4 -8 10 -10 -12 -7 -1 -15 16 -16 -17 -19 -20 21 -21 27 24 -22 29 -27 28 -23 -25
right_child=1 -3 3 5 -6 12 8 -9 9 -11 11 -13 -14 14 15 17 -18 18 19 20 23 22 -24 25 -26 26 -28 -29 -30 -31
leaf_value=0.00027283389357914226 3.5154918728994183e-05 0.00026424971562543455 -3.3853988509276491e-05 -0.00045831312870307431 0.00050467729830843918 -0.00028781273540516849 -0.00060120232885310545 0.00040108360979222479 0.00022046902386874362 -0.0005329617929874076 0.00015608578723913524 -0.00019862304448906799 2.2138269886109528e-05 -0.00025761660351153378 3.3661250416762123e-05 -0.00027243970107519998 0.00055506759090349076 -0.00021370055348799929 0.00035442958448281086 0.00027537558529398999 0.00054494374952114685 -0.00051579266906628626 4.738089147671734e-05 -0.00039951008034024753 -3.5184625448891897e-05 0.00031627382382849289 7.9956528096402923e-06 -0.00051319160130723119 6.2136007405710054e-05 -6.333332438814632e-05
leaf_weight=24 81 36 841 21 34 28 20 39 37 24 28 60 58 55 31 23 25 36 24 22 34 20 46 23 42 33 2659 28 26 42
leaf_count=24 81 36 841 21 34 28 20 39 37 24 28 60 58 55 31 23 25 36 24 22 34 20 46 23 42 33 2659 28 26 42
internal_value=3.3146e-14 0.000105646 -2.82011e-06 -3.04823e-05 -1.83515e-05 -0.000153265 -3.53038e-05 -1.45783e-05 -0.000143223 -8.17497e-05 4.88299e-06 -8.57611e-05 -7.8776e-05 7.48933e-06 5.47978e-06 1.01266e-05 0.000266432 5.43301e-06 7.5388e-06 1.01946e-05 7.41754e-06 -0.00010445 -0.000174085 1.30247e-05 0.000224346 7.1994e-06 1.17747e-05 -0.000311752 -0.000189137 -0.000182288
internal_weight=4500 117 4383 1190 1083 107 1049 880 169 149 125 88 86 3193 3169 3114 56 3058 3035 2999 2975 142 120 2833 76 2757 2692 74 46 65
internal_count=4500 117 4383 1190 1083 107 1049 880 169 149 125 88 86 3193 3169 3114 56 3058 3035 2999 2975 142 120 2833 76 2757 2692 74 46 65
is_linear=0
shrinkage=0.1


Tree=90
num_leaves=31
num_cat=0
split_feature=2 1 1 1 1 1 1 2 2 4 1 1 2 0 2 1 1 1 0 0 2 1 2 3 0 0 2 3 2 0
split_gain=0.000116667 0.00122691 0.000719805 0.000431735 0.000405758 0.000403928 0.000607172 0.000485253 0.000397423 0.000383326 0.000255823 0.000729241 0.000545432 0.000414212 0.00034132 0.000405932 0.00113407 0.000887337 0.000396317 0.000631697 0.000361084 0.000359006 0.000294977 0.000283782 0.00028652 0.000233206 0.000284975 0.000214249 0.000303218 0.000203875
threshold=51146.500000000007 136.50000000000003 136.50000000000003 133.50000000000003 146.50000000000003 130.50000000000003 123.50000000000001 47828.000000000007 53474.500000000007 1940.5000000000002 108.50000000000001 115.50000000000001 40763.000000000007 592.50000000000011 39843.500000000007 80.500000000000014 88.500000000000014 72.500000000000014 750.00000000000011 1357.5000000000002 29032.000000000004 82.500000000000014 30423.500000000004 377.06738281250006 1357.5000000000002 750.00000000000011 42677.000000000007 313.98646545410162 43330.500000000007 1050.0000000000002
decision_type=2 2 2 2 2 2 2 2 2 2 2 2 2 2 2 2 2 2 2 2 2 2 2 2 2 2 2 2 2 2
left_child=2 3 5 8 -3 6 7 10 -2 -8 12 25 14 -14 15 17 21 -1 20 -20 -19 -17 -18 24 -24 -12 -27 -13 -29 -7
right_child=1 4 -4 -5 -6 29 9 -9 -10 -11 11 27 13 -15 -16 16 22 18 19 -21 -22 -23 23 -25 -26 26 -28 28 -30 -31
leaf_value=-1.1432875880550687e-05 7.4527121796563735e-06 -0.00019081167937779007 -0.00030634040511624957 0.00075003881817489564 1.1949602825369265e-05 0.00043070032540614903 0.00014594176420359872 0.00047826179985090026 0.00052333235331129152 -0.00034118957791438983 0.00052510259739737479 0.00019697792376973668 -0.00067099153280391222 -0.00012012674683669152 0.00037625353573315337 -0.00066062341997167099 -0.00032606185041004213 -0.00025209225992591162 0.00065373979620579289 0.00010098218335770072 0.00030825209004156618 -0.00025945787343809425 3.6010677081603643e-05 -0.00010681404580049446 0.0003292105672501392 3.4454476800597742e-05 0.00042672773716115065 -0.00038285327423687301 1.2649167876502144e-05 5.4833961567729366e-05
leaf_weight=1302 32 104 82 24 1935 31 20 21 28 84 29 20 21 39 23 30 24 23 44 39 23 87 121 86 46 46 31 36 42 27
leaf_count=1302 32 104 82 24 1935 31 20 21 28 84 29 20 21 39 23 30 24 23 44 39 23 87 121 86 46 46 31 36 42 27
internal_value=4.95551e-13 1.70376e-05 -1.5217e-05 0.00039158 1.60768e-06 -4.8152e-06 -1.15705e-05 -6.65792e-08 0.000248197 -0.00024751 -4.82269e-06 0.000101615 -1.62029e-05 -0.000312929 -6.56888e-06 -1.13935e-05 -0.000101274 1.33535e-05 0.000263524 0.00039401 2.80799e-05 -0.000362321 8.98731e-06 4.07706e-05 0.000116772 0.00028341 0.000192383 -9.50193e-05 -0.00016989 0.000255728
internal_weight=4500 2123 2377 84 2039 2295 2237 2133 60 104 2112 204 1908 60 1848 1825 394 1431 129 83 46 117 277 253 167 106 77 98 78 58
internal_count=4500 2123 2377 84 2039 2295 2237 2133 60 104 2112 204 1908 60 1848 1825 394 1431 129 83 46 117 277 253 167 106 77 98 78 58
is_linear=0
shrinkage=0.1


Tree=91
num_leaves=31
num_cat=0
split_feature=3 0 1 1 2 1 1 1 3 3 2 2 1 1 2 3 0 2 3 2 2 1 2 2 2 2 4 4 1 0
split_gain=0.000118572 0.000574935 0.000447639 0.000427789 0.000471867 0.000369486 0.000541093 0.000386131 0.000305339 0.000303837 0.00027198 0.000359191 0.000288266 0.000270856 0.000211312 0.00018822 0.000397647 0.000491938 0.000343048 0.000165272 0.000164443 0.000228887 0.000304027 0.000176502 0.000257134 0.000268264 0.000143253 0.000574665 0.000557397 0.00060665
threshold=415.76388549804693 900.00000000000011 102.50000000000001 81.500000000000014 26858.000000000004 186.50000000000003 167.50000000000003 136.50000000000003 432.90420532226568 455.91445922851568 16115.500000000002 6917.5000000000009 49.500000000000007 49.500000000000007 98381.000000000015 451.90898132324224 592.50000000000011 17867.500000000004 502.29891967773443 10039.000000000002 91173.500000000015 190.50000000000003 71333.500000000015 65774.000000000015 46069.000000000007 53032.000000000007 1526.5000000000002 1511.0000000000002 34.500000000000007 750.00000000000011
decision_type=2 2 2 2 2 2 2 2 2 2 2 2 2 2 2 2 2 2 2 2 2 2 2 2 2 2 2 2 2 2
left_child=14 2 8 4 10 6 7 -4 13 20 11 -3 -12 -2 26 -10 17 18 -17 -18 21 22 23 24 -5 -26 27 -1 29 -28
right_child=1 3 5 9 -6 -7 -8 -9 15 -11 12 -13 -14 -15 -16 16 19 -19 -20 -21 -22 -23 -24 -25 25 -27 28 -29 -30 -31
leaf_value=-2.0002197267263247e-05 -0.00053935111929604318 -0.00024011844342889928 0.00040688977110344364 -0.00034005082154180854 0.00034773461047734602 -1.6942546343906779e-05 0.00075855710428662695 -5.6449136962848047e-05 0.00022701951226760709 -0.00050232895072743614 -0.00049888520958484158 0.00018029567067584388 -5.6867115058088934e-05 -5.3815162714777726e-05 0.00031644707527117468 -0.00067776076598833745 0.00039825621992349623 0.00012078009688505723 -0.00011270546154784306 4.6184919192455715e-05 6.3609529960168787e-05 -0.00042218706609370812 0.00021132682935179524 -0.00046446563653825294 0.00028596474061487242 -0.00016650389453915477 0.00072166738783657237 -0.00056423306174110629 8.9691197600650732e-06 5.2642548866005565e-05
leaf_weight=649 20 31 37 40 32 54 21 35 37 30 25 59 36 27 22 22 20 31 21 40 28 36 21 21 20 38 23 20 2971 33
leaf_count=649 20 31 37 40 32 54 21 35 37 30 25 59 36 27 22 22 20 31 21 40 28 36 21 21 20 38 23 20 2971 33
internal_value=8.47396e-14 -3.53946e-05 5.62544e-05 -0.000115615 -1.08233e-06 0.000191116 0.000311924 0.000181656 -3.46842e-05 -0.000205185 -7.50038e-05 3.54864e-05 -0.000238022 -0.000260426 7.44447e-06 2.73618e-05 -2.77675e-05 -0.000182883 -0.000401804 0.000163542 -0.000161488 -0.000197298 -0.00013947 -0.000201375 -0.000144999 -1.04802e-05 5.60517e-06 -3.62722e-05 1.48605e-05 0.000327421
internal_weight=4500 782 365 417 183 147 93 72 218 234 151 90 61 47 3718 171 134 74 43 60 204 176 140 119 98 58 3696 669 3027 56
internal_count=4500 782 365 417 183 147 93 72 218 234 151 90 61 47 3718 171 134 74 43 60 204 176 140 119 98 58 3696 669 3027 56
is_linear=0
shrinkage=0.1


Tree=92
num_leaves=31
num_cat=0
split_feature=1 0 1 1 1 1 2 2 1 2 2 1 1 4 1 1 2 2 3 2 3 2 1 3 1 4 0 1 4 4
split_gain=0.000113569 0.000125523 0.000200178 0.00018333 0.000141089 0.000642058 0.000548398 0.0003669 0.00020192 0.000196311 0.000233338 0.00015866 0.000140435 0.000131748 0.000178315 0.000193196 0.000158853 0.000836005 0.000308546 0.000275512 0.000245422 0.000219803 0.000785856 0.00029465 0.000633956 0.000231806 0.00028719 0.000288972 0.000196277 0.000166146
threshold=1.5000000000000002 285.00000000000006 3.5000000000000004 239.50000000000003 136.50000000000003 122.50000000000001 61197.500000000007 43002.000000000007 19.500000000000004 14268.000000000002 17867.500000000004 57.500000000000007 180.50000000000003 667.50000000000011 11.500000000000002 7.5000000000000009 11085.500000000002 12522.500000000002 349.23016357421881 7986.5000000000009 235.98095703125003 5798.5000000000009 15.500000000000002 480.88562011718756 18.500000000000004 1644.5000000000002 1200.0000000000002 7.5000000000000009 1304.5000000000002 1144.5000000000002
decision_type=2 2 2 2 2 2 2 2 2 2 2 2 2 2 2 2 2 2 2 2 2 2 2 2 2 2 2 2 2 2
left_child=-1 3 -3 4 5 7 -6 8 -2 -10 -11 -12 -8 14 15 -4 19 18 -18 21 -19 22 25 24 -23 26 27 -15 -26 -22
right_child=1 2 13 -5 6 -7 12 -9 9 10 11 -13 -14 16 -16 -17 17 20 -20 -21 29 23 -24 -25 28 -27 -28 -29 -30 -31
leaf_value=-0.00021695172502707771 -0.00020015044628171778 0.00024125554699628885 -0.00023399896575332 0.0003500432121973063 -0.00038879344680454406 0.00054714495954276236 0.00028873700433430951 -0.00035781994864175271 0.00031797589125179347 -0.00023166677008544946 0.0003659063290494184 5.1984978157291326e-05 1.3343921792080726e-05 -0.00012286918573408911 -0.00039544748702610385 0.00017626320315519646 -0.00016422335606876005 -0.00034530247350977292 -0.00066619833779986946 0.00018025130186229477 0.00026546456413242321 -0.00066646386853376916 0.00057158473159338774 0.00021475189958437116 -0.00018406753069333113 -0.00030488046025857333 -0.00015669910869539971 0.00034892170948001584 0.00022036325797671454 -4.1815877783155556e-06
leaf_weight=24 23 33 24 20 34 27 23 22 37 23 21 69 95 20 20 22 24 21 25 124 23 22 26 20 30 25 44 37 20 3522
leaf_count=24 23 33 24 20 34 27 23 22 37 23 21 69 95 20 20 22 24 21 25 124 23 22 26 20 30 25 44 37 20 3522
internal_value=-6.50804e-13 1.16328e-06 -4.03941e-06 5.50652e-05 3.9291e-05 9.01134e-05 -3.49365e-05 2.68322e-05 7.57474e-05 0.000118052 5.25899e-05 0.000125233 6.70222e-05 -6.0386e-06 -0.000146169 -3.77866e-05 -3.71658e-06 -1.00884e-05 -0.000420333 5.8876e-05 -4.45127e-06 -2.80647e-06 7.10339e-05 -0.000124804 -0.000219125 -3.22544e-05 3.52273e-05 0.000183381 -2.22952e-05 -2.43212e-06
internal_weight=4500 4476 4082 394 374 222 152 195 173 150 113 90 118 4049 66 46 3983 3615 49 368 3566 244 152 92 72 126 101 57 50 3545
internal_count=4500 4476 4082 394 374 222 152 195 173 150 113 90 118 4049 66 46 3983 3615 49 368 3566 244 152 92 72 126 101 57 50 3545
is_linear=0
shrinkage=0.1


Tree=93
num_leaves=31
num_cat=0
split_feature=3 3 2 0 2 1 3 2 2 4 1 2 2 3 1 1 1 2 2 1 3 4 1 1 4 1 2 1 0 0
split_gain=0.000105484 0.000891814 0.000467332 0.000375497 0.000370485 0.000321042 0.000350987 0.000285651 0.000189746 0.000231617 0.00016594 0.00038426 0.000286859 0.000227826 0.000235358 0.000153304 0.000219208 0.000301602 0.000410024 0.000160821 0.000128024 9.79894e-05 0.000609061 0.000638859 0.000492757 0.000337303 0.000771848 0.000545076 0.000295183 0.000698749
threshold=428.94866943359381 432.90420532226568 49020.500000000007 900.00000000000011 100154.50000000001 138.50000000000003 441.27537536621099 66791.000000000015 46069.000000000007 2046.5000000000002 15.500000000000002 11085.500000000002 15801.000000000002 460.34399414062506 53.500000000000007 17.500000000000004 81.500000000000014 24761.000000000004 16115.500000000002 49.500000000000007 449.00236511230474 1526.5000000000002 34.500000000000007 30.500000000000004 1511.0000000000002 136.50000000000003 30731.500000000004 80.500000000000014 592.50000000000011 750.00000000000011
decision_type=2 2 2 2 2 2 2 2 2 2 2 2 2 2 2 2 2 2 2 2 2 2 2 2 2 2 2 2 2 2
left_child=4 2 -2 7 21 8 -7 10 9 -5 -3 -12 -13 20 -15 -11 17 18 -17 -20 -14 24 23 -23 25 26 27 28 -1 -30
right_child=1 3 -4 5 -6 6 -8 -9 -10 15 11 12 13 14 -16 16 -18 -19 19 -21 -22 22 -24 -25 -26 -27 -28 -29 29 -31
leaf_value=-0.00012715750890836134 -0.00080108675096458425 -0.00014256149573693388 -0.00018601227978554865 0.00018309768757634711 0.00040595252977927097 -2.8766884096167534e-05 -0.00050562062145521241 0.00034845214318516405 0.00025479324206323579 -0.00035348611457844859 0.00048666410439182075 -0.00028692223301428989 6.4050271149343726e-05 0.00047478054815049592 6.8196334718127871e-05 0.00017307268608419691 -0.00033207283646333966 0.00026427289374017466 -0.00051152432542516009 -0.0001153027248710714 -0.00022708421709704337 0.00010308105789921354 4.5075009042888716e-06 0.00078471487373462886 -0.0004966657460582527 -0.00038349833763883607 0.00044160822211336851 -0.00054231707938015464 0.00036859294813001292 -1.7023927415399532e-05
leaf_weight=159 21 39 30 33 23 29 33 36 22 22 21 24 44 24 35 29 25 30 21 20 23 44 3174 20 22 24 37 20 54 362
leaf_count=159 21 39 30 33 23 29 33 36 22 22 21 24 44 24 35 29 25 30 21 20 23 44 3174 20 22 24 37 20 54 362
internal_value=-8.26112e-14 -4.05694e-05 -0.000439278 -6.98549e-07 5.77798e-06 -8.35278e-05 -0.000282576 8.81913e-05 -2.24337e-05 -5.6317e-05 4.35752e-05 8.60274e-05 2.99383e-05 9.02927e-05 0.000233587 -0.000110063 -6.72207e-05 -1.00771e-06 -0.000114699 -0.000318245 -3.58914e-05 3.42762e-06 1.06661e-05 0.000316092 -3.11418e-05 -1.55297e-05 -1.55621e-06 -2.91143e-05 -1.12638e-05 3.30321e-05
internal_weight=4500 561 51 510 3939 264 62 246 202 180 210 171 150 126 59 147 125 100 70 41 67 3916 3238 64 678 656 632 595 575 416
internal_count=4500 561 51 510 3939 264 62 246 202 180 210 171 150 126 59 147 125 100 70 41 67 3916 3238 64 678 656 632 595 575 416
is_linear=0
shrinkage=0.1


Tree=94
num_leaves=31
num_cat=0
split_feature=1 1 1 1 4 2 1 2 1 2 2 4 0 1 1 1 2 1 1 1 1 2 0 1 1 1 1 2 0 1
split_gain=9.00056e-05 0.000107731 0.000446109 0.000298366 0.000343732 0.000279461 0.00023892 0.000648901 0.000564306 0.000379564 0.000331582 0.000278853 0.000229075 0.000324852 0.00107798 0.000805013 0.000465251 0.000909766 0.000877801 0.000727457 0.000376945 0.000610894 0.000367373 0.000317155 0.000496212 0.000718425 0.00049336 0.00031086 0.00120852 0.00113849
threshold=1.5000000000000002 24.500000000000004 31.500000000000004 20.500000000000004 1221.5000000000002 11085.500000000002 40.500000000000007 12522.500000000002 34.500000000000007 16115.500000000002 16115.500000000002 1840.5000000000002 592.50000000000011 56.500000000000007 64.500000000000014 52.500000000000007 40763.000000000007 128.50000000000003 136.50000000000003 103.50000000000001 125.50000000000001 46866.000000000007 435.00000000000006 160.50000000000003 177.50000000000003 190.50000000000003 168.50000000000003 31563.500000000004 750.00000000000011 80.500000000000014
decision_type=2 2 2 2 2 2 2 2 2 2 2 2 2 2 2 2 2 2 2 2 2 2 2 2 2 2 2 2 2 2
left_child=-1 3 -3 -2 -5 -4 7 -7 -9 -8 11 -10 13 15 -15 -11 19 20 -19 22 21 -18 -16 -20 26 -26 -25 28 -14 -30
right_child=1 2 5 4 -6 6 9 8 10 12 -12 -13 27 14 16 -17 17 18 23 -21 -22 -23 -24 24 25 -27 -28 -29 29 -31
leaf_value=-0.00019313806078571363 8.2303310037487387e-06 -0.00020449575660711199 0.00034906511200065524 -6.1800179329501198e-05 0.00037134716757858735 -0.00060250148941728802 0.00024006475117613574 0.00041209098721004049 -0.00026166594005189837 2.3899935107552805e-05 -0.00048038875075607476 0.00014617382430036455 -0.00051925049052091736 -0.00048900260996724218 2.1764761582197236e-05 0.00073440380738643203 -0.00032996945746326974 0.00056021066283750722 -0.00013177157185373289 0.00075967880024109037 -0.00065401318948715931 0.00029536908744679148 0.00035198736683620763 5.0461287748983654e-05 -0.00029509616644880283 8.039661316469539e-05 0.00053839058000448858 1.2197828346244377e-06 3.4049866060632788e-05 -0.00042126010762331137
leaf_weight=24 343 108 23 28 53 24 67 23 30 52 22 38 57 39 113 23 61 33 100 20 20 21 48 43 62 286 40 2248 387 64
leaf_count=24 343 108 23 28 53 24 67 23 30 52 22 38 57 39 113 23 61 33 100 20 20 21 48 43 62 286 40 2248 387 64
internal_value=-3.6687e-13 1.03559e-06 -3.98289e-06 4.89953e-05 0.000221617 1.50782e-06 -5.30896e-07 -0.000130262 -2.99631e-05 4.16602e-06 -0.000142933 -3.37555e-05 -8.61212e-08 4.19547e-05 2.50388e-05 0.000241788 4.87077e-05 1.00707e-05 5.97743e-05 0.000190875 -0.000264761 -0.000169822 0.000120216 2.86738e-05 6.59001e-05 1.34985e-05 0.000285608 -1.47455e-05 -8.53949e-05 -3.05617e-05
internal_weight=4500 4476 4052 424 81 3944 3921 137 113 3784 90 68 3717 961 886 75 847 666 564 181 102 82 161 531 431 348 83 2756 508 451
internal_count=4500 4476 4052 424 81 3944 3921 137 113 3784 90 68 3717 961 886 75 847 666 564 181 102 82 161 531 431 348 83 2756 508 451
is_linear=0
shrinkage=0.1


Tree=95
num_leaves=31
num_cat=0
split_feature=3 3 2 0 2 1 2 2 2 4 3 3 2 4 1 2 0 1 1 0 1 4 3 3 1 1 2 4 0 4
split_gain=9.24149e-05 0.000723082 0.000377105 0.000305343 0.000297826 0.000255803 0.000318764 0.000226269 0.000156065 0.000181278 0.000133479 0.000210385 0.000421297 0.000197598 0.000175791 0.000191508 0.000131075 0.000123467 0.000172929 0.0002447 0.000187121 9.0062e-05 0.000308636 0.00028895 0.00022784 0.00121335 0.000494097 0.000343456 0.000273261 0.00023326
threshold=428.94866943359381 432.90420532226568 49020.500000000007 900.00000000000011 100154.50000000001 138.50000000000003 68399.000000000015 56246.000000000007 46069.000000000007 2046.5000000000002 441.27537536621099 487.02458190917974 14268.000000000002 2016.5000000000002 79.500000000000014 22386.500000000004 1357.5000000000002 17.500000000000004 81.500000000000014 1357.5000000000002 49.500000000000007 979.50000000000011 242.69409942626956 235.98095703125003 34.500000000000007 31.500000000000004 9649.0000000000018 1443.5000000000002 750.00000000000011 1370.0000000000002
decision_type=2 2 2 2 2 2 2 2 2 2 2 2 2 2 2 2 2 2 2 2 2 2 2 2 2 2 2 2 2 2
left_child=4 2 -2 7 21 8 -7 10 9 -5 -3 12 -12 -13 15 -14 -8 -11 19 -19 -21 23 -23 -1 25 26 28 29 -24 -26
right_child=1 3 -4 5 -6 6 16 -9 -10 17 11 13 14 -15 -16 -17 -18 18 -20 20 -22 22 24 -25 27 -27 -28 -29 -30 -31
leaf_value=-2.5026811102608468e-06 -0.00072199822045929205 0.00026036375599108977 -0.00016948087606579067 0.00015884716770167209 0.00036420256415705971 -0.00058302602476032915 -0.00026640871140195735 0.00026332953281011073 0.00022919193685414608 -0.00031896053042146377 -0.00046087414599564158 0.00039538838522275906 -6.3440582709431301e-05 2.6495759441288857e-05 -0.00015697914525389934 0.00035874849934109743 8.73100626267842e-05 -0.00015055777937204596 -0.00029729761286580473 -3.246565859929736e-05 0.0003666881017599498 0.00027669548747196262 0.00030706626785104163 -0.00028140553249218298 -7.3365323305934148e-05 0.00065197887452086436 -0.00026288987058911055 4.7526945889949534e-06 3.5313349963961538e-06 -0.00034748180977268414
leaf_weight=193 21 22 30 33 23 20 22 52 22 22 24 20 21 53 32 22 20 53 25 24 23 42 44 46 119 34 51 3254 91 42
leaf_count=193 21 22 30 33 23 20 22 52 22 22 24 20 21 53 32 22 20 53 25 24 23 42 44 46 119 34 51 3254 91 42
internal_value=2.84147e-13 -3.79731e-05 -0.000396988 -2.07163e-06 5.40821e-06 -7.67637e-05 -0.00025444 7.80857e-05 -2.22292e-05 -5.29585e-05 2.84327e-05 -1.23287e-06 -9.6203e-05 0.000127562 2.04918e-05 0.000152563 -9.79712e-05 -0.000100507 -6.20588e-05 -3.24912e-06 0.000162865 3.30088e-06 7.16724e-06 -5.61827e-05 4.05302e-06 0.000102692 2.28432e-06 -2.30145e-06 0.000102461 -0.000144874
internal_weight=4500 561 51 510 3939 264 62 246 202 180 194 172 99 73 75 43 42 147 125 100 47 3916 3677 239 3635 220 186 3415 135 161
internal_count=4500 561 51 510 3939 264 62 246 202 180 194 172 99 73 75 43 42 147 125 100 47 3916 3677 239 3635 220 186 3415 135 161
is_linear=0
shrinkage=0.1


Tree=96
num_leaves=31
num_cat=0
split_feature=0 3 2 1 1 3 4 3 3 3 2 3 0 3 3 1 0 1 0 0 0 1 2 1 1 1 3 2 2 1
split_gain=8.12199e-05 0.000153388 0.000275653 0.000137229 0.000350417 0.000268035 0.000239946 0.000182657 0.000178528 0.000236184 0.000553388 0.000348662 0.000206961 0.000191354 0.000244607 0.000706493 0.000300671 0.000276527 0.000242372 0.000250005 0.000139326 0.000131053 0.000553557 0.000225441 0.000213221 0.000168424 0.000275066 0.000227514 0.000200897 0.0001569
threshold=1665.0000000000002 84.299739837646499 1745.5000000000002 10.500000000000002 8.5000000000000018 540.36886596679699 859.50000000000011 221.36708831787112 487.02458190917974 455.91445922851568 12897.500000000002 460.34399414062506 750.00000000000011 438.25392150878912 428.94866943359381 48.500000000000007 1200.0000000000002 123.50000000000001 1357.5000000000002 900.00000000000011 900.00000000000011 197.50000000000003 65086.500000000007 216.50000000000003 181.50000000000003 136.50000000000003 381.30116271972662 46069.000000000007 55688.000000000007 227.50000000000003
decision_type=2 2 2 2 2 2 2 2 2 2 2 2 2 2 2 2 2 2 2 2 2 2 2 2 2 2 2 2 2 2
left_child=1 -1 -3 4 -4 6 -5 -8 9 13 -11 -12 -10 14 -9 -16 17 -17 19 -15 -13 22 25 -23 -24 27 28 -2 -27 -25
right_child=21 2 3 5 -6 -7 7 8 12 10 11 20 -14 18 15 16 -18 -19 -20 -21 -22 23 24 29 -26 26 -28 -29 -30 -31
leaf_value=0.00020694960097702083 -5.6240686889052768e-05 -0.00024651974738596687 -2.5284535675180249e-05 -0.00019746240852390627 0.00039232448652910535 -0.00033796596462311952 0.00026194174284423108 7.617320051346195e-06 0.00034077155955053646 -0.00059905580336427585 -0.00038829334358603734 0.00017822122112996769 7.0813030505655107e-06 0.00017490885624925689 -0.00066576006587032075 0.00037447518932268674 -0.00030566968311037415 -6.271272297733679e-05 0.00039198033660391553 -0.00013772893405363968 -6.9624719738688634e-05 -0.00035050091379055045 0.00052988150366052816 0.00014686176967058733 0.00011048947786481154 -0.00028513307476135777 -0.0004833238422139877 0.00030066337254538669 0.00012545743565379571 -0.0001573157259520295
leaf_weight=37 167 44 54 58 32 23 28 3357 34 21 23 43 41 68 21 23 26 39 27 41 48 34 22 28 27 22 23 20 26 43
leaf_count=37 167 44 54 58 32 23 28 3357 34 21 23 43 41 68 21 23 26 39 27 41 48 34 22 28 27 22 23 20 26 43
internal_value=6.54539e-14 4.26499e-06 2.41376e-06 5.14725e-06 0.000130105 2.40653e-06 4.41488e-06 7.46407e-06 5.59487e-06 2.52906e-06 -0.000127329 -4.04318e-05 0.000158354 7.39603e-06 2.83038e-06 -0.000144599 -2.02304e-05 9.94699e-05 0.000123753 5.73112e-05 4.74893e-05 -4.23186e-05 -9.33486e-06 -0.000138757 0.000298788 -6.78543e-05 -0.000198979 -1.80691e-05 -6.27299e-05 -3.73584e-05
internal_weight=4500 4088 4051 4007 86 3921 3898 3840 3812 3737 135 114 75 3602 3466 109 88 62 136 109 91 412 307 105 49 258 71 187 48 71
internal_count=4500 4088 4051 4007 86 3921 3898 3840 3812 3737 135 114 75 3602 3466 109 88 62 136 109 91 412 307 105 49 258 71 187 48 71
is_linear=0
shrinkage=0.1


Tree=97
num_leaves=31
num_cat=0
split_feature=1 1 2 2 4 0 0 0 4 0 3 4 1 4 3 2 0 3 1 2 3 3 3 2 1 0 0 2 2 1
split_gain=8.91418e-05 0.000109414 0.000384701 0.000245762 0.000395778 0.000232427 0.000247764 0.000325086 0.00021857 0.000386536 0.000201289 0.000244164 0.000179458 0.000220108 0.000150357 0.000860959 0.000509499 0.00030251 0.000260453 0.000299625 0.00024775 0.000239668 0.000196631 0.000164268 0.000283042 0.000142591 0.000130341 0.000122446 0.000119927 0.000319673
threshold=1.5000000000000002 24.500000000000004 8325.5000000000018 6917.5000000000009 2046.5000000000002 435.00000000000006 592.50000000000011 750.00000000000011 2046.5000000000002 1050.0000000000002 280.64991760253912 1076.0000000000002 5.5000000000000009 859.50000000000011 415.76388549804693 13622.500000000002 900.00000000000011 425.03292846679693 81.500000000000014 24761.000000000004 413.60221862792974 430.46133422851568 455.91445922851568 18219.500000000004 60.500000000000007 900.00000000000011 435.00000000000006 48437.000000000007 77640.500000000015 177.50000000000003
decision_type=2 2 2 2 2 2 2 2 2 2 2 2 2 2 2 2 2 2 2 2 2 2 2 2 2 2 2 2 2 2
left_child=-1 3 -3 4 5 -2 -7 -8 9 -5 12 -12 -9 -14 20 -16 17 27 19 -18 28 -19 -20 -23 -25 -22 -26 -17 29 -4
right_child=1 2 14 8 -6 6 7 10 -10 -11 11 -13 13 -15 15 16 18 21 22 -21 25 23 -24 24 26 -27 -28 -29 -30 -31
leaf_value=-0.00019220909101325863 0.00026439620392920915 -0.00043092467233128403 1.0484242704207045e-05 -0.00011727778506018547 -0.00033534563922770643 -0.00027554840011621959 0.00032433070082333871 0.00028763861555489715 0.00037940809682671296 0.00033772147069226557 -0.0004434276290703565 -2.490503352221466e-05 -0.00010813313201651908 0.00024503492348594596 -0.00056905296391050796 -0.00029668058954567564 -0.00010001854428564378 0.00042998296965379273 -0.00012647638777284629 0.00024767306063157058 0.00041126031922075258 0.00035018361397859459 -0.00040067062422167511 -0.00019674470450175278 1.108074761330774e-05 6.9443447976552249e-05 0.00021539100849431159 -1.0832172265122125e-05 3.9485398378317848e-05 -7.8306199880007557e-05
leaf_weight=24 40 21 2109 43 31 28 34 28 36 33 20 46 60 25 30 22 68 25 204 39 23 23 30 33 53 26 76 47 721 502
leaf_count=24 40 21 2109 43 31 28 34 28 36 33 20 46 60 25 30 22 68 25 204 39 23 23 30 33 53 26 76 47 721 502
internal_value=-2.52003e-13 1.03061e-06 -4.02694e-06 4.93636e-05 3.74873e-06 4.11577e-05 4.10569e-06 4.08677e-05 0.000176434 8.02877e-05 -1.29744e-05 -0.00015173 6.80687e-05 -4.26017e-06 -1.80296e-06 -4.58504e-05 -2.05342e-05 7.96851e-05 -0.000102532 2.67102e-05 6.6652e-06 0.000139372 -0.000161629 0.000100101 6.45952e-05 0.000229888 0.00013145 -0.000101972 3.38251e-06 -6.58692e-06
internal_weight=4500 4476 4052 424 312 281 241 213 112 76 179 66 113 85 4031 650 620 279 341 107 3381 210 234 185 162 49 129 69 3332 2611
internal_count=4500 4476 4052 424 312 281 241 213 112 76 179 66 113 85 4031 650 620 279 341 107 3381 210 234 185 162 49 129 69 3332 2611
is_linear=0
shrinkage=0.1


Tree=98
num_leaves=31
num_cat=0
split_feature=1 1 0 1 4 1 2 2 2 1 4 3 2 1 1 4 0 1 2 4 0 0 2 4 4 4 1 4 1 1
split_gain=7.55708e-05 0.000326908 0.0004729 0.000259241 0.00018865 0.000222217 0.000472827 0.000275125 0.000316202 0.000342156 0.000368453 0.000285581 0.000988721 0.000404635 0.00162368 0.000278507 0.000441532 0.000270857 0.000270056 0.000205681 0.000193352 0.000495732 0.000173084 0.000155303 0.000246978 0.000209636 0.000183455 0.000160371 0.000308131 0.000185785
threshold=7.5000000000000009 10.500000000000002 900.00000000000011 2.5000000000000004 667.50000000000011 13.500000000000002 5798.5000000000009 6917.5000000000009 10734.000000000002 40.500000000000007 1275.0000000000002 431.68679809570318 13622.500000000002 31.500000000000004 34.500000000000007 1164.5000000000002 750.00000000000011 18.500000000000004 16115.500000000002 1813.5000000000002 750.00000000000011 1050.0000000000002 4440.0000000000009 1443.5000000000002 1511.0000000000002 1144.5000000000002 63.500000000000007 1614.5000000000002 62.500000000000007 116.50000000000001
decision_type=2 2 2 2 2 2 2 2 2 2 2 2 2 2 2 2 2 2 2 2 2 2 2 2 2 2 2 2 2 2
left_child=3 2 -2 -1 -3 22 -7 17 15 10 -10 13 -13 -12 -15 16 -9 -8 -11 -16 -17 -22 -6 25 26 -20 -25 28 -26 -30
right_child=1 4 -4 -5 5 6 7 8 9 18 11 12 -14 14 19 20 -18 -19 23 -21 21 -23 -24 24 27 -27 -28 -29 29 -31
leaf_value=0.00012874179566740458 0.00054476295257767631 -0.00027507684979354968 -2.5904925247519522e-06 -0.00017860709694028323 -1.555529218065836e-05 0.00033670582703226024 -0.0005212878897873452 -0.00043009365857869851 -0.000518766162514856 0.00020043090088994872 -0.00032351522738827045 -0.00068645478087750369 7.2721274461530675e-05 0.00088715041272821734 -0.00035165474490405848 0.00038444262307927793 0.0001806584937028298 -1.8105422824864155e-05 0.00015283280979649417 3.8942043777621753e-05 -0.00026000690252961557 0.00027904542823030089 -0.00039567087264731523 -2.8004658053673454e-05 -0.00045846582215745005 -0.00016158519057764511 0.00034205193046914619 3.2943664385153075e-06 0.00010711284214779975 -0.00026776041944685862
leaf_weight=41 27 25 38 83 23 42 20 20 22 68 25 29 42 21 26 43 29 23 26 28 24 59 25 21 22 115 37 3437 39 20
leaf_count=41 27 25 38 83 23 42 20 20 22 68 25 29 42 21 26 43 29 23 26 28 24 59 25 21 22 115 37 3437 39 20
internal_value=-5.49431e-13 2.18144e-06 0.000224772 -7.69837e-05 -1.17471e-06 4.22943e-07 2.84622e-06 -4.9556e-07 2.11e-06 -3.67747e-06 -0.000133555 -8.39957e-05 -0.000237365 2.48963e-05 0.000141034 0.000133667 -6.86281e-05 -0.000252144 2.94509e-06 -0.000149123 0.000212338 0.000123175 -0.000213532 -6.6778e-07 3.39108e-06 -0.000103607 0.000208066 1.66804e-08 -0.000139062 -1.99628e-05
internal_weight=4500 4376 65 124 4311 4286 4238 4196 4153 3978 193 171 71 100 75 175 49 43 3785 54 126 83 48 3717 3576 141 58 3518 81 59
internal_count=4500 4376 65 124 4311 4286 4238 4196 4153 3978 193 171 71 100 75 175 49 43 3785 54 126 83 48 3717 3576 141 58 3518 81 59
is_linear=0
shrinkage=0.1


Tree=99
num_leaves=31
num_cat=0
split_feature=1 3 2 1 2 0 0 1 0 1 2 2 2 0 0 1 3 2 0 3 2 1 2 3 2 1 0 2 1 1
split_gain=8.33521e-05 9.42131e-05 0.000121765 0.000117277 0.00031921 0.000234184 0.000345349 0.000272338 0.000206582 0.000154772 0.000168647 0.000424516 0.000304666 0.00023485 0.000195563 0.000118839 0.000117942 0.00133482 0.000393507 0.00027243 0.000242827 0.000193307 0.000375388 0.000259336 0.000163848 0.000247467 0.000317272 0.000136128 0.000109082 0.000946081
threshold=1.5000000000000002 115.90625762939455 1745.5000000000002 24.500000000000004 8325.5000000000018 435.00000000000006 592.50000000000011 15.500000000000002 750.00000000000011 21.500000000000004 5400.0000000000009 6917.5000000000009 4715.0000000000009 1200.0000000000002 1200.0000000000002 15.500000000000002 428.94866943359381 14268.000000000002 900.00000000000011 431.68679809570318 100154.50000000001 138.50000000000003 71333.500000000015 476.29565429687506 18219.500000000004 89.500000000000014 592.50000000000011 26182.500000000004 34.500000000000007 31.500000000000004
decision_type=2 2 2 2 2 2 2 2 2 2 2 2 2 2 2 2 2 2 2 2 2 2 2 2 2 2 2 2 2 2
left_child=-1 -2 -3 5 -5 7 -7 -4 15 10 12 -12 13 -10 -13 -8 20 -18 24 -20 28 23 -23 -21 -19 26 27 -26 29 -6
right_child=1 2 3 4 16 6 8 -9 9 -11 11 14 -14 -15 -16 -17 17 18 19 21 -22 22 -24 -25 25 -27 -28 -29 -30 -31
leaf_value=-0.00018586237380683696 0.00016211707966754655 -0.00018347467868756617 2.3443642009321291e-05 -0.00039248868781128083 -0.00011410745943409722 -0.00030180637341497158 0.000419195611638398 0.00044954030890949072 0.00018032059954813513 0.00024121182655276413 -0.00044876546221699016 -0.00018198844202180184 0.00037010466205538253 -0.0001487713825267029 0.00022489696253884446 8.6617629442896176e-05 -0.00080968998002142398 0.00033385991328395903 -0.00044281377396102815 7.6974058685375216e-05 0.0003282677093723222 -0.00052105131035204975 -2.5279303164487441e-05 -0.00024749381959736637 0.00024314769599930678 0.00015844386431126622 -0.0003908274421954285 -0.00011280035243890737 -7.4753160773960252e-07 0.00051827978725971962
leaf_weight=24 36 36 30 21 69 30 22 30 35 27 27 21 25 57 27 21 22 25 21 107 23 24 42 32 22 100 23 21 3464 36
leaf_count=24 36 36 30 21 69 30 22 30 35 27 27 21 25 57 27 21 22 25 21 107 23 24 42 32 22 100 23 21 3464 36
internal_value=1.82556e-13 9.96581e-07 -3.09801e-07 1.18746e-06 -3.62226e-06 5.65539e-05 1.95804e-05 0.000236492 5.63804e-05 1.70337e-05 -1.44913e-05 -0.000131549 6.05459e-05 -2.35733e-05 4.68846e-05 0.000256774 -1.59641e-06 -5.05251e-05 -1.04732e-05 -9.97771e-05 4.38345e-06 -6.46368e-05 -0.00020556 2.27642e-06 9.51953e-05 5.92518e-05 -9.10392e-05 6.93126e-05 2.29622e-06 0.000102711
internal_weight=4500 4476 4440 4404 4052 352 292 60 262 219 192 75 117 92 48 43 4031 439 417 226 3592 205 66 139 191 166 66 43 3569 105
internal_count=4500 4476 4440 4404 4052 352 292 60 262 219 192 75 117 92 48 43 4031 439 417 226 3592 205 66 139 191 166 66 43 3569 105
is_linear=0
shrinkage=0.1


end of trees

feature_importances:
Column_1=1244
Column_0=783
Column_2=601
Column_3=203
Column_4=169

parameters:
[boosting: gbdt]
[objective: regression]
[metric: l2]
[tree_learner: serial]
[device_type: cpu]
[data_sample_strategy: bagging]
[data: ]
[valid: ]
[num_iterations: 100]
[learning_rate: 0.1]
[num_leaves: 31]
[num_threads: 16]
[seed: 0]
[deterministic: 0]
[force_col_wise: 0]
[force_row_wise: 0]
[histogram_pool_size: -1]
[max_depth: -1]
[min_data_in_leaf: 20]
[min_sum_hessian_in_leaf: 0.001]
[bagging_fraction: 1]
[pos_bagging_fraction: 1]
[neg_bagging_fraction: 1]
[bagging_freq: 0]
[bagging_seed: 3]
[bagging_by_query: 0]
[feature_fraction: 1]
[feature_fraction_bynode: 1]
[feature_fraction_seed: 2]
[extra_trees: 0]
[extra_seed: 6]
[early_stopping_round: 0]
[early_stopping_min_delta: 0]
[first_metric_only: 0]
[max_delta_step: 0]
[lambda_l1: 0]
[lambda_l2: 0]
[linear_lambda: 0]
[min_gain_to_split: 0]
[drop_rate: 0.1]
[max_drop: 50]
[skip_drop: 0.5]
[xgboost_dart_mode: 0]
[uniform_drop: 0]
[drop_seed: 4]
[top_rate: 0.2]
[other_rate: 0.1]
[min_data_per_group: 100]
[max_cat_threshold: 32]
[cat_l2: 10]
[cat_smooth: 10]
[max_cat_to_onehot: 4]
[top_k: 20]
[monotone_constraints: ]
[monotone_constraints_method: basic]
[monotone_penalty: 0]
[feature_contri: ]
[forcedsplits_filename: ]
[refit_decay_rate: 0.9]
[cegb_tradeoff: 1]
[cegb_penalty_split: 0]
[cegb_penalty_feature_lazy: ]
[cegb_penalty_feature_coupled: ]
[path_smooth: 0]
[interaction_constraints: ]
[verbosity: 1]
[saved_feature_importance_type: 0]
[use_quantized_grad: 0]
[num_grad_quant_bins: 4]
[quant_train_renew_leaf: 0]
[stochastic_rounding: 1]
[linear_tree: 0]
[max_bin: 255]
[max_bin_by_feature: ]
[min_data_in_bin: 3]
[bin_construct_sample_cnt: 200000]
[data_random_seed: 1]
[is_enable_sparse: 1]
[enable_bundle: 1]
[use_missing: 1]
[zero_as_missing: 0]
[feature_pre_filter: 1]
[pre_partition: 0]
[two_round: 0]
[header: 0]
[label_column: ]
[weight_column: ]
[group_column: ]
[ignore_column: ]
[categorical_feature: ]
[forcedbins_filename: ]
[precise_float_parser: 0]
[parser_config_file: ]
[objective_seed: 5]
[num_class: 1]
[is_unbalance: 0]
[scale_pos_weight: 1]
[sigmoid: 1]
[boost_from_average: 1]
[reg_sqrt: 0]
[alpha: 0.9]
[fair_c: 1]
[poisson_max_delta_step: 0.7]
[tweedie_variance_power: 1.5]
[lambdarank_truncation_level: 30]
[lambdarank_norm: 1]
[label_gain: ]
[lambdarank_position_bias_regularization: 0]
[eval_at: ]
[multi_error_top_k: 1]
[auc_mu_weights: ]
[num_machines: 1]
[local_listen_port: 12400]
[time_out: 120]
[machine_list_filename: ]
[machines: ]
[gpu_platform_id: -1]
[gpu_device_id: -1]
[gpu_use_dp: 0]
[num_gpu: 1]

end of parameters

pandas_categorical:null
