tree
version=v4
num_class=1
num_tree_per_iteration=1
label_index=0
max_feature_idx=8
objective=regression
feature_names=Column_0 Column_1 Column_2 Column_3 Column_4 Column_5 Column_6 Column_7 Column_8
feature_infos=[210:1740] [0:16] [0:8178] [0:1019] [0:2048] [0:256] [0:119960] [0:891.19258425001624] [0:2048]
tree_sizes=2700 2742 2733 2747 2732 2733 2759 2745 2743 2749 2749 2758 2747 2765 2763 2762 2765 2759 2777 2762 2766 2784 2774 2786 2805 2775 2800 2789 2771 2752 2793 2799 2764 2805 2783 2783 2785 2775 2819 2796 2787 2801 2778 2770 2816 2797 2822 2771 2751 2753 2762 2756 2812 2805 2807 2761 2707 2747 2744 2799 2788 2768 2795 2792 2796 2702 2757 2764 2757 2714 2731 2779 2745 2775 2727 2791 2759 2740 2747 2759 2739 2727 2771 2703 2746 2760 2734 2706 2779 2724 2741 2766 2743 2750 2755 2765 2727 2717 2742 2768

Tree=0
num_leaves=31
num_cat=0
split_feature=0 0 0 0 2 2 0 0 5 0 0 0 0 0 0 2 2 2 5 2 2 2 2 2 2 5 2 5 2 0
split_gain=5.12485e+07 8.16999e+06 4.96437e+06 1.25503e+06 1.01634e+06 920044 821187 727598 383845 202725 166943 151296 147678 119480 84640.5 83381 68946.8 66900.5 112127 57589.7 57061.5 49571.9 39777.5 38078.2 30189.5 23458.9 22619.3 21177.4 42169 14674.1
threshold=1200.0000000000002 592.50000000000011 1515.0000000000002 900.00000000000011 85.500000000000014 493.50000000000006 1357.5000000000002 285.00000000000006 83.500000000000014 435.00000000000006 750.00000000000011 1050.0000000000002 1357.5000000000002 1665.0000000000002 1665.0000000000002 1518.5000000000002 1465.5000000000002 77.500000000000014 79.500000000000014 71.500000000000014 185.50000000000003 173.50000000000003 207.50000000000003 2360.5000000000005 435.50000000000006 128.50000000000003 1560.0000000000002 92.500000000000014 71.500000000000014 1665.0000000000002
decision_type=2 2 2 2 2 2 2 2 2 2 2 2 2 2 2 2 2 2 2 2 2 2 2 2 2 2 2 2 2 2
left_child=1 7 5 10 8 12 23 21 14 20 22 26 27 25 -4 -13 -8 18 -14 -11 -9 -1 -3 -7 29 -10 -5 28 -2 -6
right_child=2 3 4 11 24 6 16 9 13 19 -12 15 17 -15 -16 -17 -18 -19 -20 -21 -22 -23 -24 -25 -26 -27 -28 -29 -30 -31
leaf_value=172.9086574717696 180.48878028834389 177.83142721968494 183.74305557096571 179.61479401346625 190.35124598166948 183.98876554969286 187.41039351197614 174.78446854787563 186.39865701835743 176.45430991493882 178.53953219416485 180.6580531305041 181.31750008472369 190.84184502967955 186.96309543953689 182.09738912270535 189.22176367886289 185.99764406249102 184.70583666396385 175.10985829193089 173.48758829218269 171.70648334614779 176.79197645052767 185.24252557160537 192.04521231748348 188.52522006253571 180.35920097349504 182.53243258532154 183.069140311833 191.71879330827522
leaf_weight=496 190 547 175 1035 167 542 307 489 69 437 1697 982 147 315 153 682 666 153 291 1176 1108 1112 1126 438 2052 209 674 322 95 148
leaf_count=496 190 547 175 1035 167 542 307 489 69 437 1697 982 147 315 153 682 666 153 291 1176 1108 1112 1126 438 2052 209 674 322 95 148
internal_value=180.941 176.958 188.09 179.206 190.809 185.254 186.592 173.814 187.99 174.683 177.841 180.569 183.072 189.508 185.245 181.248 188.65 184.197 183.569 175.474 173.885 172.077 177.132 184.549 191.905 187.997 179.908 181.977 181.349 190.994
internal_weight=18000 11561 6439 6743 3288 3151 1953 4818 921 3210 3370 3373 1198 593 328 1664 973 591 438 1613 1597 1608 1673 980 2367 278 1709 607 285 315
internal_count=18000 11561 6439 6743 3288 3151 1953 4818 921 3210 3370 3373 1198 593 328 1664 973 591 438 1613 1597 1608 1673 980 2367 278 1709 607 285 315
is_linear=0
shrinkage=1


Tree=1
num_leaves=31
num_cat=0
split_feature=0 0 0 0 2 2 0 0 5 0 0 0 0 0 2 0 2 2 5 2 2 2 2 2 5 2 2 6 2 2
split_gain=4.15113e+07 6.61769e+06 4.02114e+06 1.01658e+06 823236 745236 665162 589354 313756 164207 135224 122550 119619 104373 67965.7 59397.6 56006 54189.4 91617 46725.7 46219.8 40153.2 32219.8 31766.1 24887.7 24791.5 19228.8 17538.9 33905.4 13496.4
threshold=1200.0000000000002 592.50000000000011 1515.0000000000002 900.00000000000011 85.500000000000014 493.50000000000006 1357.5000000000002 285.00000000000006 73.500000000000014 435.00000000000006 750.00000000000011 1050.0000000000002 1357.5000000000002 1665.0000000000002 1588.5000000000002 1665.0000000000002 1518.5000000000002 77.500000000000014 90.500000000000014 94.500000000000014 185.50000000000003 173.50000000000003 207.50000000000003 1622.5000000000002 128.50000000000003 334.50000000000006 2360.5000000000005 43471.500000000007 61.500000000000007 163.50000000000003
decision_type=2 2 2 2 2 2 2 2 2 2 2 2 2 2 2 2 2 2 2 2 2 2 2 2 2 2 2 2 2 2
left_child=1 7 5 10 8 12 23 21 15 20 22 26 27 24 -13 -4 -8 18 -14 -11 -9 -1 -3 -7 -10 -6 -5 28 -2 -12
right_child=2 3 4 11 25 6 16 9 13 19 29 14 17 -15 -16 -17 -18 -19 -20 -21 -22 -23 -24 -25 -26 -27 -28 -29 -30 -31
leaf_value=-7.22876565994755 -0.26246020175250517 -2.7982726577431016 2.3434658251538778 -1.1377372064840505 8.8934095090500858 2.5118396926640818 5.8498106806533148 -5.5405354673389517 4.7966685642915614 -4.0572685178402255 -1.7349258242192995 -0.23895376463538953 0.50490096245751237 8.8266353882938997 1.0688399810204849 5.1900713850470153 7.4672932713632365 4.5513227166693202 3.4896087325536289 -5.2556909940655538 -6.7077274604824915 -8.3107219023670229 -3.7337783074929494 3.6881765564736497 6.82614086278888 9.9756481369261891 -0.38994142205710181 1.5390902429262756 1.8438419617455581 -2.3476469048807176
leaf_weight=496 224 547 159 1232 235 367 318 489 85 452 517 1008 165 332 656 136 655 153 273 1161 1108 1112 1126 613 209 2132 477 267 116 1180
leaf_count=496 224 547 159 1232 235 367 318 489 85 452 517 1008 165 332 656 136 655 153 273 1161 1108 1112 1126 613 209 2132 477 267 116 1180
internal_value=2.66735e-09 -3.58392 6.4348 -1.56154 8.88118 3.88206 5.08654 -6.41432 6.3445 -5.63153 -2.78993 -0.334243 1.91849 7.61154 0.276619 3.6558 6.93866 2.93117 2.36523 -4.91987 -6.35033 -7.97698 -3.42791 3.24765 6.23939 9.8682 -0.929019 0.932507 0.456161 -2.16098
internal_weight=18000 11561 6439 6743 3288 3151 1953 4818 921 3210 3370 3373 1198 626 1664 295 973 591 438 1613 1597 1608 1673 980 294 2367 1709 607 340 1697
internal_count=18000 11561 6439 6743 3288 3151 1953 4818 921 3210 3370 3373 1198 626 1664 295 973 591 438 1613 1597 1608 1673 980 294 2367 1709 607 340 1697
is_linear=0
shrinkage=0.1


Tree=2
num_leaves=31
num_cat=0
split_feature=0 0 0 0 2 2 0 0 5 0 0 0 0 0 2 2 2 5 0 2 2 2 2 2 2 5 2 6 2 5
split_gain=3.36241e+07 5.36033e+06 3.25712e+06 823426 667298 603641 538781 477377 264908 133008 109531 99265.4 96891.5 84310.4 55076.2 45479.7 43893.4 74909.5 40937 37971.3 37438.1 32959.4 26657.1 26152.5 24678.3 21795.5 15575.4 15183.9 31090.1 13463.9
threshold=1200.0000000000002 592.50000000000011 1515.0000000000002 900.00000000000011 71.500000000000014 493.50000000000006 1357.5000000000002 285.00000000000006 73.500000000000014 435.00000000000006 750.00000000000011 1050.0000000000002 1357.5000000000002 1665.0000000000002 1498.5000000000002 1465.5000000000002 77.500000000000014 79.500000000000014 1665.0000000000002 71.500000000000014 185.50000000000003 71.500000000000014 2319.5000000000005 185.50000000000003 334.50000000000006 128.50000000000003 2360.5000000000005 32553.000000000004 71.500000000000014 128.50000000000003
decision_type=2 2 2 2 2 2 2 2 2 2 2 2 2 2 2 2 2 2 2 2 2 2 2 2 2 2 2 2 2 2
left_child=1 7 5 10 8 12 22 21 18 20 23 26 27 25 -13 -8 17 -14 -4 -11 -9 -1 -7 -3 -6 -10 -5 28 -2 -19
right_child=2 3 4 11 24 6 15 9 13 19 -12 14 16 -15 -16 -17 -18 29 -20 -21 -22 -23 -24 -25 -26 -27 -28 -29 -30 -31
leaf_value=-6.4358366551892523 -0.52625441519911731 -2.5124177782844619 2.0241457887663468 -1.0239634871561467 7.9425768116647895 2.4462454219212693 5.2378160992352116 -4.9864819700244993 4.2246735308543748 -3.6319512757884014 -1.9448803841453057 -0.23347536178730893 0.28870278832021162 7.938081267136794 0.93503591728842717 6.708972503043511 4.0961904087097816 1.9722591488826566 4.4426226238871731 -4.72364415635868 -6.0369549079922571 -7.4549892545864314 3.4935709700990687 -3.3580713970726404 8.9780834405551939 6.1413942630474381 -0.35094726779742219 1.2809905426780206 1.7353880939965554 3.4842588420119585
leaf_weight=435 172 540 153 1232 258 534 307 489 83 437 1697 977 147 325 687 666 153 82 129 1176 1108 1173 446 1133 2132 208 477 341 94 209
leaf_count=435 172 540 153 1232 258 534 307 489 83 437 1697 977 147 325 687 666 153 82 129 1176 1108 1173 446 1133 2132 208 477 341 94 209
internal_value=2.57935e-08 -3.22553 5.79132 -1.40539 7.99306 3.49385 4.57789 -5.77289 5.66896 -5.06838 -2.51094 -0.300818 1.72664 6.83106 0.248957 6.24479 2.63806 2.12871 3.13047 -4.42788 -5.7153 -7.17929 2.92289 -3.08512 8.8663 5.5947 -0.836118 0.839256 0.272973 3.0582
internal_weight=18000 11561 6439 6743 3288 3151 1953 4818 898 3210 3370 3373 1198 616 1664 973 591 438 282 1613 1597 1608 980 1673 2390 291 1709 607 266 291
internal_count=18000 11561 6439 6743 3288 3151 1953 4818 898 3210 3370 3373 1198 616 1664 973 591 438 282 1613 1597 1608 980 1673 2390 291 1709 607 266 291
is_linear=0
shrinkage=0.1


Tree=3
num_leaves=31
num_cat=0
split_feature=0 0 0 0 2 2 0 0 5 0 0 0 0 0 0 2 2 2 5 2 2 2 2 2 2 5 2 2 5 2
split_gain=2.72355e+07 4.34187e+06 2.63827e+06 666975 541836 488949 436412 386675 195236 107736 88720.2 80405 78482.1 67765 51044.7 45813.4 37282.2 35672.6 59940.7 30929.1 30324.8 26909 22159.9 21183.5 18450.1 13925.5 13234.7 12971.4 13328.7 17085.2
threshold=1200.0000000000002 592.50000000000011 1515.0000000000002 900.00000000000011 122.50000000000001 493.50000000000006 1357.5000000000002 285.00000000000006 81.500000000000014 435.00000000000006 750.00000000000011 1050.0000000000002 1357.5000000000002 1665.0000000000002 1665.0000000000002 2398.5000000000005 2381.5000000000005 71.500000000000014 64.500000000000014 132.50000000000003 185.50000000000003 196.50000000000003 1622.5000000000002 185.50000000000003 52.500000000000007 128.50000000000003 1560.0000000000002 435.50000000000006 83.500000000000014 52.500000000000007
decision_type=2 2 2 2 2 2 2 2 2 2 2 2 2 2 2 2 2 2 2 2 2 2 2 2 2 2 2 2 2 2
left_child=1 7 5 10 8 12 22 21 14 20 23 26 -2 -10 -4 27 -8 18 -14 -11 -9 -1 -7 -3 -16 -20 -5 28 29 -13
right_child=2 3 4 11 -6 6 16 9 13 19 -12 15 17 -15 24 -17 -18 -19 25 -21 -22 -23 -24 -25 -26 -27 -28 -29 -30 -31
leaf_value=-5.8541576058741107 0.75533056028856238 -2.2611759482931211 2.1032210814131829 -0.97707250788879851 8.0156811212044143 2.0160312509341849 5.0555625470120127 -4.4878335199960659 5.1492649332248313 -3.3062947512678962 -1.7503923860362649 -1.5753957239978285 0.034743710795069126 7.2494527474276431 4.1540522670069491 1.0616233265762136 6.2987847272087549 3.6493756745755679 1.6975203166670594 -4.2675748258227317 -5.4332592292813189 -6.7369578335643032 2.9985341979862232 -3.0222642826171229 7.3996017646789554 3.1227534405778097 -0.40765924807458298 0.25093046986224615 -0.015087344990764069 0.03159671024842696
leaf_weight=502 607 540 179 1035 2332 367 531 489 293 474 1697 166 123 323 141 469 442 160 103 1139 1108 1106 613 1133 20 205 674 552 367 110
leaf_count=502 607 540 179 1035 2332 367 531 489 293 474 1697 166 123 323 141 469 442 160 103 1139 1108 1106 613 1133 20 205 674 552 367 110
internal_value=-3.30969e-08 -2.90297 5.21219 -1.26485 7.19375 3.14447 4.1201 -5.1956 5.18881 -4.56154 -2.25984 -0.270737 1.55398 6.2505 3.26526 0.224061 5.62032 2.37425 1.90089 -3.98509 -5.14377 -6.46136 2.6306 -2.77661 4.55723 2.64613 -0.752506 -0.104656 -0.409918 -0.934928
internal_weight=18000 11561 6439 6743 3288 3151 1953 4818 956 3210 3370 3373 1198 616 340 1664 973 591 431 1613 1597 1608 980 1673 161 308 1709 1195 643 276
internal_count=18000 11561 6439 6743 3288 3151 1953 4818 956 3210 3370 3373 1198 616 340 1664 973 591 431 1613 1597 1608 980 1673 161 308 1709 1195 643 276
is_linear=0
shrinkage=0.1


Tree=4
num_leaves=31
num_cat=0
split_feature=0 0 0 0 2 2 0 0 5 0 0 0 0 0 2 2 0 2 5 2 2 2 2 2 2 5 5 2 0 2
split_gain=2.20608e+07 3.51691e+06 2.137e+06 540250 440952 396165 358445 313207 177249 87266.3 71863.4 65128.1 63514.8 55585.1 37131 32701.2 26927.8 26774.4 47332.7 25203.9 24563.1 22129.1 19036.9 18514.1 17190.9 16837.7 13711 24566.1 13381.4 10932
threshold=1200.0000000000002 592.50000000000011 1515.0000000000002 900.00000000000011 71.500000000000014 448.50000000000006 1357.5000000000002 285.00000000000006 73.500000000000014 435.00000000000006 750.00000000000011 1050.0000000000002 1357.5000000000002 1665.0000000000002 1282.5000000000002 1560.0000000000002 1665.0000000000002 132.50000000000003 79.500000000000014 71.500000000000014 185.50000000000003 61.500000000000007 2360.5000000000005 435.50000000000006 207.50000000000003 128.50000000000003 83.500000000000014 71.500000000000014 1665.0000000000002 163.50000000000003
decision_type=2 2 2 2 2 2 2 2 2 2 2 2 2 2 2 2 2 2 2 2 2 2 2 2 2 2 2 2 2 2
left_child=1 7 5 10 8 12 22 21 16 20 24 -5 26 25 -13 -8 -4 18 -14 -11 -9 -1 -7 28 -3 -10 27 -2 -6 -12
right_child=2 3 4 11 23 6 15 9 13 19 29 14 17 -15 -16 -17 -18 -19 -20 -21 -22 -23 -24 -25 -26 -27 -28 -29 -30 -31
leaf_value=-5.1982716115911343 -0.65950533350308738 -2.039029889699528 1.6114090703026045 -0.67725520793868577 5.8947969382459471 1.973241608067414 4.2451836289235834 -4.0390503859958766 3.3276488648839746 -2.9381266299319759 -1.1919059787875104 -0.22366097182059771 0.37303576043004516 6.434566549447867 0.72630670497287697 5.466904189557205 3.5728913994722591 3.4601566637976697 2.4975763045735175 -3.8275467227105384 -4.8899334236172569 -6.0382846535110151 2.8536878064342832 7.2971926824855986 -2.7223668730280117 5.0123283615479108 1.041631569289881 1.4889364472264424 7.154286670096127 -1.7433549758135261
leaf_weight=427 159 547 153 1709 176 559 331 489 83 437 517 919 159 325 745 648 129 118 308 1176 1108 1181 438 2052 1126 208 351 80 162 1180
leaf_count=427 159 547 153 1709 176 559 331 489 83 437 517 919 159 325 745 648 129 118 308 1176 1108 1181 438 2052 1126 208 351 80 162 1180
internal_value=-1.24424e-08 -2.61268 4.69097 -1.13836 6.47438 2.83002 3.69467 -4.67604 4.58512 -4.10539 -2.03386 -0.243663 1.37594 5.5357 0.201655 5.05384 2.50868 2.1143 1.77423 -3.58658 -4.62939 -5.81522 2.36004 7.18423 -2.49894 4.53182 0.643841 0.0596384 6.49846 -1.57535
internal_weight=18000 11561 6439 6743 3288 3151 1976 4818 898 3210 3370 3373 1175 616 1664 979 282 585 467 1613 1597 1608 997 2390 1673 291 590 239 338 1697
internal_count=18000 11561 6439 6743 3288 3151 1976 4818 898 3210 3370 3373 1175 616 1664 979 282 585 467 1613 1597 1608 997 2390 1673 291 590 239 338 1697
is_linear=0
shrinkage=0.1


Tree=5
num_leaves=31
num_cat=0
split_feature=0 0 0 0 2 2 0 0 6 0 0 0 0 0 0 2 2 2 5 2 2 2 2 2 5 2 5 5 2 2
split_gain=1.78692e+07 2.8487e+06 1.73097e+06 437603 357389 320894 290340 253698 141185 70685.7 58209.4 52753.7 51447 34241.6 33031.6 32123 26788.7 22478.7 43026.5 20528.7 20208.7 18052.3 15733.5 13960.6 13830.1 12545 12271.5 11567.9 16868.7 11033.7
threshold=1200.0000000000002 592.50000000000011 1515.0000000000002 900.00000000000011 85.500000000000014 448.50000000000006 1357.5000000000002 285.00000000000006 38361.500000000007 435.00000000000006 750.00000000000011 1050.0000000000002 1357.5000000000002 1665.0000000000002 1665.0000000000002 2398.5000000000005 1452.5000000000002 61.500000000000007 120.50000000000001 132.50000000000003 71.500000000000014 196.50000000000003 1622.5000000000002 250.50000000000003 63.500000000000007 435.50000000000006 64.500000000000014 128.50000000000003 34.500000000000007 1536.5000000000002
decision_type=2 2 2 2 2 2 2 2 2 2 2 2 2 2 2 2 2 2 2 2 2 2 2 2 2 2 2 2 2 2
left_child=1 7 5 10 8 12 22 21 14 20 23 -5 27 -10 24 -13 -8 18 -14 -11 -9 -1 -7 -3 -4 -6 -16 28 -2 -25
right_child=2 3 4 11 25 6 16 9 13 19 -12 15 17 -15 26 -17 -18 -19 -20 -21 -22 -23 -24 29 -26 -27 -28 -29 -30 -31
leaf_value=-4.7363646746631636 -0.29504162582911947 -1.8428942581943613 1.2412760649184538 -0.60952967381844059 5.8896905332898335 1.6221184216439726 3.7726886177374648 -3.583211726789937 4.3360505190762613 -2.6749097425726398 -1.4178178304445239 -0.093764658897070835 0.51444082124826485 5.9471652261142083 3.155699126701045 0.8828303098567386 4.9011826505278409 2.9175135266106085 2.5244490610383381 -3.4580625519405026 -4.3834165476441793 -5.459433648383639 2.4384471070708109 -2.8533610998327896 2.9184613961439867 6.5674732951857671 4.9526041724465113 1.1141808537888573 1.1618501800982679 -2.2055105641571404
leaf_weight=502 228 562 133 1709 315 384 306 433 242 474 1697 1195 212 290 123 469 673 159 214 1139 1164 1106 613 427 78 2052 55 240 122 684
leaf_count=502 228 562 133 1709 315 384 306 433 242 474 1697 1195 212 290 123 469 673 159 214 1139 1164 1106 613 427 78 2052 55 240 122 684
internal_value=-1.53955e-08 -2.35141 4.22187 -1.02453 5.82694 2.54702 3.3252 -4.20844 4.15557 -3.69485 -1.83047 -0.219297 1.23835 5.21429 2.70765 0.18149 4.54846 1.90287 1.52416 -3.22792 -4.16645 -5.2337 2.12403 -2.24905 1.86128 6.47727 3.71092 0.579457 0.212789 -2.4545
internal_weight=18000 11561 6439 6743 3288 3151 1976 4818 921 3210 3370 3373 1175 532 389 1664 979 585 426 1613 1597 1608 997 1673 211 2367 178 590 350 1111
internal_count=18000 11561 6439 6743 3288 3151 1976 4818 921 3210 3370 3373 1175 532 389 1664 979 585 426 1613 1597 1608 997 1673 211 2367 178 590 350 1111
is_linear=0
shrinkage=0.1


Tree=6
num_leaves=31
num_cat=0
split_feature=0 0 0 0 2 2 0 0 5 0 0 0 0 0 2 2 0 2 5 2 4 2 2 2 2 5 2 2 0 5
split_gain=1.44741e+07 2.30745e+06 1.40208e+06 354458 290870 259924 236254 205495 118603 57255.4 47149.6 42730.5 41223.9 35289.2 26253.6 23630.5 20586.8 17613 36382.4 16729.5 16388.2 14857.4 13474.8 11739.3 11349.7 10796.3 13839 10720.1 10670.4 10051.3
threshold=1200.0000000000002 592.50000000000011 1515.0000000000002 900.00000000000011 71.500000000000014 435.50000000000006 1357.5000000000002 285.00000000000006 81.500000000000014 435.00000000000006 750.00000000000011 1050.0000000000002 1357.5000000000002 1665.0000000000002 435.50000000000006 2381.5000000000005 1665.0000000000002 77.500000000000014 64.500000000000014 71.500000000000014 104.50000000000001 61.500000000000007 2360.5000000000005 435.50000000000006 185.50000000000003 83.500000000000014 52.500000000000007 1560.0000000000002 1665.0000000000002 79.500000000000014
decision_type=2 2 2 2 2 2 2 2 2 2 2 2 2 2 2 2 2 2 2 2 2 2 2 2 2 2 2 2 2 2
left_child=1 7 5 10 8 12 22 21 16 20 24 27 29 -10 25 -8 -4 18 -14 -11 -9 -1 -7 28 -3 26 -13 -5 -6 -2
right_child=2 3 4 11 23 6 15 9 13 19 -12 14 17 -15 -16 -17 -18 -19 -20 -21 -22 -23 -24 -25 -26 -27 -28 -29 -30 -31
leaf_value=-4.2048080944624102 -0.0089948134991315615 -1.6468659162245416 1.3556570519216178 -0.75068676755525132 4.7356487956914037 1.5854633038945958 3.64649180006408 -3.2625870689811549 3.7290891759736198 -2.3768230210179868 -1.2760360298912621 -1.3861136341759241 -0.053934409631788728 5.2790486919069757 0.47855800399415371 4.6320978643667647 2.9912199276891247 2.6664686536455489 1.9642259477045589 -3.1014497190511148 -3.9604286106605699 -4.8931046659516442 2.3244742279727713 5.9107262639739133 -2.2039605038837324 0.018163954464551213 0.06017957671291449 -0.23821484322781614 5.8603448355639429 0.8427747724736474
leaf_weight=427 226 540 164 1035 176 565 541 482 280 437 1697 166 125 309 1021 442 145 143 313 1176 1115 1181 438 2052 1133 367 110 674 162 358
leaf_count=427 226 540 164 1035 176 565 541 482 280 437 1697 166 125 309 1021 442 145 143 313 1176 1115 1181 438 2052 1133 367 110 674 162 358
internal_value=2.24917e-08 -2.11627 3.79969 -0.922074 5.24425 2.29232 2.98794 -3.78759 3.70983 -3.32536 -1.64743 -0.197367 1.10648 4.54223 0.163341 4.08966 2.12315 1.70287 1.38827 -2.90513 -3.74981 -4.71033 1.90818 5.82078 -2.02415 -0.337183 -0.809692 -0.548577 5.2747 0.513152
internal_weight=18000 11561 6439 6743 3288 3151 1986 4818 898 3210 3370 3373 1165 589 1664 983 309 581 438 1613 1597 1608 1003 2390 1673 643 276 1709 338 584
internal_count=18000 11561 6439 6743 3288 3151 1986 4818 898 3210 3370 3373 1165 589 1664 983 309 581 438 1613 1597 1608 1003 2390 1673 643 276 1709 338 584
is_linear=0
shrinkage=0.1


Tree=7
num_leaves=31
num_cat=0
split_feature=0 0 0 0 2 4 0 0 5 0 0 6 0 0 2 2 4 0 0 2 2 2 2 5 2 5 5 2 2 2
split_gain=1.1724e+07 1.86903e+06 1.13569e+06 287111 235973 211981 198652 166451 87195.7 46376.9 38191.2 35418.3 34611.7 31381.9 26551.9 23485.8 21974.4 18881.8 17776.9 14603.1 14117.2 13664.9 13471.4 12952.1 12270.3 10503.1 10399.8 9215.7 9128.9 9113.97
threshold=1200.0000000000002 592.50000000000011 1515.0000000000002 900.00000000000011 139.50000000000003 134.50000000000003 1357.5000000000002 285.00000000000006 124.50000000000001 435.00000000000006 750.00000000000011 33601.500000000007 1050.0000000000002 1665.0000000000002 1452.5000000000002 2398.5000000000005 56.500000000000007 1665.0000000000002 1357.5000000000002 1465.5000000000002 71.500000000000014 207.50000000000003 71.500000000000014 64.500000000000014 250.50000000000003 77.500000000000014 63.500000000000007 250.50000000000003 2341.5000000000005 2360.5000000000005
decision_type=2 2 2 2 2 2 2 2 2 2 2 2 2 2 2 2 2 2 2 2 2 2 2 2 2 2 2 2 2 2
left_child=1 7 5 10 8 11 19 24 13 22 27 16 29 26 -8 -14 -2 -10 -13 -7 23 -11 -9 -15 -1 -6 -4 -3 -29 -5
right_child=2 3 4 12 25 6 14 9 17 21 -12 18 15 20 -16 -17 -18 -19 -20 -21 -22 -23 -24 -25 -26 -27 -28 28 -30 -31
leaf_value=-3.846438717304316 -0.19585002055476081 -1.4917374016889422 1.1529856738149611 -0.63741234898636756 5.4713654122262634 1.2013095475823921 2.942152549900134 -2.89863175090411 3.672655385278266 -2.1871867656474477 -1.1484324381000193 0.81168518462358519 -0.088350950876196321 2.3823218150016592 3.9816845852765428 0.74669147521410184 1.6417498563542781 4.9181507395274604 1.8882046830417618 1.9619638329571174 5.732372804121538 -2.8128189606155978 -3.551969681163015 4.0042927091261928 -4.4335347122419284 5.0446561318663159 2.4307366883860229 -2.2318573127959165 -1.6507938286565969 -0.122586644832162
leaf_weight=532 331 562 146 1232 1219 411 387 433 223 511 1697 299 1195 117 673 469 81 268 315 654 22 1102 1164 85 1076 1095 113 646 465 477
leaf_count=532 331 562 146 1232 1219 411 387 433 223 511 1697 299 1195 117 673 469 81 268 315 654 22 1102 1164 85 1076 1095 113 646 465 477
internal_value=1.74187e-08 -1.90464 3.41972 -0.829867 4.71982 2.06309 2.63301 -3.40884 3.41405 -2.99283 -1.48268 0.882684 -0.17763 2.46008 3.60216 0.147007 0.165426 4.35248 1.36397 1.66842 3.32682 -2.61462 -3.37483 3.06483 -4.2393 5.26944 1.71046 -1.82173 -1.98866 -0.493719
internal_weight=18000 11561 6439 6743 3288 3151 2125 4818 974 3210 3370 1026 3373 483 1060 1664 412 491 614 1065 224 1613 1597 202 1608 2314 259 1673 1111 1709
internal_count=18000 11561 6439 6743 3288 3151 2125 4818 974 3210 3370 1026 3373 483 1060 1664 412 491 614 1065 224 1613 1597 202 1608 2314 259 1673 1111 1709
is_linear=0
shrinkage=0.1


Tree=8
num_leaves=31
num_cat=0
split_feature=0 0 0 0 2 2 0 0 5 0 0 0 0 0 2 2 0 2 5 2 2 2 2 5 2 2 6 5 2 5
split_gain=9.49644e+06 1.51392e+06 919907 232560 192268 172040 154460 134825 82103.9 37565.3 30934.8 28620.9 28035.5 19671.4 19241.4 16458 15785.3 12419.7 24908.6 11224.1 11105.8 10045.9 9327.4 9214.15 8854.96 17919.8 8532.23 8107.76 7493.21 9000.76
threshold=1200.0000000000002 592.50000000000011 1515.0000000000002 900.00000000000011 71.500000000000014 448.50000000000006 1357.5000000000002 285.00000000000006 116.50000000000001 435.00000000000006 750.00000000000011 1357.5000000000002 1050.0000000000002 1665.0000000000002 1282.5000000000002 2381.5000000000005 1665.0000000000002 42.500000000000007 128.50000000000003 71.500000000000014 219.00000000000003 61.500000000000007 2398.5000000000005 64.500000000000014 163.50000000000003 2398.5000000000005 35109.000000000007 63.500000000000007 185.50000000000003 184.50000000000003
decision_type=2 2 2 2 2 2 2 2 2 2 2 2 2 2 2 2 2 2 2 2 2 2 2 2 2 2 2 2 2 2
left_child=1 7 5 10 8 11 22 21 13 20 28 -2 -5 27 -14 -8 -10 18 -13 -11 -9 -1 -7 -15 -12 -26 -6 -4 29 -3
right_child=2 3 4 12 26 6 15 9 16 19 24 17 14 23 -16 -17 -18 -19 -20 -21 -22 -23 -24 -25 25 -27 -28 -29 -30 -31
leaf_value=-3.3996834301557701 0.40711341100476556 -1.082146069681158 0.79822394939388819 -0.44434713981397156 4.8776626584846854 1.2835489313615085 2.9468049493692887 -2.6506836000043732 3.2668651955468313 -1.9204220866618222 -0.68848675393735426 0.35183266084901121 -0.17386384745142641 2.1440895753029063 0.50998376079253704 3.7707194226899299 4.411199985518766 2.1111389415153461 1.9043227823235882 -2.5139596698191147 -3.2171962251575716 -3.9656603040380265 1.900969471564633 3.5582757322411789 -1.4990582123638452 -0.70156252608504355 4.4949585112911574 2.0271296597296193 -1.7856635716986258 -1.9974443654756291
leaf_weight=427 590 392 127 1709 1384 566 537 507 224 437 517 215 919 117 745 442 261 171 199 1176 1090 1181 431 76 715 465 1006 93 1133 148
leaf_count=427 590 392 127 1709 1384 566 537 507 224 437 517 215 919 117 745 442 261 171 199 1176 1090 1181 431 76 715 465 1006 93 1133 148
internal_value=-2.74429e-09 -1.71418 3.07775 -0.74688 4.24784 1.85678 2.42657 -3.06795 3.00032 -2.69355 -1.33442 0.898558 -0.159867 1.96413 0.132306 3.31879 3.88268 1.3942 1.09808 -2.35316 -3.03735 -3.81537 1.55046 2.70097 -1.03359 -1.18479 4.71657 1.31772 -1.63956 -1.33301
internal_weight=18000 11561 6439 6743 3288 3151 1976 4818 898 3210 3370 1175 3373 413 1664 979 485 585 414 1613 1597 1608 997 193 1697 1180 2390 220 1673 540
internal_count=18000 11561 6439 6743 3288 3151 1976 4818 898 3210 3370 1175 3373 413 1664 979 485 585 414 1613 1597 1608 997 193 1697 1180 2390 220 1673 540
is_linear=0
shrinkage=0.1


Tree=9
num_leaves=31
num_cat=0
split_feature=0 0 0 0 2 2 0 0 5 5 0 0 2 0 2 0 0 0 0 2 2 2 2 5 2 8 5 2 2 5
split_gain=7.69212e+06 1.22627e+06 745125 188374 156607 141154 132909 109209 58097.9 36716.5 30427.9 25057.2 23345.5 21377 20721.6 12453.9 12260.7 11607.9 10875.2 10768.4 9536.64 9162.94 9031.7 8440.1 8303.45 8255.54 7231.51 7172.51 14515.1 7071.65
threshold=1200.0000000000002 592.50000000000011 1515.0000000000002 900.00000000000011 139.50000000000003 132.50000000000003 1357.5000000000002 285.00000000000006 124.50000000000001 64.500000000000014 435.00000000000006 750.00000000000011 2398.5000000000005 1665.0000000000002 1452.5000000000002 1665.0000000000002 1050.0000000000002 1357.5000000000002 1050.0000000000002 1465.5000000000002 71.500000000000014 207.50000000000003 71.500000000000014 64.500000000000014 250.50000000000003 1514.5000000000002 188.50000000000003 163.50000000000003 2398.5000000000005 77.500000000000014
decision_type=2 2 2 2 2 2 2 2 2 2 2 2 2 2 2 2 2 2 2 2 2 2 2 2 2 2 2 2 2 2
left_child=1 7 5 11 8 9 19 24 13 -2 22 -3 16 -4 25 -10 -5 -11 -14 -7 23 26 -9 -15 -1 -8 -12 -13 -29 -6
right_child=2 3 4 12 29 6 14 10 15 17 21 27 18 20 -16 -17 -18 -19 -20 -21 -22 -23 -24 -25 -26 -27 -28 28 -30 -31
leaf_value=-3.1106558129303439 -0.32388751154596157 -1.4756018255117478 1.3619126531205583 -0.52643175336054659 4.4364938726573824 0.96281210273208861 2.8437280988693239 -2.3437002371420212 2.973196355109792 0.63771116178263643 -1.5616968794785082 -0.61963807796803616 -0.061439248267360913 1.9296806690529882 3.2347241545680023 3.9847156588710959 -0.077923782524086785 1.4696357350481331 0.62102396763773804 1.5967232730615577 4.6731087944724345 -2.2801410773704793 -2.8786546896413432 3.2390048883942999 -3.5936150497663419 1.9539723737484866 -2.4543603161634024 -1.3491523895045365 -0.63140626522562204 4.0863607609761905
leaf_weight=532 275 1673 259 1244 1219 454 185 433 223 340 393 517 465 117 673 268 1195 331 469 654 22 1102 1164 85 1076 239 118 715 465 1095
leaf_count=532 275 1673 259 1244 1219 454 185 433 223 340 393 517 465 117 673 268 1195 331 469 654 22 1102 1164 85 1076 239 118 715 465 1095
internal_value=1.93299e-08 -1.54276 2.76997 -0.672192 3.82306 1.6711 2.10949 -2.76116 2.7593 0.649262 -2.42419 -1.20097 -0.143881 1.9806 2.88975 3.52531 -0.306683 1.04809 0.281254 1.33698 2.69597 -2.11784 -2.73361 2.48063 -3.43383 2.34219 -1.76783 -0.93023 -1.06631 4.27081
internal_weight=18000 11561 6439 6743 3288 3151 2205 4818 974 946 3210 3370 3373 483 1097 491 2439 671 934 1108 224 1613 1597 202 1608 424 511 1697 1180 2314
internal_count=18000 11561 6439 6743 3288 3151 2205 4818 974 946 3210 3370 3373 483 1097 491 2439 671 934 1108 224 1613 1597 202 1608 424 511 1697 1180 2314
is_linear=0
shrinkage=0.1


Tree=10
num_leaves=31
num_cat=0
split_feature=0 0 0 0 2 4 0 0 5 5 0 0 2 0 2 0 0 0 4 2 0 2 2 2 5 4 5 2 5 5
split_gain=6.23062e+06 993280 603551 152583 127086 114591 106518 88458.9 53015.2 26838 24646.6 20296.3 19303.2 17902 16481.1 11122.5 10363.4 9483.14 8412.14 8342.78 7681.37 7522.9 7467.36 6801.73 9302.28 11518.6 7645.71 6792.07 6654.92 6283.84
threshold=1200.0000000000002 592.50000000000011 1515.0000000000002 900.00000000000011 105.50000000000001 99.500000000000014 1357.5000000000002 285.00000000000006 63.500000000000007 79.500000000000014 435.00000000000006 750.00000000000011 1560.0000000000002 1665.0000000000002 1465.5000000000002 1050.0000000000002 1665.0000000000002 1357.5000000000002 56.500000000000007 1622.5000000000002 1050.0000000000002 71.500000000000014 250.50000000000003 152.50000000000003 80.500000000000014 37.500000000000007 194.50000000000003 61.500000000000007 64.500000000000014 128.50000000000003
decision_type=2 2 2 2 2 2 2 2 2 2 2 2 2 2 2 2 2 2 2 2 2 2 2 2 2 2 2 2 2 2
left_child=1 7 5 11 8 9 19 27 16 18 22 -3 20 29 -8 -14 -4 -11 -2 -7 23 -12 28 24 25 -5 -26 -1 -9 -10
right_child=2 3 4 12 -6 6 14 10 13 17 21 -13 15 -15 -16 -17 -18 -19 -20 -21 -22 -23 -24 -25 26 -27 -28 -29 -30 -31
leaf_value=-2.7486494846031313 -0.32494774238559709 -1.3280416761450904 0.62554009537666055 -1.2482334826658998 3.8329451929546616 0.9011747111881907 2.1166867961886373 -1.6438022736180036 1.7868309164125671 0.59201388780441555 -1.5517831148626602 -0.83720725133694585 -0.12208956406681137 3.4140007340772587 2.9154421658912404 0.453476589820132 1.8940589268842052 1.3685850706307372 1.1589400421489369 1.4556179533550004 -0.12567704106297872 -2.0377040137441793 -2.6120051496274006 -0.77239398114600233 0.40886233277204964 0.66998163014650347 -0.58668288326201334 -3.2140268096471623 -2.4005518250546216 2.7074944959496552
leaf_weight=427 290 1673 134 144 2352 487 422 173 114 315 437 1697 674 352 666 669 124 314 44 613 995 1176 1070 515 216 40 120 1181 354 212
leaf_count=427 290 1673 134 144 2352 487 422 173 114 315 437 1697 674 352 666 669 124 314 44 613 995 1176 1070 515 216 40 120 1181 354 212
internal_value=3.24098e-09 -1.38848 2.49297 -0.604973 3.44075 1.50399 1.90406 -2.48504 2.45524 0.594993 -2.18177 -1.08088 -0.129492 2.91949 2.60563 0.164622 1.23522 0.979682 -0.129466 1.21015 -0.324072 -1.90606 -2.46025 -0.514799 -0.259681 -0.83123 0.0533105 -3.09045 -2.15213 2.38554
internal_weight=18000 11561 6439 6743 3288 3151 2188 4818 936 963 3210 3370 3373 678 1088 1343 258 629 334 1100 2030 1613 1597 1035 520 184 336 1608 527 326
internal_count=18000 11561 6439 6743 3288 3151 2188 4818 936 963 3210 3370 3373 678 1088 1343 258 629 334 1100 2030 1613 1597 1035 520 184 336 1608 527 326
is_linear=0
shrinkage=0.1


Tree=11
num_leaves=31
num_cat=0
split_feature=0 0 0 0 2 2 0 0 5 0 0 0 2 2 0 0 0 0 2 0 4 5 2 2 2 2 5 2 6 2
split_gain=5.0468e+06 804557 488876 123592 103685 93528.9 82831.1 71651.7 46183.7 19963.7 16440 16264.3 16093.4 10145 9927.75 9028.76 7971.74 7235.35 7017.54 6547.66 6220.75 14821.5 6181.76 6151.43 6109.36 6790.75 6051.35 9052.49 5904.76 5809.74
threshold=1200.0000000000002 592.50000000000011 1515.0000000000002 900.00000000000011 71.500000000000014 435.50000000000006 1357.5000000000002 285.00000000000006 114.50000000000001 435.00000000000006 750.00000000000011 1357.5000000000002 2398.5000000000005 2381.5000000000005 1665.0000000000002 1665.0000000000002 1050.0000000000002 1050.0000000000002 435.50000000000006 1665.0000000000002 25.500000000000004 128.50000000000003 71.500000000000014 185.50000000000003 132.50000000000003 2341.5000000000005 130.50000000000003 34.500000000000007 10296.000000000002 163.50000000000003
decision_type=2 2 2 2 2 2 2 2 2 2 2 2 2 2 2 2 2 2 2 2 2 2 2 2 2 2 2 2 2 2
left_child=1 7 5 10 8 11 -7 -1 14 22 24 26 16 -8 -4 -10 -5 -14 19 -6 21 -13 -9 28 -3 -26 27 -2 -11 -12
right_child=2 3 4 12 18 6 13 9 15 23 29 20 17 -15 -16 -17 -18 -19 -20 -21 -22 -23 -24 -25 25 -27 -28 -29 -30 -31
leaf_value=-2.7814024277587439 -0.35633120319067407 -0.90828491881315809 0.91818342891600091 -0.42890645382578496 2.5964199991050094 1.1315230731533865 2.1328388556287163 -1.8916455029890664 2.3673502633234729 -0.70569786055023553 -0.47395355904139791 0.2215194123616151 -0.043086370623079684 2.778630985956791 1.9141682263622259 3.2229097555006359 -0.067256647271248346 0.51357390370402634 3.5104358595535419 3.4774435153346008 1.5214391248517258 1.4260940617006836 -2.3342219087061604 -1.8467210276077506 -1.520633125854844 -1.0267837436945848 0.66325550699471225 0.71947245379373181 -1.5884728015489276 -0.87595986420446525
leaf_weight=1608 232 514 214 1244 176 1003 541 433 230 93 517 211 465 442 188 266 1195 469 2052 162 172 198 1164 1111 694 465 234 118 409 1180
leaf_count=1608 232 514 214 1244 176 1003 541 433 230 93 517 211 465 442 188 266 1195 469 2052 162 172 198 1164 1111 694 465 234 118 409 1180
internal_value=-4.5479e-09 -1.24964 2.24368 -0.544476 3.09668 1.35359 1.77087 -2.23654 2.18056 -1.96359 -0.972789 0.642254 -0.116543 2.42322 1.38397 2.82618 -0.251714 0.236436 3.44089 3.01869 1.01686 0.804663 -2.21422 -1.71545 -1.19524 -1.3225 0.269573 0.00636832 -1.42493 -0.753487
internal_weight=18000 11561 6439 6743 3288 3151 1986 4818 898 3210 3370 1165 3373 983 402 496 2439 934 2390 338 581 409 1597 1613 1673 1159 584 350 502 1697
internal_count=18000 11561 6439 6743 3288 3151 1986 4818 898 3210 3370 1165 3373 983 402 496 2439 934 2390 338 581 409 1597 1613 1673 1159 584 350 502 1697
is_linear=0
shrinkage=0.1


Tree=12
num_leaves=31
num_cat=0
split_feature=0 0 0 0 2 2 0 0 5 0 0 0 2 0 4 2 5 0 5 4 2 5 2 0 5 0 5 2 2 0
split_gain=4.08791e+06 651691 395990 100109 84044.3 75940.5 62461.4 58037.9 33584.9 16170.6 15383.6 13316.4 13316.2 12315.1 9999.07 8488.2 11984.7 7345.58 5839.98 22464.4 11995.7 8981.41 8107.69 6787.7 6297.57 5790.99 5783.08 5647.55 5619.51 5563.2
threshold=1200.0000000000002 592.50000000000011 1515.0000000000002 900.00000000000011 139.50000000000003 798.50000000000011 1357.5000000000002 285.00000000000006 63.500000000000007 435.00000000000006 1357.5000000000002 750.00000000000011 1560.0000000000002 1665.0000000000002 25.500000000000004 42.500000000000007 128.50000000000003 1050.0000000000002 79.500000000000014 37.500000000000007 10.500000000000002 190.50000000000003 196.50000000000003 1050.0000000000002 136.50000000000003 1665.0000000000002 117.50000000000001 2439.5000000000005 250.50000000000003 1050.0000000000002
decision_type=2 2 2 2 2 2 2 2 2 2 2 2 2 2 2 2 2 2 2 2 2 2 2 2 2 2 2 2 2 2
left_child=1 7 5 11 8 10 -7 28 14 -9 -2 -3 18 -10 25 16 -12 -14 19 -5 21 24 -21 -24 -20 -4 -6 -8 -1 -22
right_child=2 3 4 12 26 6 27 9 13 -11 15 -13 17 -15 -16 -17 -18 -19 20 22 29 -23 23 -25 -26 -27 -28 -29 -30 -31
leaf_value=-2.2373999418172619 0.34936184403389942 -1.075713743160446 0.26504146050068395 -1.1596896744277698 3.2344697032080809 1.0538482490267294 2.0050774889099494 -1.9928022756790025 1.943442814658435 -1.5439057997957344 0.21052767016859941 -0.67813786402633935 -0.093608112843259511 2.7852299431468257 2.2097637274531556 1.4513052989788049 1.287411159838564 0.37413568057228436 0.095410480714567453 0.74733296732636212 -0.77185968738323185 -0.31329318375509474 -0.60962895000301054 0.10843318796582935 0.9240436656855876 1.2991126651374194 2.9057983125716129 2.5111516637042759 -2.6347107834089201 -0.12104999309655017
leaf_weight=532 723 1673 113 302 1473 864 456 1597 336 1613 215 1697 674 360 61 267 199 669 187 94 272 214 271 256 180 104 841 427 1076 254
leaf_count=532 723 1673 113 302 1473 864 456 1597 336 1613 215 1697 674 360 61 267 199 669 187 94 272 214 271 256 180 104 841 427 1076 254
internal_value=-2.52007e-10 -1.12467 2.01931 -0.490028 2.78701 1.21823 1.65833 -2.01288 2.00773 -1.76724 0.670616 -0.87551 -0.104889 2.37885 1.07861 1.01168 0.72816 0.139393 -0.2665 -0.452251 -0.111624 0.201592 -0.108215 -0.260817 0.501825 0.760633 3.11502 2.2498 -2.50326 -0.45759
internal_weight=18000 11561 6439 6743 3288 3151 1747 4818 974 3210 1404 3370 3373 696 278 681 414 1343 2030 923 1107 581 621 527 367 217 2314 883 1608 526
internal_count=18000 11561 6439 6743 3288 3151 1747 4818 974 3210 1404 3370 3373 696 278 681 414 1343 2030 923 1107 581 621 527 367 217 2314 883 1608 526
is_linear=0
shrinkage=0.1


Tree=13
num_leaves=31
num_cat=0
split_feature=0 0 0 0 2 2 0 0 5 5 0 2 0 2 5 8 2 5 2 0 2 0 2 5 2 2 2 2 5 5
split_gain=3.3112e+06 527870 320752 81088.6 68412.2 62892.3 56917.6 47010.7 32924.6 21539.5 13098.2 11093.8 10786.3 9419.13 7617.96 6696.37 6501.83 5900.66 5229.23 5185.43 5167.97 5139.06 5065.15 7054.02 6837.44 5064.31 11586.2 5043.37 5068.46 4922.48
threshold=1200.0000000000002 592.50000000000011 1515.0000000000002 900.00000000000011 71.500000000000014 132.50000000000003 1357.5000000000002 285.00000000000006 129.50000000000003 64.500000000000014 435.00000000000006 2398.5000000000005 750.00000000000011 1452.5000000000002 63.500000000000007 1523.5000000000002 2398.5000000000005 196.50000000000003 435.50000000000006 1665.0000000000002 42.500000000000007 1050.0000000000002 250.50000000000003 184.50000000000003 1536.5000000000002 2398.5000000000005 240.50000000000003 219.00000000000003 64.500000000000014 184.50000000000003
decision_type=2 2 2 2 2 2 2 2 2 2 2 2 2 2 2 2 2 2 2 2 2 2 2 2 2 2 2 2 2 2
left_child=1 7 5 12 8 9 16 -1 14 -2 27 21 22 15 -4 -8 -7 -10 19 -6 -12 -5 23 -3 -24 26 29 28 -9 -14
right_child=2 3 4 11 18 6 13 10 17 -11 20 -13 25 -15 -16 -17 -18 -19 -20 -21 -22 -23 24 -25 -26 -27 -28 -29 -30 -31
leaf_value=-2.2529358593978692 -0.33103082011657009 -0.51167010469407137 0.77512408538849031 -0.34889650698249614 2.0476677063683217 0.69021757926483762 1.9778655494458695 -1.0757003402564584 2.7224720183533173 0.71980780090764718 -1.0844039184084167 0.19866564270773029 -0.19378928659270653 2.1322245497051711 1.6022367930642649 1.1774646967272215 1.1871013001419966 1.9980674301358787 2.8479421875616593 2.8317050964744004 -1.4945243657827378 -0.058525281802879719 -1.4058778341815958 -1.3160395308120831 -0.89588754213420541 -0.32913513178786924 -0.99320802454656987 -1.9147209081737273 -1.75158575658548 -0.86344744004555884
leaf_weight=1608 275 414 241 1244 176 677 187 164 230 671 413 934 402 673 207 237 431 220 2052 162 1200 1195 427 148 684 465 679 1090 343 151
leaf_count=1608 275 414 241 1244 176 677 187 164 230 671 413 934 402 673 207 237 431 220 2052 162 1200 1195 427 148 684 465 679 1090 343 151
internal_value=1.10329e-08 -1.0122 1.81738 -0.441025 2.50831 1.09641 1.38904 -1.81159 1.76416 0.414331 -1.59051 -0.0944 -0.787959 1.89964 1.15729 1.53047 0.8835 2.36832 2.78791 2.42345 -1.38952 -0.206628 -0.968142 -0.723497 -1.0919 -0.610324 -0.716455 -1.79352 -1.53296 -0.376644
internal_weight=18000 11561 6439 6743 3288 3151 2205 4818 898 946 3210 3373 3370 1097 448 424 1108 450 2390 338 1613 2439 1673 562 1111 1697 1232 1597 507 553
internal_count=18000 11561 6439 6743 3288 3151 2205 4818 898 946 3210 3373 3370 1097 448 424 1108 450 2390 338 1613 2439 1673 562 1111 1697 1232 1597 507 553
is_linear=0
shrinkage=0.1


Tree=14
num_leaves=31
num_cat=0
split_feature=0 0 0 0 2 2 0 0 0 0 0 5 2 0 4 2 0 5 2 5 4 2 5 2 5 0 4 5 2 5
split_gain=2.68208e+06 427574 259809 65681.8 55760.1 51542.3 43501.2 38078.7 19141.7 10609.5 10414.8 9647.78 9186.59 8736.91 6895.47 5713.67 5690.2 5347.45 8446.62 4747.48 18244.8 9719.06 7271.69 6672.08 5157.36 4769.88 4594.11 4291.12 7342.89 5079.99
threshold=1200.0000000000002 592.50000000000011 1515.0000000000002 900.00000000000011 219.00000000000003 448.50000000000006 1357.5000000000002 285.00000000000006 1665.0000000000002 435.00000000000006 1357.5000000000002 128.50000000000003 1560.0000000000002 750.00000000000011 25.500000000000004 2439.5000000000005 1050.0000000000002 133.50000000000003 71.500000000000014 79.500000000000014 37.500000000000007 10.500000000000002 190.50000000000003 228.50000000000003 139.50000000000003 1050.0000000000002 127.50000000000001 128.50000000000003 34.500000000000007 180.50000000000003
decision_type=2 2 2 2 2 2 2 2 2 2 2 2 2 2 2 2 2 2 2 2 2 2 2 2 2 2 2 2 2 2
left_child=1 7 5 13 8 10 -7 26 11 -9 27 14 19 -3 -4 -8 -14 18 -10 20 -5 22 24 -22 -21 -25 -1 28 -2 -29
right_child=2 3 4 12 -6 6 15 9 17 -11 -12 -13 16 -15 -16 -17 -18 -19 -20 21 23 -23 -24 25 -26 -27 -28 29 -30 -31
leaf_value=-1.7824505402774886 -0.39254435040710267 -0.87132813570385237 0.56837343880098712 -1.0242149474901081 2.5419198632671649 0.83370011065962357 1.5596609371646808 -1.6141697825970096 1.4875849838748023 -1.2505636809407621 0.76127132650878693 1.7099458326322912 -0.087134573177520172 -0.54929166463728929 1.6964537526998258 2.0468140942690702 0.32454436455528923 2.3983806143315993 2.8858825074301828 0.1280912332313987 0.61836363451670762 -0.39096341056274714 -0.26091434156574378 -0.52931025428162226 0.88052045154784409 0.083769305309786005 -2.1441646368569192 1.0312316043947889 0.5686695804422508 0.099332640754233162
leaf_weight=518 228 1673 219 302 2226 997 552 1597 216 1613 585 234 674 1697 72 427 669 267 54 199 113 526 214 261 168 247 1090 101 122 139
leaf_count=518 228 1673 219 302 2226 997 552 1597 216 1613 585 234 674 1697 72 427 669 267 54 199 113 526 214 261 168 247 1090 101 122 139
internal_value=9.5502e-09 -0.910984 1.63564 -0.396923 2.25748 0.986768 1.29864 -1.63044 1.66127 -1.43146 0.462283 1.2319 -0.08496 -0.709163 0.847486 1.77214 0.117939 2.08105 1.76724 -0.219193 -0.38667 -0.0795527 0.202379 -0.0766246 0.472527 -0.231218 -2.02764 0.165829 -0.0574926 0.491507
internal_weight=18000 11561 6439 6743 3288 3151 1976 4818 1062 3210 1175 525 3373 3370 291 979 1343 537 270 2030 923 1107 581 621 367 508 1608 590 350 240
internal_count=18000 11561 6439 6743 3288 3151 1976 4818 1062 3210 1175 525 3373 3370 291 979 1343 537 270 2030 923 1107 581 621 367 508 1608 590 350 240
is_linear=0
shrinkage=0.1


Tree=15
num_leaves=31
num_cat=0
split_feature=0 0 0 0 2 2 0 0 0 0 0 6 2 4 2 8 4 5 5 2 0 5 2 2 5 1 2 2 0 2
split_gain=2.17248e+06 346335 210445 53202.3 45165.7 42182.2 30843.7 30601.7 15504.8 11840.4 8593.73 7898.81 7646.3 7589.01 13659.4 6418.45 6118.84 5982.93 12391.9 5359.43 4901.47 4474.15 8593.31 4210.2 4198.67 5362.78 4186.05 4002.06 3983.72 3825.43
threshold=1200.0000000000002 592.50000000000011 1515.0000000000002 900.00000000000011 219.00000000000003 1024.5000000000002 285.00000000000006 1357.5000000000002 1665.0000000000002 1357.5000000000002 435.00000000000006 47312.500000000007 2398.5000000000005 47.500000000000007 1536.5000000000002 246.50000000000003 25.500000000000004 184.50000000000003 80.500000000000014 139.50000000000003 750.00000000000011 64.500000000000014 71.500000000000014 61.500000000000007 64.500000000000014 1.0000000180025095e-35 42.500000000000007 2398.5000000000005 1050.0000000000002 61.500000000000007
decision_type=2 2 2 2 2 2 2 2 2 2 2 2 2 2 2 2 2 2 2 2 2 2 2 2 2 2 2 2 2 2
left_child=1 6 5 13 8 9 29 -7 11 -2 23 16 -5 17 -15 19 -4 18 -3 -11 -16 22 -10 -8 25 -17 -12 -28 -14 -1
right_child=2 3 4 12 -6 7 10 -9 21 15 26 -13 28 14 20 24 -18 -19 -20 -21 -22 -23 -24 -25 -26 -27 27 -29 -30 -31
leaf_value=-1.5683656761741194 0.23941290921844538 -0.69800170440953113 0.47843535847573487 -0.16963595194427444 2.2877278558849645 0.80610372215986636 -1.1844133918739368 1.6751067955202115 0.98209567602373604 0.079848011129576235 -0.85090715268099137 1.526559033002628 -0.040570034227929812 -1.0095652775313797 -0.71916596843365432 -0.20008486497771139 1.5516548176886331 -0.79623763460035935 0.15592318912151537 1.7728122426271442 -0.34355351740209766 2.062663262603432 2.6081635859277514 -1.5509985593366666 0.81737396288583219 1.0208590230887586 -1.3567339430004843 -0.97607952265064568 0.37248195294501274 -1.9176221671899834
leaf_weight=427 782 318 211 2439 2226 805 428 816 117 23 413 243 465 1025 684 104 71 272 365 100 706 375 45 1169 466 55 769 431 469 1181
leaf_count=427 782 318 211 2439 2226 805 428 816 117 23 413 243 465 1025 684 104 71 272 365 100 706 375 45 1169 466 55 769 431 469 1181
internal_value=4.8946e-09 -0.819886 1.47208 -0.35723 2.03173 0.888091 -1.46739 1.24355 1.49514 0.511486 -1.28831 1.10871 -0.076464 -0.638247 -0.732614 0.795926 0.748643 -0.399612 -0.241658 1.45624 -0.528387 1.87294 1.43378 -1.45275 0.665975 0.222254 -1.12551 -1.22002 0.16684 -1.82488
internal_weight=18000 11561 6439 6743 3288 3151 4818 1621 1062 1530 3210 525 3373 3370 2415 748 282 955 683 123 1390 537 162 1597 625 159 1613 1200 934 1608
internal_count=18000 11561 6439 6743 3288 3151 4818 1621 1062 1530 3210 525 3373 3370 2415 748 282 955 683 123 1390 537 162 1597 625 159 1613 1200 934 1608
is_linear=0
shrinkage=0.1


Tree=16
num_leaves=31
num_cat=0
split_feature=0 0 0 0 4 2 0 0 0 0 4 5 2 5 0 2 5 2 2 2 5 5 2 2 2 5 4 2 5 0
split_gain=1.75971e+06 280532 170461 43093.8 36665.9 35186 24983.4 19112 14378.4 11659 7909.23 7705.76 6983.98 8738.65 6707.04 7592.85 6636.57 8690.2 6530.28 14118.7 8298.27 5756.99 5665.27 5649.62 4882.37 4834.67 7963.12 4153.86 4074.57 4071.5
threshold=1200.0000000000002 592.50000000000011 1515.0000000000002 900.00000000000011 169.50000000000003 1452.5000000000002 285.00000000000006 1357.5000000000002 1357.5000000000002 1665.0000000000002 25.500000000000004 128.50000000000003 185.50000000000003 31.500000000000004 1050.0000000000002 435.50000000000006 66.500000000000014 52.500000000000007 240.50000000000003 1452.5000000000002 184.50000000000003 136.50000000000003 1536.5000000000002 10.500000000000002 250.50000000000003 128.50000000000003 41.500000000000007 34.500000000000007 1.0000000180025095e-35 750.00000000000011
decision_type=2 2 2 2 2 2 2 2 2 2 2 2 2 2 2 2 2 2 2 2 2 2 2 2 2 2 2 2 2 2
left_child=1 6 5 18 9 8 -1 -7 -2 25 11 -10 13 -8 -5 16 17 -16 20 -20 21 28 -14 -23 -19 26 -4 -22 -3 -21
right_child=2 3 4 14 -6 7 12 -9 10 -11 -12 -13 22 -15 15 -17 -18 24 19 29 27 23 -24 -25 -26 -27 -28 -29 -30 -31
leaf_value=-1.6423902819887619 0.23783886590877201 0.24719163937103683 0.48331161438934994 -0.20796113701639701 2.0710165842286155 0.80699012522530578 -0.30629800672242263 1.5646167912254771 0.056346870287899725 1.6877232065613859 1.0747084029520286 0.92489820146801505 -1.4446096045414385 -1.0781863066656836 -1.1286452305489694 0.24360780792172185 0.052015811026397185 0.75373162964604934 -1.0044956097817597 -0.65495804310979899 -0.69953986092734699 0.48398656122479011 -1.1212012151721866 -1.2980679714679719 -0.63851916691443578 1.3738904343183298 1.6252990637198987 -1.9222205500448906 -0.46033500885469059 -0.31895802149764674
leaf_weight=1608 928 96 231 1709 2153 659 179 673 211 570 482 198 939 812 138 1021 404 53 816 709 268 161 1280 20 48 251 83 31 535 734
leaf_count=1608 928 96 231 1709 2153 659 179 673 211 570 482 198 939 812 138 1021 404 53 816 709 268 161 1280 20 48 251 83 31 535 734
internal_value=3.7882e-09 -0.737897 1.32487 -0.321507 1.82856 0.799282 -1.32065 1.18978 0.513328 1.36863 0.800256 0.476819 -1.15948 -0.938763 -0.0688176 0.0740888 -0.195085 -0.612779 -0.574422 -0.672045 -0.375926 -0.210084 -1.25806 0.287074 0.0920679 1.04671 0.785175 -0.826306 -0.352692 -0.484047
internal_weight=18000 11561 6439 6743 3288 3151 4818 1332 1819 1135 891 409 3210 991 3373 1664 643 239 3370 2259 1111 812 2219 181 101 565 314 299 631 1443
internal_count=18000 11561 6439 6743 3288 3151 4818 1332 1819 1135 891 409 3210 991 3373 1664 643 239 3370 2259 1111 812 2219 181 101 565 314 299 631 1443
is_linear=0
shrinkage=0.1


Tree=17
num_leaves=31
num_cat=0
split_feature=0 0 0 0 4 2 0 0 5 0 0 5 3 5 2 0 2 5 2 2 5 7 5 2 5 2 2 6 0 5
split_gain=1.42537e+06 227231 138073 34906 29809.6 29798.7 23704 20511.9 14957.8 10206.3 6616.3 6185.62 6648.93 5848.32 5711.71 5708.55 5050.9 3785.55 5777.54 3733.42 3613.65 3628.93 3191.42 3115.92 3833.93 3097.06 7055.1 3094.09 3020.78 3262.8
threshold=1200.0000000000002 592.50000000000011 1515.0000000000002 900.00000000000011 74.500000000000014 219.00000000000003 1357.5000000000002 435.00000000000006 64.500000000000014 1665.0000000000002 285.00000000000006 63.500000000000007 14.003967129816902 50.500000000000007 2360.5000000000005 750.00000000000011 971.50000000000011 131.50000000000003 71.500000000000014 2398.5000000000005 117.50000000000001 286.78045817083006 29.500000000000004 250.50000000000003 64.500000000000014 163.50000000000003 1479.5000000000002 6457.0000000000009 1050.0000000000002 1.0000000180025095e-35
decision_type=2 2 2 2 2 2 2 2 2 2 2 2 2 2 2 2 2 2 2 2 2 2 2 2 2 2 2 2 2 2
left_child=1 7 4 15 8 9 19 10 -2 11 23 12 -4 -8 28 -3 -15 18 22 27 -7 -22 -11 24 -1 -17 -27 -6 -5 -30
right_child=2 3 5 14 6 20 13 -9 -10 17 -12 -13 -14 16 -16 25 -18 -19 -20 -21 21 -23 -24 -25 -26 26 -28 -29 29 -31
leaf_value=-0.8934663310905413 -0.39977010260158369 -0.64806127425036031 0.10655983695148552 -0.25330877769506926 0.71439071503159735 1.9500031667820534 1.4839675589457577 -0.89773887236361838 0.49464208186072106 0.38238132924869145 -1.1907913170010784 1.1266546078973054 1.8508659307773296 0.53365030380316669 0.14542952071775656 -0.18365876266167175 1.2016836052101796 1.7804069725451648 2.1732482057133757 0.82371177695466857 0.38777131023151534 1.7197085078291039 1.2519464978864117 -1.5760326234824598 -1.4665362272421962 -0.78638144727095771 -0.28381154685253634 0.28100384094325059 0.28097807323230789 -0.11818892845591984
leaf_weight=173 262 1673 137 1232 269 1416 530 1613 653 58 1597 362 26 154 953 517 427 270 54 431 21 789 155 1076 359 454 726 425 263 925
leaf_count=173 262 1673 137 1232 269 1416 530 1613 653 58 1597 362 26 154 953 517 427 270 54 431 21 789 155 1076 359 454 726 425 263 925
internal_value=-9.36195e-10 -0.664107 1.19238 -0.289357 0.719353 1.6457 0.91611 -1.18859 0.238537 1.20985 -1.33496 0.896324 0.384793 1.24375 -0.0619358 -0.51698 1.02461 1.51638 1.24938 0.592549 1.85364 1.68518 1.01516 -1.47815 -1.28018 -0.387752 -0.477173 0.448988 -0.143597 -0.0298211
internal_weight=18000 11561 6439 6743 3151 3288 2236 4818 915 1062 3205 525 163 1111 3373 3370 581 537 267 1125 2226 810 213 1608 532 1697 1180 694 2420 1188
internal_count=18000 11561 6439 6743 3151 3288 2236 4818 915 1062 3205 525 163 1111 3373 3370 581 537 267 1125 2226 810 213 1608 532 1697 1180 694 2420 1188
is_linear=0
shrinkage=0.1


Tree=18
num_leaves=31
num_cat=0
split_feature=0 0 0 0 2 2 0 0 5 0 2 2 2 2 5 2 5 5 2 0 5 5 4 2 5 2 5 2 5 5
split_gain=1.15455e+06 184057 111839 28273.9 24356.8 24235.4 19173 16614.7 13170.8 7671.94 5556.16 5211.69 4823.31 10592.9 6757.5 4816.42 4617.38 4610.79 4511.18 3800.98 3773.44 3663.85 12488 8048.03 6224.35 5098.49 4569.87 3928.11 3388.25 3380.03
threshold=1200.0000000000002 592.50000000000011 1515.0000000000002 900.00000000000011 334.50000000000006 61.500000000000007 1357.5000000000002 435.00000000000006 69.500000000000014 1665.0000000000002 61.500000000000007 2542.5000000000005 240.50000000000003 2398.5000000000005 184.50000000000003 1560.0000000000002 136.50000000000003 64.500000000000014 10.500000000000002 285.00000000000006 107.50000000000001 79.500000000000014 37.500000000000007 34.500000000000007 187.50000000000003 196.50000000000003 139.50000000000003 321.50000000000006 142.50000000000003 1.0000000180025095e-35
decision_type=2 2 2 2 2 2 2 2 2 2 2 2 2 2 2 2 2 2 2 2 2 2 2 2 2 2 2 2 2 2
left_child=1 7 5 12 9 8 -7 10 -2 -4 17 28 14 -14 16 21 29 -1 -18 -12 -19 22 -5 24 26 -24 -23 -25 -8 -3
right_child=2 3 4 15 -6 6 11 -9 -10 -11 19 -13 13 -15 -16 -17 18 20 -20 -21 -22 23 25 27 -26 -27 -28 -29 -30 -31
leaf_value=-0.6188418046152786 -0.41245375600207357 0.27362010517002394 0.8543362035858405 -0.82752369730332431 1.6815451480371255 0.52977843454852702 1.0837536691693344 -0.80796499221856488 0.44673754130375809 1.3695698245388153 -1.407417434479199 1.3944510087553039 -0.7271991443938095 -0.28576863514095957 -0.70111298744370509 0.091171980996207741 0.47616433981829182 -1.5723693276749175 -1.1162510996311903 -1.1530570001181271 -0.99051855557523438 0.15976034959278457 0.63489273452061301 -0.76123537926838314 -0.19276009260932297 -0.16456833549214533 0.86918341215768491 -0.14670580360714511 0.60493920287705094 -0.3707901273622552
leaf_weight=247 252 96 579 302 2132 1150 523 1613 611 577 1181 409 1348 911 299 1343 161 147 20 1169 461 205 94 145 226 527 163 368 206 535
leaf_count=247 252 96 579 302 2132 1150 523 1613 611 577 1181 409 1348 911 299 1343 161 147 20 1169 461 205 94 145 226 527 163 368 206 535
internal_value=5.1795e-10 -0.597697 1.07314 -0.260421 1.48113 0.647418 0.817743 -1.06973 0.19585 1.11151 -1.20147 1.10874 -0.465282 -0.549181 -0.29469 -0.0557423 -0.145034 -0.983183 0.300207 -1.28089 -1.1312 -0.152937 -0.300065 -0.0302646 0.22031 -0.0435549 0.473988 -0.320403 0.948451 -0.27275
internal_weight=18000 11561 6439 6743 3288 3151 2288 4818 863 1156 3205 1138 3370 2259 1111 3373 812 855 181 2350 608 2030 923 1107 594 621 368 513 729 631
internal_count=18000 11561 6439 6743 3288 3151 2288 4818 863 1156 3205 1138 3370 2259 1111 3373 812 855 181 2350 608 2030 923 1107 594 621 368 513 729 631
is_linear=0
shrinkage=0.1


Tree=19
num_leaves=31
num_cat=0
split_feature=0 0 0 0 2 4 0 0 0 5 4 2 5 5 0 2 5 4 0 5 2 2 2 2 5 6 6 2 2 5
split_gain=935182 149086 90589.8 22901.8 20575.4 20041.3 13704.6 9586.35 9563.27 7451.91 8970.4 5444.5 5311.21 4991.04 4775.78 5204.64 4929.16 5641.11 4615.58 4359.88 3966.43 3964.29 3755.45 2943.14 7388.77 2860.92 2771.87 2654.91 4552.01 2569.96
threshold=1200.0000000000002 592.50000000000011 1515.0000000000002 900.00000000000011 1518.5000000000002 169.50000000000003 285.00000000000006 1357.5000000000002 1357.5000000000002 133.50000000000003 25.500000000000004 71.500000000000014 194.50000000000003 64.500000000000014 1050.0000000000002 435.50000000000006 66.500000000000014 56.500000000000007 750.00000000000011 31.500000000000004 2381.5000000000005 250.50000000000003 307.50000000000006 61.500000000000007 69.500000000000014 4999.0000000000009 46121.000000000007 1880.5000000000002 2341.5000000000005 128.50000000000003
decision_type=2 2 2 2 2 2 2 2 2 2 2 2 2 2 2 2 2 2 2 2 2 2 2 2 2 2 2 2 2 2
left_child=1 6 4 18 7 9 -1 23 -6 10 13 19 -11 -4 -5 16 17 -16 -3 -8 -13 -19 29 24 -2 -25 -7 -10 -29 -9
right_child=2 3 5 14 8 26 11 22 27 12 -12 20 -14 -15 15 -17 -18 21 -20 -21 -22 -23 -24 25 -26 -27 -28 28 -30 -31
leaf_value=-1.2010475172276669 -0.68827798799168149 -0.53662043649225077 0.1718667146902193 -0.16758200093876502 0.61282043839388456 1.5951477759475194 -0.10283061399271615 0.2370811280916737 1.7177437742551167 1.5995656691756643 1.3339106753229457 -1.0204071841121853 0.96130864076233269 0.85681090326708498 -0.91394759304296813 0.21077088324371798 0.060519789671064306 0.70813701700191112 -0.30255403848563622 -0.72489788952159406 -0.74914082170833529 -0.57050787328432007 0.84791722919489887 0.62145262584090233 0.21946189796456236 0.13243845694678577 1.3569244246844088 0.56682525700285236 1.2367975434607814 0.6760883402602732
leaf_weight=1608 126 1673 220 1709 633 1404 133 297 75 253 187 1498 269 206 142 1021 404 49 1697 737 842 48 370 188 311 329 749 131 449 242
leaf_count=1608 126 1673 220 1709 633 1404 133 297 75 253 187 1498 269 206 142 1021 404 49 1697 737 842 48 370 188 311 329 749 131 449 242
internal_value=1.54048e-09 -0.537927 0.965829 -0.234379 0.582676 1.33302 -0.962756 0.370204 0.890002 0.992984 0.756533 -0.843387 1.27066 0.503084 -0.050168 0.0704212 -0.152436 -0.512411 -0.418754 -0.6298 -0.922798 0.0754055 0.602592 0.148779 -0.0422663 0.310262 1.51227 1.15787 1.08548 0.434186
internal_weight=18000 11561 6439 6743 3151 3288 4818 1863 1288 1135 613 3210 522 426 3373 1664 643 239 3370 870 2340 97 909 954 437 517 2153 655 580 539
internal_count=18000 11561 6439 6743 3151 3288 4818 1863 1288 1135 613 3210 522 426 3373 1664 643 239 3370 870 2340 97 909 954 437 517 2153 655 580 539
is_linear=0
shrinkage=0.1


Tree=20
num_leaves=31
num_cat=0
split_feature=0 0 0 0 2 4 0 0 0 0 2 5 2 2 5 0 2 5 2 5 2 8 2 2 5 5 1 2 5 2
split_gain=757498 120760 73377.7 18550.5 16666.1 16233.5 12087.5 7764.94 7746.25 6185.19 4087.58 6081.84 3913.81 8985.34 5478.66 3868.38 4215.76 3992.62 4578.62 3746.97 3506.49 3395.21 3318.12 3298.91 2772.5 2760.93 4961.97 2666.75 2634.09 2952.87
threshold=1200.0000000000002 592.50000000000011 1515.0000000000002 900.00000000000011 1518.5000000000002 169.50000000000003 435.00000000000006 1357.5000000000002 1357.5000000000002 1665.0000000000002 250.50000000000003 64.500000000000014 240.50000000000003 1452.5000000000002 184.50000000000003 1050.0000000000002 435.50000000000006 66.500000000000014 71.500000000000014 134.50000000000003 18.500000000000004 225.50000000000003 240.50000000000003 34.500000000000007 1.0000000180025095e-35 124.50000000000001 2.5000000000000004 139.50000000000003 133.50000000000003 71.500000000000014
decision_type=2 2 2 2 2 2 2 2 2 2 2 2 2 2 2 2 2 2 2 2 2 2 2 2 2 2 2 2 2 2
left_child=1 6 4 12 7 9 10 -2 -6 25 11 -1 14 -14 19 -5 17 18 -17 24 -21 27 -20 -16 -3 26 -4 -9 29 -11
right_child=2 3 5 15 8 -7 -8 21 -10 28 -12 -13 13 -15 23 16 -18 -19 22 20 -22 -23 -24 -25 -26 -27 -28 -29 -30 -31
leaf_value=-0.47406988299177216 0.13390091168508717 0.28797299824655059 0.2819370128087606 -0.15082379825955761 0.55153840328515236 1.3610457363402402 -0.64320936978784393 -0.057923398976740627 1.0420859346800406 0.72771824813551378 -1.0581797507903143 -0.98502495745183882 -0.71766875709664402 -0.30247862044139689 -0.47619047022160532 -0.81979113133637227 0.18969379335379158 0.054467807111726829 0.68596445892168134 0.45191312025500729 -0.94878836631774899 0.44930289662279049 -0.49087668122351175 -1.5658034816864999 -0.2962460549621469 0.90207704794011079 1.3700431822501125 1.0995065285911552 1.3464178317688782 1.4524549098391282
leaf_weight=346 954 96 259 1709 633 2153 1613 23 655 216 2146 713 816 1443 268 143 1021 404 46 168 20 738 50 31 528 256 50 148 278 76
leaf_count=346 954 96 259 1709 633 2153 1613 23 655 216 2146 713 816 1443 268 143 1021 404 46 168 20 738 50 31 528 256 50 148 278 76
internal_value=8.31198e-10 -0.484134 0.869246 -0.210941 0.524409 1.19972 -0.86648 0.333184 0.801002 0.893686 -0.978847 -0.818084 -0.376878 -0.452454 -0.22321 -0.0451512 0.0633791 -0.137192 -0.46117 -0.0884567 0.302902 0.542333 0.0730264 -0.58916 -0.206366 0.659213 0.458006 0.943829 1.1261 0.916348
internal_weight=18000 11561 6439 6743 3151 3288 4818 1863 1288 1135 3205 1059 3370 2259 1111 3373 1664 643 239 812 188 909 96 299 624 565 309 171 570 292
internal_count=18000 11561 6439 6743 3151 3288 4818 1863 1288 1135 3205 1059 3370 2259 1111 3373 1664 643 239 812 188 909 96 299 624 565 309 171 570 292
is_linear=0
shrinkage=0.1


Tree=21
num_leaves=31
num_cat=0
split_feature=0 0 0 0 2 4 0 5 0 6 0 2 5 2 2 2 5 2 5 2 2 5 2 5 2 5 4 2 5 2
split_gain=613573 98405.7 59435.9 22232.6 14155.8 13149.1 10339.9 10117.1 6552.58 5987.78 5010 4080.38 7768.21 6157.2 3457.51 3414.77 3236.31 3387.59 3174.6 3149.96 5988.51 7013.61 8706.38 8351.45 3362.34 2915.94 2502.16 2485.74 2441.28 2401.69
threshold=1200.0000000000002 750.00000000000011 1515.0000000000002 435.00000000000006 34.500000000000007 169.50000000000003 1357.5000000000002 128.50000000000003 1050.0000000000002 68967.500000000015 1665.0000000000002 207.50000000000003 184.50000000000003 1536.5000000000002 52.500000000000007 435.50000000000006 73.500000000000014 52.500000000000007 50.500000000000007 2669.5000000000005 152.50000000000003 80.500000000000014 77.500000000000014 184.50000000000003 435.50000000000006 33.500000000000007 56.500000000000007 250.50000000000003 1.0000000180025095e-35 132.50000000000003
decision_type=2 2 2 2 2 2 2 2 2 2 2 2 2 2 2 2 2 2 2 2 2 2 2 2 2 2 2 2 2 2
left_child=1 3 4 14 7 10 -6 -2 19 -9 -4 12 28 -13 25 16 17 -10 -8 20 21 22 -3 26 -22 -1 -23 -19 -5 -30
right_child=2 8 5 11 6 -7 18 9 15 -11 -12 13 -14 -15 -16 -17 -18 27 -20 -21 24 23 -24 -25 -26 -27 -28 -29 29 -31
leaf_value=-0.26192490094900134 -0.21110069315647709 -0.59392232827889102 0.59329206301707083 0.32670645938913634 0.38897840631349634 1.2249411606939689 0.9855588389319252 0.9138355389039694 -0.70269344248716414 0.12837056200248453 1.0134913644207675 -0.793136472423285 -0.80970495327594971 -0.45313760588728941 -0.94331197996293437 0.17072442000536625 0.058402261214292386 0.50042940044267614 0.65328891931363375 -0.013875412336588273 -0.70231117110669139 0.50577508119014247 0.85093601172169064 -0.27602828977762589 -0.29936365058109865 -0.78494556199615184 -0.54841105192899708 -0.47898224251278282 -0.21438852468514416 -1.2124101371765139
leaf_weight=125 440 318 565 82 1167 2153 548 179 151 212 570 881 272 1347 2356 1021 388 55 605 817 246 364 48 280 1309 724 24 49 679 25
leaf_count=125 440 318 565 82 1167 2153 548 179 151 212 570 881 272 1347 2356 1021 388 55 605 817 246 364 48 280 1309 724 24 49 679 25
internal_value=3.18453e-09 -0.435721 0.782322 -0.693567 0.471968 1.07974 0.598821 0.117818 -0.105607 0.487957 0.804317 -0.510791 -0.349083 -0.587581 -0.880962 0.0570412 -0.123473 -0.400209 0.811211 -0.185068 -0.239091 -0.0525822 -0.404433 0.140198 -0.36311 -0.70794 0.440568 0.0389758 -0.189682 -0.24983
internal_weight=18000 11561 6439 6491 3151 3288 2320 831 5070 391 1135 3286 1058 2228 3205 1664 643 255 1153 3406 2589 1034 366 668 1555 849 388 104 786 704
internal_count=18000 11561 6439 6491 3151 3288 2320 831 5070 391 1135 3286 1058 2228 3205 1664 643 255 1153 3406 2589 1034 366 668 1555 849 388 104 786 704
is_linear=0
shrinkage=0.1


Tree=22
num_leaves=31
num_cat=0
split_feature=0 0 0 0 2 2 0 0 0 5 4 5 5 2 5 2 2 5 5 5 2 2 2 5 5 2 2 2 2 2
split_gain=496994 80402.6 48143.1 12289.4 12075.6 10776.5 8792.69 5525.78 5112.61 4219.62 6850.53 4416.55 4184.07 3402.87 5649.62 3597.76 3037.12 2859.9 3950.85 3070.38 3800.29 2785.47 6112.89 3620.19 2746.14 5151.92 4444.67 2630.92 2570.02 2567.9
threshold=1200.0000000000002 592.50000000000011 1515.0000000000002 900.00000000000011 1560.0000000000002 334.50000000000006 285.00000000000006 1357.5000000000002 1357.5000000000002 133.50000000000003 25.500000000000004 24.500000000000004 194.50000000000003 207.50000000000003 64.500000000000014 1536.5000000000002 2669.5000000000005 80.500000000000014 183.50000000000003 137.50000000000003 25.500000000000004 2691.5000000000005 250.50000000000003 184.50000000000003 80.500000000000014 71.500000000000014 105.50000000000001 34.500000000000007 435.50000000000006 1880.5000000000002
decision_type=2 2 2 2 2 2 2 2 2 2 2 2 2 2 2 2 2 2 2 2 2 2 2 2 2 2 2 2 2 2
left_child=1 6 4 21 7 9 -1 -2 -6 10 11 -4 -11 14 -8 -15 -5 -16 19 -19 -21 22 23 24 25 -3 -26 -25 -24 -10
right_child=2 3 5 16 8 -7 13 -9 29 12 -12 -13 -14 15 17 -17 -18 18 -20 20 -22 -23 28 27 26 -27 -28 -29 -30 -31
leaf_value=-0.89500112485633443 0.095976624019463774 -0.44005151762520384 -0.30375990258173996 -0.087547711201073866 0.45857230605313576 1.1050780921307781 -0.11489489111730355 0.43923380675097301 1.440665233485839 1.2296241956792535 1.0217816805832409 0.48826070452324538 0.66254714164592077 -0.82995586916885744 -1.2563841749215499 -0.57028816597965937 0.13477820531064 -0.63391168595536762 -0.86533180007085153 0.12604558041448113 -1.1373855837753841 -0.13751274163284644 -0.86054838201621697 -0.37448390204817361 0.20789468295732016 0.38450761284688584 -1.1444989504722449 -1.3475465820681665 -0.44072386403941688 0.79112132767536525
leaf_weight=1608 961 323 89 2565 626 2132 327 916 68 252 209 337 269 915 64 1280 808 190 247 159 28 772 164 268 372 99 26 31 1315 580
leaf_count=1608 961 323 89 2565 626 2132 327 916 68 252 209 337 269 915 64 1280 808 190 247 159 28 772 164 268 372 99 26 31 1315 580
internal_value=5.29839e-10 -0.392149 0.704089 -0.169231 0.424771 0.97177 -0.704131 0.263491 0.662388 0.72591 0.552853 0.322792 0.936834 -0.608518 -0.457108 -0.678532 -0.0342897 -0.619759 -0.554464 -0.350792 -0.0631313 -0.304293 -0.353852 -0.177503 -0.0688909 -0.246612 0.119547 -0.47537 -0.487276 0.859283
internal_weight=18000 11561 6439 6743 3151 3288 4818 1877 1274 1156 635 426 521 3210 1015 2195 3373 688 624 377 187 3370 2598 1119 820 422 398 299 1479 648
internal_count=18000 11561 6439 6743 3151 3288 4818 1877 1274 1156 635 426 521 3210 1015 2195 3373 688 624 377 187 3370 2598 1119 820 422 398 299 1479 648
is_linear=0
shrinkage=0.1


Tree=23
num_leaves=31
num_cat=0
split_feature=0 0 0 0 2 2 0 0 0 5 2 6 2 5 2 2 5 2 2 6 2 6 2 5 2 5 2 2 5 2
split_gain=402565 65999.1 38995.9 14867.4 10371.4 8728.94 6377.87 4674.36 4039.61 3340.26 5958.91 4663.85 2724.99 5273.77 4369.46 2588.3 2667.87 3114.85 2526.95 2498.05 2330.89 2375.38 2239.82 2181.14 2086.64 2063.02 2032.81 4374.97 5392.79 6661.89
threshold=1200.0000000000002 750.00000000000011 1515.0000000000002 435.00000000000006 435.50000000000006 334.50000000000006 1357.5000000000002 1050.0000000000002 1665.0000000000002 128.50000000000003 34.500000000000007 63862.500000000007 185.50000000000003 184.50000000000003 2341.5000000000005 435.50000000000006 66.500000000000014 71.500000000000014 52.500000000000007 31687.500000000004 3393.0000000000005 73300.000000000015 350.50000000000006 33.500000000000007 18.500000000000004 184.50000000000003 2669.5000000000005 152.50000000000003 80.500000000000014 77.500000000000014
decision_type=2 2 2 2 2 2 2 2 2 2 2 2 2 2 2 2 2 2 2 2 2 2 2 2 2 2 2 2 2 2
left_child=1 3 4 18 9 8 -6 26 -4 10 -2 -11 13 -5 -14 16 17 -9 23 -8 21 -7 -19 -1 -15 -18 27 28 29 -3
right_child=2 7 5 12 6 20 19 15 -10 11 -12 -13 14 24 -16 -17 25 22 -20 -21 -22 -23 -24 -25 -26 -27 -28 -29 -30 -31
leaf_value=-0.18367739383280279 -0.21612703466364605 -0.50796602907822663 0.46670706791301386 -0.14761731166262107 0.34383802224778881 0.99319249872261006 0.84138828356880502 -0.6629946188284801 0.84057795606372787 0.77751879377798605 0.40500415359475039 0.12368573964637074 -0.59161806819459295 -0.53829166570489628 -0.3072662567652561 0.15376195153955785 0.22887690511970182 0.3755597761359768 -0.77064371629525619 0.5196036072794129 1.2002003864865733 0.67064841942971254 -0.69876427010253628 -0.6360238642342394 -1.290726300803098 -0.23820613944989366 -0.012174671660365498 -0.29910033836622402 0.13535981934854321 0.75591166087736683
leaf_weight=125 440 318 579 771 1003 1422 558 143 577 165 238 322 1337 227 907 1021 253 69 2356 425 438 272 27 724 44 151 817 1555 668 48
leaf_count=125 440 318 579 771 1003 1422 558 143 577 165 238 322 1337 227 907 1021 253 69 2356 425 438 272 27 724 44 151 817 1555 668 48
internal_value=5.41635e-09 -0.352934 0.633681 -0.564098 0.382294 0.874593 0.521247 -0.0825859 0.653319 0.145418 0.00191017 0.34521 -0.414632 -0.280995 -0.476686 0.0547875 -0.102371 -0.367202 -0.717341 0.702265 0.99457 0.941403 0.0734061 -0.569424 -0.660458 0.0542988 -0.1497 -0.193098 -0.0336838 -0.342212
internal_weight=18000 11561 6439 6491 3151 3288 1986 5070 1156 1165 678 487 3286 1042 2244 1664 643 239 3205 983 2132 1694 96 849 271 404 3406 2589 1034 366
internal_count=18000 11561 6439 6491 3151 3288 1986 5070 1156 1165 678 487 3286 1042 2244 1664 643 239 3205 983 2132 1694 96 849 271 404 3406 2589 1034 366
is_linear=0
shrinkage=0.1


Tree=24
num_leaves=31
num_cat=0
split_feature=0 0 0 2 0 2 0 0 0 5 5 2 2 2 5 5 0 2 5 2 5 2 2 1 2 5 5 2 6 0
split_gain=326078 53468.2 31586.7 9116.39 8118.21 7134.38 6315.17 5200.93 3859.17 2791.96 3523.88 4183.73 3459.97 3923.79 3575.41 3870.75 2371.99 2279.48 4439.59 2658.14 2266.81 3201.57 2833.12 2112.98 2293.16 2104.3 3292.21 3138.95 2048.79 1953.91
threshold=1200.0000000000002 592.50000000000011 1515.0000000000002 2381.5000000000005 900.00000000000011 552.50000000000011 285.00000000000006 1357.5000000000002 1665.0000000000002 1.0000000180025095e-35 73.500000000000014 493.50000000000006 10.500000000000002 334.50000000000006 190.50000000000003 136.50000000000003 1357.5000000000002 207.50000000000003 31.500000000000004 1536.5000000000002 1.0000000180025095e-35 94.500000000000014 219.00000000000003 6.5000000000000009 2076.5000000000005 183.50000000000003 131.50000000000003 94.500000000000014 72603.000000000015 750.00000000000011
decision_type=2 2 2 2 2 2 2 2 2 2 2 2 2 2 2 2 2 2 2 2 2 2 2 2 2 2 2 2 2 2
left_child=1 6 3 7 29 8 -1 20 -4 -6 11 -11 14 -14 15 -12 -5 18 -8 -19 21 -2 -23 -9 -25 26 -20 -28 -7 -3
right_child=2 4 5 16 9 28 17 23 -10 10 12 -13 13 -15 -16 -17 -18 19 25 -21 -22 22 -24 24 -26 -27 27 -29 -30 -31
leaf_value=-0.73381484641423633 -0.734626219034195 -0.32231780965846601 0.43587975851761823 0.45197268990730799 0.12970724084760663 0.95234503991773334 0.067292440093624659 0.30514945207319499 0.77824057065159946 -0.51917710950630802 0.078182544553815167 -0.041703524979565185 -0.54397230602808966 -0.027125100519544695 -0.13541756394867585 0.71295952260908158 0.78147579070298656 -0.67848521644463311 -0.53655287549146036 -0.45528697128640494 0.01234601373915787 1.5939365613460543 0.35197226325567399 0.73695153303183902 0.051346212103962896 -0.71204113991938622 0.10239018822949526 -1.1903146845953805 0.67552847882329869 -0.17002542374609506
leaf_weight=1608 25 1673 659 432 857 1652 191 801 658 342 206 396 172 1006 214 180 442 915 378 1280 885 20 225 261 60 247 178 21 319 1697
leaf_count=1608 25 1673 659 432 857 1652 191 801 658 342 206 396 172 1006 214 180 442 915 378 1280 885 20 225 261 60 247 178 21 319 1697
internal_value=-3.75231e-10 -0.317641 0.570312 0.344065 -0.135856 0.787133 -0.572056 0.238684 0.60693 -0.0261803 -0.0792787 -0.262972 -0.00303269 -0.10259 0.192432 0.374193 0.618609 -0.491025 -0.367103 -0.548329 0.0897256 0.343359 0.453357 0.392023 0.608801 -0.467794 -0.363238 -0.0340259 0.907543 -0.245629
internal_weight=18000 11561 6439 3151 6743 3288 4818 2277 1317 3373 2516 738 1778 1178 600 386 874 3210 1015 2195 1155 270 245 1122 321 824 577 199 1971 3370
internal_count=18000 11561 6439 3151 6743 3288 4818 2277 1317 3373 2516 738 1778 1178 600 386 874 3210 1015 2195 1155 270 245 1122 321 824 577 199 1971 3370
is_linear=0
shrinkage=0.1


Tree=25
num_leaves=31
num_cat=0
split_feature=0 0 0 2 0 4 0 0 5 4 5 5 0 5 5 8 2 2 2 5 2 5 2 5 5 2 5 2 2 6
split_gain=264123 43309.2 25585.2 7384.28 6745.18 5913.48 5115.28 4212.75 3882.46 4861.55 3651.38 3416.46 3049.92 2299.85 2062.16 1965.13 2066.31 2066.49 1865.17 4238.85 2322.52 2246 2850.08 1855.59 2957.84 1849.46 1836.11 2593.27 2294.83 1686.96
threshold=1200.0000000000002 592.50000000000011 1515.0000000000002 2381.5000000000005 1050.0000000000002 169.50000000000003 285.00000000000006 1357.5000000000002 133.50000000000003 25.500000000000004 64.500000000000014 194.50000000000003 750.00000000000011 214.50000000000003 1.0000000180025095e-35 225.50000000000003 2133.5000000000005 132.50000000000003 240.50000000000003 64.500000000000014 2381.5000000000005 80.500000000000014 77.500000000000014 184.50000000000003 137.50000000000003 3915.5000000000005 1.0000000180025095e-35 94.500000000000014 219.00000000000003 46121.000000000007
decision_type=2 2 2 2 2 2 2 2 2 2 2 2 2 2 2 2 2 2 2 2 2 2 2 2 2 2 2 2 2 2
left_child=1 6 3 7 12 8 -1 26 9 10 -4 -10 -3 -5 -6 16 17 -9 19 -8 -20 -21 23 24 -23 29 27 -2 -29 -7
right_child=2 4 5 13 14 25 18 15 11 -11 -12 -13 -14 -15 -16 -17 -18 -19 20 21 -22 22 -24 -25 -26 -27 -28 28 -30 -31
leaf_value=-0.66043335528326386 -0.66116358241438866 -0.29008602685884011 -0.11683982780711218 0.61603893593905545 0.24466667469818165 0.83772021405691643 -0.041544768087576893 -0.24999815259306205 0.98793564229143471 0.77809430529129386 0.46901267703658744 0.4760330679566776 -0.1252079426281229 0.11293242857294175 -0.012012703567844209 0.28177671498104706 -0.26331969547271727 0.79156238153349712 -0.57742129820553734 -1.036724585853517 -0.3649947064615689 -0.47508604643919639 -0.9475563013690641 -0.5643444617208585 0.11324674709292944 1.0300900983475862 0.011111414070940961 1.434542913734913 0.31677503208153779 0.63687003656271646
leaf_weight=1608 25 1673 220 771 418 1196 339 21 253 187 206 269 3406 103 1246 871 25 205 1324 64 842 175 87 212 167 314 885 20 225 643
leaf_count=1608 25 1673 220 771 418 1196 339 21 253 187 206 269 3406 103 1246 871 25 205 1324 64 842 175 87 212 167 314 885 20 225 643
internal_value=1.48238e-09 -0.285876 0.513281 0.309658 -0.12227 0.70842 -0.51485 0.214815 0.523715 0.353043 0.16646 0.724139 -0.179518 0.556748 0.0524656 0.352821 0.599352 0.69478 -0.441923 -0.332127 -0.494844 -0.471853 -0.415454 -0.331893 -0.187801 0.805792 0.080753 0.309023 0.408021 0.767494
internal_weight=18000 11561 6439 3151 6743 3288 4818 2277 1135 613 426 522 5079 874 1664 1122 251 226 3210 1044 2166 705 641 554 342 2153 1155 270 245 1839
internal_count=18000 11561 6439 3151 6743 3288 4818 2277 1135 613 426 522 5079 874 1664 1122 251 226 3210 1044 2166 705 641 554 342 2153 1155 270 245 1839
is_linear=0
shrinkage=0.1


Tree=26
num_leaves=31
num_cat=0
split_feature=0 0 0 1 0 4 0 5 4 5 0 5 0 5 5 2 2 2 5 5 2 2 5 5 2 2 2 5 2 2
split_gain=213940 35080.5 20724 6254.79 5495.49 4789.92 4143.38 3144.8 3937.86 3236.75 2866.06 2767.34 2406.86 1972.35 2862.04 3399.44 2803.92 3172.9 2924.15 3432.08 1877.39 4121.03 2771.94 2195.26 2326.22 2092.68 2025.48 1968.87 1930.68 1759.1
threshold=1200.0000000000002 592.50000000000011 1515.0000000000002 9.5000000000000018 900.00000000000011 169.50000000000003 285.00000000000006 133.50000000000003 25.500000000000004 24.500000000000004 1357.5000000000002 194.50000000000003 1357.5000000000002 1.0000000180025095e-35 73.500000000000014 493.50000000000006 10.500000000000002 334.50000000000006 184.50000000000003 136.50000000000003 2691.5000000000005 250.50000000000003 184.50000000000003 136.50000000000003 10.500000000000002 4695.0000000000009 435.50000000000006 1.0000000180025095e-35 34.500000000000007 94.500000000000014
decision_type=2 2 2 2 2 2 2 2 2 2 2 2 2 2 2 2 2 2 2 2 2 2 2 2 2 2 2 2 2 2
left_child=1 6 3 10 20 7 -1 8 9 -4 -2 -9 -5 -6 15 -15 18 -18 19 -16 21 22 23 27 -25 -22 -23 29 -24 -3
right_child=2 4 5 12 13 -7 -8 11 -10 -11 -12 -13 -14 14 16 -17 17 -19 -20 -21 25 26 28 24 -26 -27 -28 -29 -30 -31
leaf_value=-0.5943900358832479 0.068054582723117346 -0.17969809920958632 -0.38656306058335843 0.32564530594909652 0.11121675050768527 0.72521235021188102 -0.39773037700543928 0.88914210945809546 0.70028486364984266 0.29146817607324271 0.29983135335098365 0.42842977562136808 0.63354610664220912 -0.46092793532260501 0.077225317492249243 -0.030529223088788887 -0.48225336335166252 -0.017484045211919149 -0.10476414855486818 0.68524493589644608 0.032603085789984713 -0.68197345710473101 -0.27047296964299322 0.43257216968297413 -0.71093013167381292 -0.34568344486155073 -0.30926990916584213 -0.16345248680423807 -1.104044532775879 0.67607198017007064
leaf_weight=1608 1090 41 89 497 857 2153 3210 253 187 337 1045 269 519 342 206 396 172 1006 225 169 576 164 268 161 20 196 1315 540 31 58
leaf_count=1608 1090 41 89 497 857 2153 3210 253 187 337 1045 269 519 342 206 396 172 1006 225 169 576 164 268 161 20 196 1315 540 31 58
internal_value=8.76041e-10 -0.257289 0.461953 0.278692 -0.110043 0.637578 -0.463365 0.471343 0.317739 0.149814 0.1815 0.651725 0.482929 -0.0198066 -0.0644358 -0.229982 0.00427804 -0.0853451 0.180238 0.351239 -0.20036 -0.241047 -0.0962524 -0.00121253 0.306218 -0.0634386 -0.350597 -0.0882939 -0.356897 0.321662
internal_weight=18000 11561 6439 3151 6743 3288 4818 1135 613 426 2135 522 1016 3373 2516 738 1778 1178 600 375 3370 2598 1119 820 181 772 1479 639 299 99
internal_count=18000 11561 6439 3151 6743 3288 4818 1135 613 426 2135 522 1016 3373 2516 738 1778 1178 600 375 3370 2598 1119 820 181 772 1479 639 299 99
is_linear=0
shrinkage=0.1


Tree=27
num_leaves=31
num_cat=0
split_feature=0 0 0 0 2 5 4 0 0 2 2 5 6 5 2 2 5 6 2 2 2 5 2 5 0 2 5 2 2 5
split_gain=173291 29035.3 16786.5 7309.52 5629.37 6645.09 4305.23 4048.08 3275.18 2780.83 2797.09 2020.15 1962.73 1819.33 2340.55 2612.41 1786.19 4248.26 1768.22 5357.19 2810.1 4049.53 11097.1 5424.94 3543.01 2380.4 2704.18 2293.33 1715.88 3218.85
threshold=1200.0000000000002 750.00000000000011 1515.0000000000002 435.00000000000006 25.500000000000004 64.500000000000014 914.50000000000011 1665.0000000000002 1357.5000000000002 2669.5000000000005 4695.0000000000009 142.50000000000003 66453.500000000015 1.0000000180025095e-35 132.50000000000003 382.50000000000006 128.50000000000003 68967.500000000015 1954.5000000000002 1573.5000000000002 196.50000000000003 64.500000000000014 85.500000000000014 184.50000000000003 1050.0000000000002 105.50000000000001 137.50000000000003 2341.5000000000005 250.50000000000003 64.500000000000014
decision_type=2 2 2 2 2 2 2 2 2 2 2 2 2 2 2 2 2 2 2 2 2 2 2 2 2 2 2 2 2 2
left_child=1 3 4 28 5 -2 7 13 12 18 -11 -10 -6 14 -4 -16 -7 -18 19 20 21 22 -3 25 -22 26 -23 -20 29 -1
right_child=2 9 6 -5 8 16 -8 -9 11 10 -12 -13 -14 -15 15 -17 17 -19 27 -21 24 23 -24 -25 -26 -27 -28 -29 -30 -31
leaf_value=-0.12464147761929781 -0.44726551771543099 -0.46752611538214012 -0.29071015237042536 -0.26681799909934756 0.27973000353480815 -0.033332684539121145 0.74752941859399336 0.63195030139604103 0.53260099760021073 0.16497510887212238 -0.19058655222775447 0.2391433255615949 -0.036712077815070687 0.30055716666778892 1.4917425791422527 0.56067796691849425 0.68456128264745975 0.021231780341998518 -0.45000382997731303 0.3404659081712923 -0.31646145005289167 0.14604169665170569 0.79385711025624051 -0.19796887886350173 0.018808888182415759 -0.3656178700072425 0.56394976975520339 -0.024433271100769663 -0.53047032925590631 -0.49636086909999078
leaf_weight=346 218 411 26 3286 921 217 995 1141 830 923 291 327 249 905 36 185 178 211 293 294 974 385 84 411 466 56 259 223 2146 713
leaf_count=346 218 411 26 3286 921 217 995 1141 830 923 291 327 249 905 36 185 178 211 293 294 974 385 84 411 466 56 259 223 2146 713
internal_value=-4.15015e-10 -0.23156 0.415758 -0.37162 0.250823 0.0262072 0.57382 0.498443 0.33036 -0.0522446 0.0797457 0.449662 0.212385 0.36621 0.60676 0.712345 0.196532 0.32476 -0.0937996 -0.0671831 -0.106529 -0.0155791 -0.253473 0.0904134 -0.207964 0.259735 0.314113 -0.266085 -0.47907 -0.374911
internal_weight=18000 11561 6439 6491 3151 824 3288 2293 2327 5070 1214 1157 1170 1152 247 221 606 389 3856 3340 3046 1606 495 1111 1440 700 644 516 3205 1059
internal_count=18000 11561 6439 6491 3151 824 3288 2293 2327 5070 1214 1157 1170 1152 247 221 606 389 3856 3340 3046 1606 495 1111 1440 700 644 516 3205 1059
is_linear=0
shrinkage=0.1


Tree=28
num_leaves=31
num_cat=0
split_feature=0 0 0 0 2 0 3 5 6 7 2 2 2 5 2 2 6 5 2 5 5 2 5 2 5 5 2 5 2 2
split_gain=140366 23518.6 13861.4 5920.71 5876.29 3624.76 2516.37 2408.69 2408.44 2786.1 2293.11 2486.35 2247.48 2144.76 2986.16 2651.16 2250.21 2139.15 1984.77 1634.01 2083.35 1626.37 3287.89 2892.76 1622.52 1546.65 2072.97 1893.31 1940.24 1445.17
threshold=1200.0000000000002 750.00000000000011 1357.5000000000002 435.00000000000006 334.50000000000006 1665.0000000000002 21.053435459602721 69.500000000000014 31687.500000000004 286.78045817083006 2805.5000000000005 4695.0000000000009 1406.5000000000002 133.50000000000003 25.500000000000004 94.500000000000014 54963.500000000007 64.500000000000014 94.500000000000014 186.50000000000003 130.50000000000003 185.50000000000003 184.50000000000003 1536.5000000000002 35.500000000000007 33.500000000000007 114.50000000000001 138.50000000000003 25.500000000000004 261.50000000000006
decision_type=2 2 2 2 2 2 2 2 2 2 2 2 2 2 2 2 2 2 2 2 2 2 2 2 2 2 2 2 2 2
left_child=1 3 6 -1 5 13 7 18 -6 -10 -3 -12 -11 14 17 16 -15 -4 -2 20 -9 22 25 -23 29 26 -5 -27 -29 -8
right_child=2 10 4 21 8 -7 24 19 9 12 11 -13 -14 15 -16 -17 -18 -19 -20 -21 -22 23 -24 -25 -26 27 -28 28 -30 -31
leaf_value=-0.43116333979253141 -0.52452467619943965 -0.08270816966536379 -0.2808872464857996 0.066824971626258708 0.61653717920424889 0.5123486204850819 1.174947169981897 -0.023608460349065288 -0.46750990694219419 0.29151534608888385 0.16854943461163946 -0.17152789415618808 0.55978777445420091 1.160966428972426 0.39775532729817797 -0.19073593611311582 0.38691754020855462 0.15668498974227829 0.49770742519335309 -0.22366851298218099 0.57688644089468644 -0.42720989709306789 -0.43651277351560847 -0.19542364205616447 0.095399591384940668 -0.24338731647252687 0.94180323965847501 0.26590381934656765 -0.77879124872386463 0.30637492381019871
leaf_weight=3205 139 3956 220 176 1764 577 20 135 33 490 823 291 861 42 211 72 355 227 22 117 101 897 271 1347 599 383 32 160 20 454
leaf_count=3205 139 3956 220 176 1764 577 20 135 33 490 823 291 861 42 211 72 355 227 22 117 101 897 271 1347 599 383 32 160 20 454
internal_value=1.55244e-09 -0.208404 0.374182 -0.334458 0.458094 0.308514 0.117635 -0.0643 0.539061 0.440312 -0.0470201 0.0797142 0.462487 0.204154 0.087688 0.367555 0.468807 -0.0586749 -0.384841 0.0818957 0.233383 -0.240136 -0.136895 -0.288076 0.204788 -0.0315819 0.201437 -0.117671 0.149827 0.343024
internal_weight=18000 11561 6439 6491 4852 1704 1587 514 3148 1384 5070 1114 1351 1127 658 469 397 447 161 353 236 3286 1042 2244 1073 771 208 563 180 474
internal_count=18000 11561 6439 6491 4852 1704 1587 514 3148 1384 5070 1114 1351 1127 658 469 397 447 161 353 236 3286 1042 2244 1073 771 208 563 180 474
is_linear=0
shrinkage=0.1


Tree=29
num_leaves=31
num_cat=0
split_feature=0 0 0 2 2 5 2 5 6 4 0 5 2 2 6 5 2 0 6 5 5 2 8 4 2 5 2 2 5 2
split_gain=114255 21664.7 12146.4 4759.8 3481.09 2956.82 3811.92 3769.71 2990.5 2821.57 2712.81 2420.76 3023.38 3670.53 2255.27 2285.64 2232.76 2291.62 1819.32 1633.72 1595.83 1540.75 1538.38 3594.54 1774.58 2980.7 1479.88 3928.38 2942.61 4615.28
threshold=1050.0000000000002 1357.5000000000002 435.00000000000006 334.50000000000006 435.50000000000006 133.50000000000003 25.500000000000004 24.500000000000004 55656.000000000007 114.50000000000001 750.00000000000011 83.500000000000014 61.500000000000007 261.50000000000006 67511.000000000015 143.50000000000003 3574.0000000000005 1665.0000000000002 75361.000000000015 35.500000000000007 142.50000000000003 228.50000000000003 1973.5000000000002 114.50000000000001 132.50000000000003 19.500000000000004 152.50000000000003 1263.5000000000002 64.500000000000014 77.500000000000014
decision_type=2 2 2 2 2 2 2 2 2 2 2 2 2 2 2 2 2 2 2 2 2 2 2 2 2 2 2 2 2 2
left_child=2 4 -1 5 11 6 7 -3 -7 -10 -4 12 -2 -14 15 21 17 20 -11 -6 -5 -13 24 -24 25 -8 28 -28 29 -12
right_child=1 3 10 16 19 8 22 -9 9 18 26 14 13 -15 -16 -17 -18 -19 -20 -21 -22 -23 23 -25 -26 -27 27 -29 -30 -31
leaf_value=-0.38804700862897445 -0.40687062136875185 -0.44280947129119758 -0.21612257882841801 0.43942546393917442 0.26158360466815606 0.95722355028634432 -0.13088473030007805 0.14814068482967355 0.41531876682873858 -1.0079187450201617 -0.40480805664446279 0.10922697958203009 0.47097073240713644 -0.41925474934600065 -0.14974029103263611 0.51455191116969867 0.65924404419465632 0.57524617039142412 0.14364618722568542 0.080373477290179962 0.22594563322746475 -0.73064408948024118 0.70927147098949983 -0.63303075161223354 0.81379177729288754 1.0741619813442231 -0.31200273042146248 -0.040131622602385342 0.12120555621508414 0.70112493971193379
leaf_weight=3205 322 137 3286 1174 881 93 65 509 598 23 265 243 110 80 291 157 597 878 34 1143 499 24 42 38 135 30 804 1568 725 44
leaf_count=3205 322 137 3286 1174 881 93 65 509 598 23 265 243 110 80 291 157 597 878 34 1143 499 24 42 38 135 30 804 1568 725 44
internal_value=7.88514e-10 0.27844 -0.227968 0.412284 0.0786813 0.277662 0.161142 0.0228153 0.426583 0.35124 -0.151301 -0.0542209 -0.220207 0.096139 0.0646391 0.211772 0.485155 0.444413 -0.32102 0.15925 0.375752 0.033733 0.449398 0.0716779 0.580779 0.249656 -0.0887631 -0.132284 0.0110729 -0.247329
internal_weight=18000 8103 9897 4852 3251 1704 956 646 748 655 6692 1227 512 190 715 424 3148 2551 57 2024 1673 267 310 80 230 95 3406 2372 1034 309
internal_count=18000 8103 9897 4852 3251 1704 956 646 748 655 6692 1227 512 190 715 424 3148 2551 57 2024 1673 267 310 80 230 95 3406 2372 1034 309
is_linear=0
shrinkage=0.1


Tree=30
num_leaves=31
num_cat=0
split_feature=0 0 0 0 2 2 2 2 5 5 2 2 2 6 5 5 2 2 1 2 2 2 2 2 5 5 5 2 2 5
split_gain=92546.9 17548.4 9838.55 3957.49 4902.87 2819.68 2386.18 5438.27 3906.89 3166.52 4641.92 3731.8 3058.03 2642.6 2042.3 2029.2 3212.47 3136.84 2007.32 1834.78 5172.44 2151.17 1671.24 2032.1 1580.78 1552.25 2029.5 1439.3 1427.13 1411.69
threshold=1050.0000000000002 1357.5000000000002 435.00000000000006 1665.0000000000002 3186.5000000000005 435.50000000000006 185.50000000000003 1452.5000000000002 184.50000000000003 136.50000000000003 25.500000000000004 85.500000000000014 34.500000000000007 25537.000000000004 80.500000000000014 66.500000000000014 71.500000000000014 350.50000000000006 4.5000000000000009 1914.5000000000002 2341.5000000000005 4695.0000000000009 435.50000000000006 753.50000000000011 78.500000000000014 184.50000000000003 143.50000000000003 228.50000000000003 52.500000000000007 90.500000000000014
decision_type=2 2 2 2 2 2 2 2 2 2 2 2 2 2 2 2 2 2 2 2 2 2 2 2 2 2 2 2 2 2
left_child=2 5 28 4 18 15 8 22 9 11 -11 14 -10 -13 -4 16 -2 -18 29 -9 -21 -22 -8 -24 -20 26 27 -17 -1 -3
right_child=1 3 6 -5 -6 -7 7 19 12 10 -12 13 -14 -15 -16 25 17 -19 24 20 21 -23 23 -25 -26 -27 -28 -29 -30 -31
leaf_value=-0.23808156037484451 -0.43220968791471298 0.06013053784060271 -0.21778226165466658 0.49698241818300676 0.5832034518281749 0.14332501861651467 -0.48711998822119534 0.075802117582567247 -0.18924542337161851 0.4093716473957888 -0.68256095039065601 0.73451786811681508 -0.91432908109643241 -0.29424933927024116 0.073473588662761213 0.077017584491630334 0.38096985915495507 -0.6018273277716204 0.44806132381962915 -0.43944188003072376 -0.0014903407901543885 -0.26436650971257236 -0.079402031751239999 -0.34467192558141702 0.22351326915545991 -0.14086328949356697 0.43755560157050993 -0.63794606462601688 -0.38929981496019539 0.26085889748281849
leaf_weight=849 273 645 657 1648 533 2024 427 535 490 338 44 94 66 34 380 307 124 44 669 437 1469 395 425 901 590 281 167 31 2356 767
leaf_count=849 273 645 657 1648 533 2024 427 535 490 338 44 94 66 34 380 307 124 44 669 437 1469 395 425 901 590 281 167 31 2356 767
internal_value=1.69193e-09 0.250596 -0.205171 0.371056 0.306285 0.0708132 -0.136171 -0.176594 -0.0479619 0.0337506 0.283599 -0.0481741 -0.275317 0.461252 -0.111054 -0.0487988 -0.220484 0.123571 0.251025 -0.0910071 -0.129791 -0.0571964 -0.315057 -0.25965 0.342832 0.0475283 0.152356 0.011444 -0.349242 0.169166
internal_weight=18000 8103 9897 4852 3204 3251 6692 4589 2103 1547 382 1165 556 128 1037 1227 441 168 2671 2836 2301 1864 1753 1326 1259 786 505 338 3205 1412
internal_count=18000 8103 9897 4852 3204 3251 6692 4589 2103 1547 382 1165 556 128 1037 1227 441 168 2671 2836 2301 1864 1753 1326 1259 786 505 338 3205 1412
is_linear=0
shrinkage=0.1


Tree=31
num_leaves=31
num_cat=0
split_feature=0 0 0 2 0 4 0 5 2 2 5 5 2 5 2 5 6 2 2 5 2 2 2 2 5 4 2 5 5 2
split_gain=75220.8 13157 8453.27 3307.39 3250.96 2335.85 2002.11 1592.92 2398.05 2755.01 1587.88 2367.92 3152.85 2930.37 2890.13 1992.05 1546.6 2019.01 1506.03 4328.29 2572.33 2422.27 1632.76 1500.54 1450.9 1556.47 1437.94 1624.83 1428.32 1568.72
threshold=1200.0000000000002 750.00000000000011 1515.0000000000002 2381.5000000000005 285.00000000000006 914.50000000000011 1665.0000000000002 1.0000000180025095e-35 2133.5000000000005 94.500000000000014 1.0000000180025095e-35 73.500000000000014 34.500000000000007 184.50000000000003 334.50000000000006 136.50000000000003 39573.500000000007 163.50000000000003 250.50000000000003 33.500000000000007 2381.5000000000005 132.50000000000003 139.50000000000003 25.500000000000004 24.500000000000004 78.500000000000014 396.50000000000006 159.50000000000003 214.50000000000003 4695.0000000000009
decision_type=2 2 2 2 2 2 2 2 2 2 2 2 2 2 2 2 2 2 2 2 2 2 2 2 2 2 2 2 2 2
left_child=1 4 3 7 -1 6 -4 8 9 -2 -3 23 13 15 16 -13 17 -14 19 22 26 -21 -6 -12 25 -9 27 -20 29 -5
right_child=2 10 5 28 18 -7 -8 24 -10 -11 11 12 14 -15 -16 -17 -18 -19 20 21 -22 -23 -24 -25 -26 -27 -28 -29 -30 -31
leaf_value=-0.37016803833501954 -0.44665331410807235 0.064595361890967068 0.23756760104588467 0.44022863140221036 0.07842815681412596 0.51403641197736849 0.42445389712153364 -0.51175676671030768 -0.42574425137912231 0.39312086319605399 -0.34920986479246308 0.1065933019839251 0.76861202066594903 -0.086905585475368044 -0.045294661602995341 0.48230022120829458 -0.57596973630092696 -0.57137278681216042 -0.75029803564850717 -0.17411391972967893 -0.13576323539270341 -0.71784907592968505 0.62059859395027162 -0.10287317484827703 0.078200927905613712 0.085180605060997464 -0.28903938927211581 -0.09225735833101413 -0.02751503728547143 0.083451938467076076
leaf_weight=1608 43 1277 1152 617 269 995 1141 91 48 427 380 313 22 365 1556 257 169 23 142 1188 1295 88 70 708 1584 84 1780 51 103 154
leaf_count=1608 43 1277 1152 617 269 995 1141 91 48 427 380 313 22 365 1556 257 169 23 142 1188 1295 88 70 708 1584 84 1780 51 103 154
internal_value=2.58316e-10 -0.152561 0.273918 0.156876 -0.246843 0.386085 0.330562 0.093402 0.24753 0.31629 -0.0318542 -0.0643262 -0.0142163 0.134325 -0.0926833 0.275991 -0.437248 0.0837309 -0.206232 -0.127232 -0.245273 -0.211613 0.190381 -0.18891 0.0480134 -0.225227 -0.31715 -0.576412 0.322241 0.368966
internal_weight=18000 11561 6439 3151 6491 3288 2293 2277 518 470 5070 3793 2705 935 1770 570 214 45 4883 1615 3268 1276 339 1088 1759 175 1973 193 874 771
internal_count=18000 11561 6439 3151 6491 3288 2293 2277 518 470 5070 3793 2705 935 1770 570 214 45 4883 1615 3268 1276 339 1088 1759 175 1973 193 874 771
is_linear=0
shrinkage=0.1


Tree=32
num_leaves=31
num_cat=0
split_feature=0 0 0 2 2 5 2 5 5 2 2 2 5 5 2 5 5 6 7 5 2 2 5 6 2 5 2 2 5 8
split_gain=61597.5 11670.9 6758.03 2884.19 2337.53 2093.31 2989.64 2735.02 2465.88 2416.44 1788.06 1581.22 4310.99 2484.12 2255.74 1753.89 3690.5 1533.55 2340.21 1486.37 1874.48 2563.13 1747.93 1771.18 1515.86 1464.8 1400.03 1315.96 1583.19 1282.8
threshold=1050.0000000000002 1357.5000000000002 592.50000000000011 334.50000000000006 2912.5000000000005 133.50000000000003 25.500000000000004 24.500000000000004 152.50000000000003 94.500000000000014 4695.0000000000009 250.50000000000003 64.500000000000014 80.500000000000014 85.500000000000014 183.50000000000003 136.50000000000003 31687.500000000004 280.52975099965585 1.0000000180025095e-35 94.500000000000014 219.00000000000003 65.500000000000014 67511.000000000015 34.500000000000007 144.50000000000003 1406.5000000000002 4381.5000000000009 124.50000000000001 1973.5000000000002
decision_type=2 2 2 2 2 2 2 2 2 2 2 2 2 2 2 2 2 2 2 2 2 2 2 2 2 2 2 2 2 2
left_child=2 4 11 5 19 6 7 -3 -7 -10 27 12 -1 -14 15 16 -15 -5 -19 20 -2 -22 24 25 -21 -24 -20 -6 -29 -8
right_child=1 3 -4 17 10 8 29 -9 9 -11 -12 -13 13 14 -16 -17 -18 18 26 22 21 -23 23 -25 -26 -27 -28 28 -30 -31
leaf_value=0.066967667324257324 -0.50142932751375002 -0.41926384657403848 -0.08690226242103212 0.42122872166279884 0.2570239261279017 0.80210723444581677 0.47509943318431791 0.084094994828792957 0.33310882844578638 -0.21481388350750541 -0.05742975251894155 -0.29233965101780618 -0.79083171218968518 -0.31142401438070971 -0.63047353735892109 -0.35545319180216706 0.22824500301416886 -0.79326178818941129 0.16147733193829777 -0.38077544689918535 0.94096833162529525 0.13791341905579682 0.02772607745199154 -0.10882661803731915 -0.035980170529738474 0.30113036407740257 0.37245393907736751 1.0948725857013881 0.066996813921824758 0.01020772872492671
leaf_weight=516 41 137 5079 1764 429 94 230 509 560 94 167 3233 89 275 128 342 235 20 492 224 43 525 600 569 296 291 872 43 23 80
leaf_count=516 41 137 5079 1764 429 94 230 509 560 94 167 3233 89 275 128 342 235 20 492 224 43 525 600 569 296 291 872 43 23 80
internal_value=1.83215e-09 0.204444 -0.167385 0.302681 0.057828 0.197888 0.099848 -0.0226545 0.323191 0.254355 0.225518 -0.252228 -0.170409 -0.284989 -0.239051 -0.180245 -0.062753 0.359406 0.280608 0.0149502 0.151572 0.198708 -0.0270715 0.0290015 -0.184507 0.11702 0.296354 0.320977 0.736673 0.355127
internal_weight=18000 8103 9897 4852 3251 1704 956 646 748 654 662 4818 1585 1069 980 852 510 3148 1384 2589 609 568 1980 1460 520 891 1364 495 66 310
internal_count=18000 8103 9897 4852 3251 1704 956 646 748 654 662 4818 1585 1069 980 852 510 3148 1384 2589 609 568 1980 1460 520 891 1364 495 66 310
is_linear=0
shrinkage=0.1


Tree=33
num_leaves=31
num_cat=0
split_feature=0 0 0 2 2 2 2 2 5 5 4 2 2 6 4 2 2 2 2 5 2 0 7 2 0 2 2 2 2 2
split_gain=49894 9789.42 5660.89 3065.27 1999.43 6293.29 1651.11 4077.05 2744.63 2155.25 3147.8 2860.79 2150.52 1870.2 1649.42 1620.27 2525.29 1597.86 4042.85 1567.37 1552.01 1492.11 1432.58 1414.64 1227.32 1226.21 1196.3 1676.23 1183.2 1178.99
threshold=1050.0000000000002 1515.0000000000002 435.00000000000006 2567.5000000000005 1914.5000000000002 1622.5000000000002 185.50000000000003 1452.5000000000002 184.50000000000003 136.50000000000003 10.500000000000002 85.500000000000014 34.500000000000007 25537.000000000004 993.50000000000011 4695.0000000000009 4331.5000000000009 1914.5000000000002 2244.5000000000005 80.500000000000014 4695.0000000000009 1665.0000000000002 364.48623905035305 3516.5000000000005 1357.5000000000002 2341.5000000000005 435.50000000000006 753.50000000000011 139.50000000000003 250.50000000000003
decision_type=2 2 2 2 2 2 2 2 2 2 2 2 2 2 2 2 2 2 2 2 2 2 2 2 2 2 2 2 2 2
left_child=2 3 -1 4 5 22 8 26 9 11 -11 19 -10 28 21 16 -5 -9 -19 -4 23 -3 24 -20 -2 -6 29 -28 -13 -8
right_child=1 14 6 15 25 -7 7 17 12 10 -12 13 -14 -15 -16 -17 -18 18 20 -21 -22 -23 -24 -25 -26 -27 27 -29 -30 -31
leaf_value=-0.25992993250175406 0.039246047238247525 0.19351785725084791 -0.17258586280595065 0.23199898653784221 -0.25199473606218109 0.6309652940855206 -0.12531876341793044 0.097839968251325543 -0.14331262233914163 0.35979810771909926 -0.49865209638160107 0.42666367984084941 -0.75136275183070789 -0.21357267639216257 0.43047021108350175 0.0051668690868638574 0.7432593636283088 -0.41854060683116362 -0.062197522318660659 0.082566852060783846 -0.21713994680585552 0.35234438200559309 -0.045087416819217921 0.13897469594146891 0.21825452314355265 0.086390120156531081 -0.041237631827592852 -0.28216238954496242 1.2107664178918911 -0.49887822854940533
leaf_weight=3205 1176 1185 657 850 328 192 116 535 490 333 49 67 66 34 922 252 109 329 1054 380 395 1181 1181 523 568 159 425 901 27 311
leaf_count=3205 1176 1185 657 850 328 192 116 535 490 333 49 67 66 34 922 252 109 329 1054 380 395 1181 1181 523 568 159 425 901 27 311
internal_value=-4.58613e-10 0.184 -0.150646 0.0931708 0.0469203 0.0763616 -0.0983073 -0.131933 -0.0249321 0.0435559 0.249683 -0.0240325 -0.215491 0.421998 0.317011 0.230815 0.290109 -0.0578273 -0.0940211 -0.0790873 -0.0398797 0.272797 0.0399568 0.00451971 0.097547 -0.141516 -0.251821 -0.204943 0.651885 -0.397396
internal_weight=18000 8103 9897 4815 3604 3117 6692 4589 2103 1547 382 1165 556 128 3288 1211 959 2836 2301 1037 1972 2366 2925 1577 1744 487 1753 1326 94 427
internal_count=18000 8103 9897 4815 3604 3117 6692 4589 2103 1547 382 1165 556 128 3288 1211 959 2836 2301 1037 1972 2366 2925 1577 1744 487 1753 1326 94 427
is_linear=0
shrinkage=0.1


Tree=34
num_leaves=31
num_cat=0
split_feature=0 0 0 1 0 1 5 5 5 5 2 2 5 5 2 2 2 2 2 6 2 2 5 7 4 7 2 3 5 2
split_gain=40492.5 7562.87 4778.87 2125.51 2066.28 1417.03 5074.88 1333.41 1148.83 1713.62 2318.67 2038.33 1970.96 1385.3 1248.74 3468.39 2912.24 1925.85 2578.68 1184.5 1556.68 1112.93 1005.26 1742.16 1615.83 1264.95 1146.51 1081.13 974.237 1582.57
threshold=1200.0000000000002 750.00000000000011 1515.0000000000002 9.5000000000000018 285.00000000000006 1.0000000180025095e-35 64.500000000000014 252.50000000000003 1.0000000180025095e-35 73.500000000000014 34.500000000000007 334.50000000000006 184.50000000000003 137.50000000000003 261.50000000000006 94.500000000000014 507.50000000000006 892.50000000000011 1024.5000000000002 39573.500000000007 163.50000000000003 2869.5000000000005 77.500000000000014 286.78045817083006 815.50000000000011 266.40597944447649 1897.5000000000002 312.87394359403248 1.0000000180025095e-35 94.500000000000014
decision_type=2 2 2 2 2 2 2 2 2 2 2 2 2 2 2 2 2 2 2 2 2 2 2 2 2 2 2 2 2 2
left_child=1 4 3 28 -1 6 -4 22 14 21 12 19 13 -11 15 -3 -16 -18 -19 20 -12 -10 -7 25 -25 -24 27 -26 29 -2
right_child=2 8 5 -5 -6 7 -8 -9 9 10 11 -13 -14 -15 16 -17 17 18 -20 -21 -22 -23 23 24 26 -27 -28 -29 -30 -31
leaf_value=-0.28173508179928314 -0.39166149763866914 -0.22509481878507709 -0.26516898105161923 0.23202958833087073 -0.15103846287300282 0.39029137464340108 0.31350734120343704 -0.41868989566961928 -0.20348435565595918 0.10085375280557579 0.69523852338845082 -0.032903563274025133 -0.059461992693784306 0.41516315440187257 -0.49211287429424549 0.75645646562888513 0.43871264420449735 -0.69693481319762296 0.063841683300109753 -0.48346937269677781 -0.48136692630208061 0.052781853516186986 0.15715452769528265 0.18179076341897346 0.23221279609771003 -0.91631571895309871 0.36487491234033198 1.1075684813565987 0.021061096733538114 0.24572805742674692
leaf_weight=1608 43 63 201 1016 4883 1305 616 24 878 321 22 1556 365 249 99 84 128 47 856 169 23 210 23 629 21 21 405 43 1678 414
leaf_count=1608 43 63 201 1016 4883 1305 616 24 878 321 22 1556 365 249 99 84 128 47 856 169 23 210 23 629 21 21 405 43 1678 414
internal_value=7.70375e-10 -0.111934 0.200974 0.112971 -0.183416 0.28531 0.17114 0.323058 -0.0204181 -0.0480384 -0.00541013 -0.0727008 0.121974 0.238157 0.061621 0.335792 0.0259545 0.075701 0.0242442 -0.362068 0.0938624 -0.154021 0.330333 0.261817 0.286542 -0.355184 0.427028 0.820342 0.056314 0.185755
internal_weight=18000 11561 6439 3151 6491 3288 817 2471 5070 3793 2705 1770 935 570 1277 147 1130 1031 903 214 45 1088 2447 1142 1098 44 469 64 2135 457
internal_count=18000 11561 6439 3151 6491 3288 817 2471 5070 3793 2705 1770 935 570 1277 147 1130 1031 903 214 45 1088 2447 1142 1098 44 469 64 2135 457
is_linear=0
shrinkage=0.1


Tree=35
num_leaves=31
num_cat=0
split_feature=0 0 2 0 0 2 2 2 8 2 2 2 4 2 6 6 4 4 5 1 2 1 2 2 5 5 5 2 2 2
split_gain=33182.8 8745.53 1929.53 1996.61 1673.69 1667.53 2213.6 1477.77 1270.14 2322.79 2252.66 1881.3 1204.18 1399.82 1076.27 1006.26 933.682 1168.34 1430.22 1518.81 1209.93 1187.79 921.883 1569.91 1282.72 1474.55 1637.6 1177.93 1006.3 2215.85
threshold=1357.5000000000002 750.00000000000011 3574.0000000000005 1665.0000000000002 285.00000000000006 2935.5000000000005 4695.0000000000009 4331.5000000000009 336.00000000000006 132.50000000000003 382.50000000000006 462.50000000000006 546.50000000000011 3186.5000000000005 2513.0000000000005 54243.000000000007 347.50000000000006 114.50000000000001 64.500000000000014 1.0000000180025095e-35 307.50000000000006 12.500000000000002 42.500000000000007 2381.5000000000005 33.500000000000007 100.50000000000001 184.50000000000003 4695.0000000000009 1933.5000000000002 1573.5000000000002
decision_type=2 2 2 2 2 2 2 2 2 2 2 2 2 2 2 2 2 2 2 2 2 2 2 2 2 2 2 2 2 2
left_child=1 4 3 8 -1 -3 7 -7 9 -2 -11 -12 -13 -14 -10 -9 17 18 19 -16 -19 -22 24 28 -6 -26 -27 -25 29 -24
right_child=2 5 -4 -5 22 6 -8 15 14 10 11 12 13 -15 16 -17 -18 20 -20 -21 21 -23 23 27 25 26 -28 -29 -30 -31
leaf_value=-0.25356157386075445 -0.38506611202657226 -0.027036729191409783 0.39186192727382524 0.29491144271716285 0.16978364190152243 0.12565197473580197 -0.10973806739119547 0.64581432456132215 -0.3457464098930359 0.84933552873424356 -0.69763104125857356 0.49436925704625845 0.10266804800284746 0.71919649952933906 -0.20930556070487849 0.072816262732852591 0.19935206793309723 -0.46915311832108525 0.18624932776199912 0.60640007736018076 0.10936305098990096 -0.67490914057601581 -0.22979125525594413 -0.02546441753661512 -0.27637745619098519 0.10471965413380183 -0.19129835339373299 -0.26088352481514882 -0.37127457667065 0.066104472623390448
leaf_weight=1608 50 5320 597 1455 199 821 371 101 50 72 20 187 299 42 187 44 915 73 699 26 158 22 1648 1027 348 418 338 268 338 299
leaf_count=1608 50 5320 597 1455 199 821 371 101 50 72 20 187 299 42 187 44 915 73 699 26 158 22 1648 1027 348 418 338 268 338 299
internal_value=6.55962e-10 -0.0824804 0.223506 0.199885 -0.165074 -0.00194634 0.0978898 0.177631 0.150505 0.270593 0.323469 0.254377 0.290438 0.178604 0.112731 0.471939 0.123752 0.0643757 0.117121 -0.109736 -0.125758 0.0135076 -0.135935 -0.162148 -0.0639128 -0.106037 -0.027627 -0.0741844 -0.212001 -0.184351
internal_weight=18000 13148 4852 4255 6491 6657 1337 966 2800 670 620 548 528 341 2130 145 2080 1165 912 213 253 180 4883 3580 1303 1104 756 1295 2285 1947
internal_count=18000 13148 4852 4255 6491 6657 1337 966 2800 670 620 548 528 341 2130 145 2080 1165 912 213 253 180 4883 3580 1303 1104 756 1295 2285 1947
is_linear=0
shrinkage=0.1


Tree=36
num_leaves=31
num_cat=0
split_feature=0 0 0 5 2 2 2 2 6 2 2 5 2 2 2 5 2 4 2 2 5 6 7 6 4 5 5 7 5 5
split_gain=27531.4 5103.28 3075.56 2093.62 1921.21 1898.52 1385 1661.16 1257.53 1242.09 2935.17 1964 1904.92 2927.94 1706.31 1253.03 2412.97 2091.66 1173.18 1171.28 1142.74 1734.98 2702.38 1352.81 1431.32 3303.88 1356.55 1091.51 1086.63 1048.14
threshold=1050.0000000000002 1515.0000000000002 435.00000000000006 1.0000000180025095e-35 94.500000000000014 219.00000000000003 3618.0000000000005 4583.5000000000009 3205.5000000000005 185.50000000000003 1536.5000000000002 188.50000000000003 1914.5000000000002 2244.5000000000005 10.500000000000002 136.50000000000003 25.500000000000004 66.500000000000014 5268.5000000000009 4331.5000000000009 200.50000000000003 78680.500000000015 366.91386721458076 64975.000000000007 15.500000000000002 64.500000000000014 167.50000000000003 415.2405019021798 250.50000000000003 80.500000000000014
decision_type=2 2 2 2 2 2 2 2 2 2 2 2 2 2 2 2 2 2 2 2 2 2 2 2 2 2 2 2 2 2
left_child=2 3 -1 4 -2 -6 8 19 -5 11 -11 15 -12 -14 -13 16 29 -17 20 -8 23 22 -22 24 25 -3 -26 -25 -23 -4
right_child=1 18 9 6 5 -7 7 -9 -10 10 12 14 13 -15 -16 17 -18 -19 -20 -21 21 28 -24 27 26 -27 -28 -29 -30 -31
leaf_value=-0.19245648128043735 -0.37207954422397127 -0.22729220964297014 -0.1656275743297119 -0.32876055585747621 0.78631793607365008 0.18430992151011999 0.25213758388273816 -0.021613492480375703 0.021586718403240463 -0.19949565516491807 0.15638283272760028 -0.10219561470873967 -0.34886550260056665 -0.02661895399339852 -0.6113764200891767 0.26327991634012854 0.27392528345271822 -0.57890274981036782 0.57173760646220406 0.77026856311580594 -0.009327633602886784 0.24810045633367828 -1.1932813053329787 0.56625434683339904 0.28202172625764999 0.27759537282510705 -0.2361724958396875 0.095558667345903819 -0.23654118596382864 0.052925354802541229
leaf_weight=3205 59 211 562 106 55 1102 186 189 3061 1857 431 453 329 1972 77 376 243 32 99 57 98 364 24 214 1773 336 52 64 53 360
leaf_count=3205 59 211 562 106 55 1102 186 189 3061 1857 431 453 329 1972 77 376 243 32 99 57 98 364 24 214 1773 336 52 64 53 360
internal_value=1.66791e-09 0.136681 -0.111905 0.0711009 0.184543 0.212927 0.032772 0.200736 0.00986054 -0.0733263 -0.102491 -0.00968519 -0.036555 -0.0726942 -0.176171 0.0464098 -0.00640835 0.197226 0.232717 0.373674 0.222192 0.0894602 -0.242237 0.249189 0.224729 0.0828398 0.267257 0.457893 0.186503 -0.0802924
internal_weight=18000 8103 9897 4815 1216 1157 3599 432 3167 6692 4589 2103 2732 2301 530 1573 1165 408 3288 243 3189 539 122 2650 2372 547 1825 278 417 922
internal_count=18000 8103 9897 4815 1216 1157 3599 432 3167 6692 4589 2103 2732 2301 530 1573 1165 408 3288 243 3189 539 122 2650 2372 547 1825 278 417 922
is_linear=0
shrinkage=0.1


Tree=37
num_leaves=31
num_cat=0
split_feature=0 0 0 2 0 2 5 5 2 2 2 5 5 2 2 1 7 4 2 1 4 2 6 5 2 2 4 7 6 5
split_gain=22300.4 4374.76 2646.22 1349.94 1426.21 1079.33 3549.55 1845.55 1475.22 1073.64 1073.52 1047.61 2598.93 1013.02 957.644 906.444 1217.97 1453.15 1047.76 1253.93 943.205 871.911 1558 870.009 1344.17 2158.5 965.542 936.13 866.507 1763.15
threshold=1050.0000000000002 1357.5000000000002 592.50000000000011 3574.0000000000005 1665.0000000000002 250.50000000000003 64.500000000000014 80.500000000000014 85.500000000000014 3186.5000000000005 4695.0000000000009 183.50000000000003 136.50000000000003 105.50000000000001 25.500000000000004 4.5000000000000009 259.79354132028533 542.50000000000011 3186.5000000000005 5.5000000000000009 347.50000000000006 435.50000000000006 41647.000000000007 51.500000000000007 139.50000000000003 382.50000000000006 408.50000000000006 400.98743951085766 67511.000000000015 131.50000000000003
decision_type=2 2 2 2 2 2 2 2 2 2 2 2 2 2 2 2 2 2 2 2 2 2 2 2 2 2 2 2 2 2
left_child=2 9 5 4 15 6 13 -8 11 28 -11 12 14 -1 -9 23 17 -17 19 -19 -18 22 -7 24 -3 -26 -27 -25 29 -2
right_child=1 3 -4 -5 -6 21 7 8 -10 10 -12 -13 -14 -15 -16 16 20 18 -20 -21 -22 -23 -24 27 25 26 -28 -29 -30 -31
leaf_value=0.060491120259170063 -0.0081808685850231697 -0.21764471688876294 -0.050352128069120039 0.32397640590529447 0.24371407653147489 -0.57426940806924487 -0.62618277206849526 -0.27991123658511791 -0.46712239036569375 0.24495377090789755 -0.05614303539501514 -0.23843602087479412 0.23197862763512644 0.41496701464056973 0.36921381950378418 0.51420865576279351 -0.12907131193336888 0.80374426913002273 0.61694458138611585 0.032670080802572055 0.15273478604216878 -0.17230569205745569 -0.04885437276376331 0.17356645267070089 0.55749100689825259 -0.57960326228516568 0.044209891960024839 -0.055275081862869148 -0.10083342917587723 0.22439976777918269
leaf_weight=416 1687 231 5079 597 1455 146 89 250 128 407 167 342 235 100 25 197 142 23 45 254 726 2995 92 737 76 33 100 236 586 404
leaf_count=416 1687 231 5079 597 1455 146 89 250 128 407 167 342 235 100 25 197 142 23 45 254 726 2995 92 737 76 33 100 236 586 404
internal_value=-2.46349e-10 0.123013 -0.100714 0.183158 0.1634 -0.153805 -0.0862073 -0.190177 -0.150581 0.0332477 0.157352 -0.103025 -0.0122206 0.129188 -0.2209 0.121666 0.179094 0.300281 0.1694 0.0966943 0.106633 -0.186945 -0.371168 0.0652944 -0.0513921 0.132361 -0.110571 0.118061 0.00663728 0.0367558
internal_weight=18000 8103 9897 4852 4255 4818 1585 1069 980 3251 574 852 510 516 275 2800 1387 519 322 277 868 3233 238 1413 440 209 133 973 2677 2091
internal_count=18000 8103 9897 4852 4255 4818 1585 1069 980 3251 574 852 510 516 275 2800 1387 519 322 277 868 3233 238 1413 440 209 133 973 2677 2091
is_linear=0
shrinkage=0.1


Tree=38
num_leaves=31
num_cat=0
split_feature=0 0 0 1 2 5 5 5 5 5 2 2 2 2 2 5 5 5 2 2 5 2 2 2 2 2 2 2 2 5
split_gain=18066.1 3398.8 2064.18 1217.17 1082.77 1603.86 1204.19 1531.61 1483.57 1269.8 1080.3 1085.43 897.32 1767.95 873.291 922.489 812.348 1297.17 1815.27 2315.88 1828.89 943.763 2681.24 2244.74 1685.93 1993.85 841.904 940.379 835.71 744.413
threshold=1200.0000000000002 750.00000000000011 1515.0000000000002 9.5000000000000018 42.500000000000007 33.500000000000007 100.50000000000001 63.500000000000007 184.50000000000003 136.50000000000003 2398.5000000000005 4695.0000000000009 1897.5000000000002 1678.5000000000002 5268.5000000000009 250.50000000000003 1.0000000180025095e-35 73.500000000000014 105.50000000000001 321.50000000000006 184.50000000000003 261.50000000000006 94.500000000000014 507.50000000000006 892.50000000000011 1024.5000000000002 493.50000000000006 767.50000000000011 1263.5000000000002 208.50000000000003
decision_type=2 2 2 2 2 2 2 2 2 2 2 2 2 2 2 2 2 2 2 2 2 2 2 2 2 2 2 2 2 2
left_child=1 4 3 29 5 -1 7 -7 9 -8 12 -12 13 -6 15 -4 21 26 20 -20 -19 22 -3 -23 -25 -26 -18 -28 -29 -2
right_child=2 16 14 -5 10 6 8 -9 -10 -11 11 -13 -14 -15 -16 -17 17 18 19 -21 -22 23 -24 24 25 -27 27 28 -30 -31
leaf_value=0.17311790493665308 0.057126123460107328 -0.19922878910151742 0.18757959625518011 0.16649924633377344 -0.18554298329264432 -0.035145252186770518 -0.098951509699992168 -0.4004160120140533 -0.16677870945098683 0.21039262552024618 -0.042380091603610837 -0.24191439986686436 -0.30430382836130587 0.09530010167603202 0.4821662026749115 -0.23312943454058666 -0.22406924781027043 0.21901715977985645 -0.43021740224813265 -0.025001619495871652 -0.059824701093118118 -0.43027291600639472 0.66378305378769131 0.40788687882013619 -0.61405421175221186 0.05491195943594962 0.35839859201357915 -0.34300546895133932 -0.026016519942614075 -0.11423225668908357
leaf_weight=262 1841 63 3136 1016 2331 216 232 245 456 310 1344 342 505 248 99 53 501 595 155 1566 389 99 84 128 47 856 52 103 432 294
leaf_count=262 1841 63 3136 1016 2331 216 232 245 456 310 1344 342 505 248 99 53 501 595 155 1566 389 99 84 128 47 856 52 103 432 294
internal_value=1.83303e-10 -0.0747666 0.134241 0.0764037 -0.122686 -0.0546906 -0.0955993 -0.22927 -0.0338538 0.0779796 -0.147219 -0.082855 -0.182406 -0.158537 0.189668 0.180588 -0.0134163 -0.0366421 0.000446273 -0.0614969 0.108784 0.0555701 0.293921 0.0245634 0.0682382 0.0200931 -0.128852 -0.0475843 -0.0870443 0.0335292
internal_weight=18000 11561 6439 3151 6491 1721 1459 461 998 542 4770 1686 3084 2579 3288 3189 5070 3793 2705 1721 984 1277 147 1130 1031 903 1088 587 535 2135
internal_count=18000 11561 6439 3151 6491 1721 1459 461 998 542 4770 1686 3084 2579 3288 3189 5070 3793 2705 1721 984 1277 147 1130 1031 903 1088 587 535 2135
is_linear=0
shrinkage=0.1


Tree=39
num_leaves=31
num_cat=0
split_feature=0 0 5 5 2 4 2 5 5 2 2 2 6 0 1 5 5 5 6 7 6 4 2 2 2 2 2 2 5 6
split_gain=14837.9 3915.28 1112.39 1494.03 1560.35 1500.56 2107.49 2006.23 1555.62 1176.21 1643.54 1136.28 1145.91 1057.05 1010.78 3274.94 1418.44 2295.54 1268.05 2634.68 1066.95 1134.74 982.592 3196.73 2424.22 1440.13 1879.76 1420.22 888.633 841.522
threshold=1357.5000000000002 750.00000000000011 1.0000000180025095e-35 79.500000000000014 25.500000000000004 51.500000000000007 321.50000000000006 192.50000000000003 136.50000000000003 207.50000000000003 448.50000000000006 139.50000000000003 46498.500000000007 285.00000000000006 1.0000000180025095e-35 24.500000000000004 133.50000000000003 191.50000000000003 31687.500000000004 286.78045817083006 33601.500000000007 851.50000000000011 85.500000000000014 261.50000000000006 448.50000000000006 892.50000000000011 1024.5000000000002 382.50000000000006 162.50000000000003 6844.0000000000009
decision_type=2 2 2 2 2 2 2 2 2 2 2 2 2 2 2 2 2 2 2 2 2 2 2 2 2 2 2 2 2 2
left_child=1 13 22 4 -4 7 11 8 -5 29 -11 12 -7 -1 15 -2 -17 -18 -16 -20 21 -21 -3 -24 27 -26 -27 -25 -10 -6
right_child=14 2 3 5 9 6 -8 -9 28 10 -12 -13 -14 -15 18 16 17 -19 19 20 -22 -23 23 24 25 26 -28 -29 -30 -31
leaf_value=-0.18073980396579309 -0.43249894074267808 -0.2848594347561399 -0.24560251357742846 0.06210289489644677 -0.24164548314176504 0.60997953535878058 -0.005175593820447545 -0.067549471280854909 0.49873335195031576 -0.50547305069481718 -0.025504766154140858 -0.49635813431296916 -0.25836311305111104 -0.087260006519000108 0.2281010409194543 0.00011203007845992516 0.43611179403032702 0.042668059331759406 -0.72485997533878765 -0.91355766713619235 0.14247513599926301 0.13892812785648165 0.57754095736502187 -0.15734999131789243 0.33121076991914644 -0.52691250539251733 0.06661717038257739 -0.9394031400339945 0.18874353501986674 0.50148879357147969
leaf_weight=1608 117 75 532 402 20 21 2001 449 188 78 836 144 55 4883 2039 501 281 314 37 20 1522 21 122 69 196 56 1132 35 182 64
leaf_count=1608 117 75 532 402 20 21 2001 449 188 78 836 144 55 4883 2039 501 281 314 37 20 1522 21 122 69 196 56 1132 35 182 64
internal_value=3.75952e-10 -0.0551544 -0.0012694 -0.0250665 -0.107286 0.0114807 -0.0374752 0.100531 0.198288 -0.0335536 -0.0664649 -0.331254 -0.0184263 -0.110418 0.149458 0.0704031 0.124089 0.228479 0.17581 0.109171 0.128915 -0.37448 0.0689496 0.0854314 0.0450837 0.0800729 0.0386393 -0.420541 0.346252 0.324552
internal_weight=18000 13148 6657 4972 1530 3442 2221 1221 772 998 914 220 76 6491 4852 1213 1096 595 3639 1600 1563 41 1685 1610 1488 1384 1188 104 370 84
internal_count=18000 13148 6657 4972 1530 3442 2221 1221 772 998 914 220 76 6491 4852 1213 1096 595 3639 1600 1563 41 1685 1610 1488 1384 1188 104 370 84
is_linear=0
shrinkage=0.1


Tree=40
num_leaves=31
num_cat=0
split_feature=0 0 0 5 2 2 2 2 6 2 2 2 2 2 2 5 2 2 2 4 5 2 4 8 2 5 6 7 5 2
split_gain=12311.3 2278.38 1529.45 1243.93 1280.68 1242.15 845.991 1257.23 942.256 893.324 1170.71 837.779 2104.17 1473.72 2253.42 1270.75 1184.61 1074.89 1098.21 897.389 943.24 1734.78 1286.32 835.014 720.461 756.156 1494.64 2193.98 987.66 825.675
threshold=1050.0000000000002 1515.0000000000002 435.00000000000006 1.0000000180025095e-35 94.500000000000014 219.00000000000003 3646.0000000000005 4583.5000000000009 3205.5000000000005 4331.5000000000009 3834.0000000000005 185.50000000000003 1536.5000000000002 1914.5000000000002 2341.5000000000005 184.50000000000003 10.500000000000002 4640.5000000000009 4331.5000000000009 144.50000000000003 84.500000000000014 85.500000000000014 71.500000000000014 1858.5000000000002 6047.5000000000009 200.50000000000003 78680.500000000015 366.91386721458076 197.50000000000003 2190.5000000000005
decision_type=2 2 2 2 2 2 2 2 2 2 2 2 2 2 2 2 2 2 2 2 2 2 2 2 2 2 2 2 2 2
left_child=2 3 -1 4 -2 -6 8 9 -5 10 -8 15 -13 -14 -15 19 -17 18 -16 20 21 -4 -22 -12 25 28 27 29 -3 -27
right_child=1 24 11 6 5 -7 7 -9 -10 -11 23 12 13 14 17 16 -18 -19 -20 -21 22 -23 -24 -25 -26 26 -28 -29 -30 -31
leaf_value=-0.13163613539267457 -0.31943417851955203 0.16506515631750934 -0.090071296895141983 -0.29274290028326916 0.62199713100086562 0.13505079846500584 0.55330815320213644 -0.040216750361853182 0.010505018568286081 0.65104716766560289 0.4075766579972373 -0.15371176679510831 0.15395007110665404 -0.25192156627995882 0.014933281207431421 -0.065183444032269458 -0.48107249908149241 -0.14352732518070785 0.33564563676201065 0.65796362111965823 0.15163383779896625 0.38661461284730669 -0.43104950949549681 -0.17349676859529714 0.54015236285049473 -0.20764316041748243 0.13138017121165216 -1.1228451967239381 0.73278646815207704 0.49975304149446037
leaf_weight=3205 59 2664 680 106 55 1102 60 189 3072 57 36 1857 431 437 1342 476 80 406 116 24 717 86 40 79 48 77 423 24 31 21
leaf_count=3205 59 2664 680 106 55 1102 60 189 3072 57 36 1857 431 437 1342 476 80 406 116 24 717 86 40 79 48 77 423 24 31 21
internal_value=4.9795e-10 0.0913998 -0.074832 0.0475812 0.135024 0.158199 0.0180368 0.151244 0.000390393 0.307219 0.195229 -0.0476268 -0.0715792 -0.0157518 -0.0475387 0.00463997 -0.125024 0.000377287 0.0404495 0.0512417 0.0416808 -0.036553 0.120845 0.00840448 0.155568 0.149871 0.0424437 -0.265918 0.171596 -0.0560583
internal_weight=18000 8103 9897 4815 1216 1157 3599 421 3178 232 175 6692 4589 2732 2301 2103 556 1864 1458 1547 1523 766 757 115 3288 3240 545 122 2695 98
internal_count=18000 8103 9897 4815 1216 1157 3599 421 3178 232 175 6692 4589 2732 2301 2103 556 1864 1458 1547 1523 766 757 115 3288 3240 545 122 2695 98
is_linear=0
shrinkage=0.1


Tree=41
num_leaves=31
num_cat=0
split_feature=0 0 0 2 0 2 2 6 5 2 2 6 2 2 2 2 2 2 2 1 5 5 5 2 2 2 2 4 3 4
split_gain=9972.19 1957.77 1295.8 831.009 918.133 805.373 2551.83 2835.4 2528.64 1886.83 1834.74 1144.8 947.44 902.124 1673.83 1470.12 2345.79 1010.23 957.521 746.397 1214.67 739.135 1636.13 1089.44 910.748 788.664 734.049 1143.76 732.313 869.763
threshold=1050.0000000000002 1357.5000000000002 285.00000000000006 3574.0000000000005 1665.0000000000002 250.50000000000003 435.50000000000006 48102.000000000007 1.0000000180025095e-35 105.50000000000001 139.50000000000003 16605.500000000004 293.50000000000006 1536.5000000000002 767.50000000000011 1914.5000000000002 2244.5000000000005 4695.0000000000009 4331.5000000000009 1.5000000000000002 64.500000000000014 185.50000000000003 110.50000000000001 34.500000000000007 34.500000000000007 94.500000000000014 3008.5000000000005 1066.5000000000002 485.95080460366017 1743.5000000000002
decision_type=2 2 2 2 2 2 2 2 2 2 2 2 2 2 2 2 2 2 2 2 2 2 2 2 2 2 2 2 2 2
left_child=2 19 -1 4 -3 8 7 -7 9 -4 21 -12 -9 14 -8 -15 -17 18 -18 20 -2 22 24 -23 -10 -24 -6 -28 -5 -30
right_child=1 3 5 28 26 6 13 12 10 -11 11 -13 -14 15 -16 16 17 -19 -20 -21 -22 23 25 -25 -26 -27 27 -29 29 -31
leaf_value=-0.14950220952881529 -0.21458106033329197 0.073507877483864184 0.0045013957614198734 0.40427593987313398 0.18999280346257999 -0.51299067227992901 0.028223391738559669 -0.35155185841023928 -0.088395343625018274 0.57482313755449022 0.33793486386537552 -0.4723589771098512 0.23045792397792622 0.1295344030656303 -0.17804220068745943 -0.27244598251241059 -0.0037522993013084753 -0.14595105384073964 0.25312302633176875 0.054008601619509211 0.02425377131364968 -0.066014636655177858 0.1631312609672369 -0.53145975107496435 0.24285985254529088 -0.36984875777672077 -0.63470776081085212 0.12978410409047056 -0.3397703163325787 0.20259486470505561
leaf_weight=1608 309 2800 109 176 1362 258 580 40 944 124 20 136 93 526 1223 414 1779 472 158 2257 685 587 651 55 91 29 28 65 32 389
leaf_count=1608 309 2800 109 176 1362 258 580 40 944 124 20 136 93 526 1223 414 1779 472 158 2257 685 587 651 55 91 29 28 65 32 389
internal_value=1.2045e-10 0.0822598 -0.0673488 0.122495 0.106993 -0.0514117 -0.0733512 -0.319645 -0.00712542 0.30802 -0.0363451 -0.368475 0.0554174 -0.0546592 -0.111689 -0.0239559 -0.0525552 -0.0147658 0.0172009 0.0222103 -0.0499917 -0.0143627 0.0198996 -0.105889 -0.0592705 0.140401 0.171433 -0.100385 0.23298 0.16137
internal_weight=18000 8103 9897 4852 4255 8289 5543 391 2746 233 2513 156 133 5152 1803 3349 2823 2409 1937 3251 994 2357 1715 642 1035 680 1455 93 597 421
internal_count=18000 8103 9897 4852 4255 8289 5543 391 2746 233 2513 156 133 5152 1803 3349 2823 2409 1937 3251 994 2357 1715 642 1035 680 1455 93 597 421
is_linear=0
shrinkage=0.1


Tree=42
num_leaves=31
num_cat=0
split_feature=0 0 2 5 2 2 2 2 2 5 6 4 6 1 6 3 5 5 5 1 7 5 8 2 2 2 6 2 2 5
split_gain=8094.58 2303.28 1021.49 2599.55 1503.15 1421.09 1377.08 872.062 752.914 995.798 1758.73 1560.92 1405.43 1235.7 1460.65 1102.04 2498.29 842.547 842.885 795.898 955.639 977.569 748.633 737.667 708.725 1610.64 723.817 1189.58 2071.1 700.679
threshold=900.00000000000011 1357.5000000000002 250.50000000000003 33.500000000000007 139.50000000000003 114.50000000000001 2398.5000000000005 4695.0000000000009 334.50000000000006 133.50000000000003 55656.000000000007 114.50000000000001 75361.000000000015 1.0000000180025095e-35 7879.0000000000009 46.931388646248173 29.500000000000004 191.50000000000003 182.50000000000003 2.5000000000000004 233.98072812981158 77.500000000000014 939.50000000000011 132.50000000000003 1954.5000000000002 1573.5000000000002 64648.500000000007 435.50000000000006 814.50000000000011 184.50000000000003
decision_type=2 2 2 2 2 2 2 2 2 2 2 2 2 2 2 2 2 2 2 2 2 2 2 2 2 2 2 2 2 2
left_child=2 -2 3 4 -1 29 24 -8 9 13 -11 17 -13 14 -3 19 -17 18 -12 20 23 -22 -21 -15 25 26 27 -4 -29 -5
right_child=1 8 6 5 -6 -7 7 -9 -10 10 11 12 -14 15 -16 16 -18 -19 -20 22 21 -23 -24 -25 -26 -27 -28 28 -30 -31
leaf_value=0.084499042355545922 0.013339469626113105 -0.43876315407020955 -0.36085075886707896 -0.0082571475456737937 0.48740028513547701 -0.34893822055255863 -0.0035445600668047861 -0.16139384969179943 0.13922758679795572 0.55006424666091958 0.18458159163514562 -1.0183965785347897 -0.0062617933048921479 -0.25769059011633971 -0.026242516387290166 0.2891280264001001 -0.88291875893069849 0.037502485630166602 0.65434242462118464 0.80779280573129653 0.74861432811931561 0.052484684134292053 0.19972077840712013 0.33373634080092113 -0.24031603306702731 0.0382389315322616 -0.048288776776518189 0.0090058834077877421 -0.24022187175323906 -0.13600509672637889
leaf_weight=444 4960 103 316 1339 117 172 1711 440 3148 93 187 23 34 71 515 44 31 363 48 40 38 43 41 30 567 535 495 535 885 632
leaf_count=444 4960 103 316 1339 117 172 1711 440 3148 93 187 23 34 71 515 44 31 363 48 40 38 43 41 30 567 535 495 535 885 632
internal_value=1.19799e-09 0.0612592 -0.0734092 -0.0231085 0.168527 -0.0732753 -0.098211 -0.0358336 0.110245 0.0567035 0.143126 0.0853474 -0.414667 -0.0109162 -0.094996 0.142816 -0.195318 0.133008 0.280533 0.239241 0.123188 0.379064 0.500003 -0.0820192 -0.138467 -0.117589 -0.154957 -0.185373 -0.146323 -0.0492195
internal_weight=18000 9812 8188 2704 561 2143 5484 2151 4852 1704 748 655 57 956 618 338 75 598 235 263 182 81 81 101 3333 2766 2231 1736 1420 1971
internal_count=18000 9812 8188 2704 561 2143 5484 2151 4852 1704 748 655 57 956 618 338 75 598 235 263 182 81 81 101 3333 2766 2231 1736 1420 1971
is_linear=0
shrinkage=0.1


Tree=43
num_leaves=31
num_cat=0
split_feature=0 0 2 2 0 2 5 2 4 2 5 5 4 2 2 5 5 2 2 2 2 2 1 2 8 6 1 4 2 2
split_gain=6595.25 1312.98 1681.31 1494.76 1032.94 984.375 1185.09 1188.84 926.781 985.097 1360.86 1771.79 1757.5 1262.64 2033.23 1533.72 977.629 1649.4 1485.72 1625.75 1396.81 982.648 915.072 905.927 1155.84 859.981 831.346 1072.39 792.478 2383.13
threshold=1050.0000000000002 1665.0000000000002 3186.5000000000005 4695.0000000000009 592.50000000000011 4381.5000000000009 7.5000000000000009 4583.5000000000009 1646.5000000000002 435.50000000000006 128.50000000000003 192.50000000000003 56.500000000000007 396.50000000000006 18.500000000000004 14.500000000000002 154.50000000000003 892.50000000000011 1263.5000000000002 1801.5000000000002 1024.5000000000002 2171.5000000000005 15.500000000000002 4023.5000000000005 1315.5000000000002 55656.000000000007 14.500000000000002 914.50000000000011 2031.5000000000002 1693.5000000000002
decision_type=2 2 2 2 2 2 2 2 2 2 2 2 2 2 2 2 2 2 2 2 2 2 2 2 2 2 2 2 2 2
left_child=4 2 8 5 -1 23 -7 -8 9 10 13 12 -12 14 -2 -15 17 -11 -18 -20 -19 -21 26 24 -4 28 -3 -28 29 -22
right_child=1 22 3 -5 -6 6 7 -9 -10 16 11 -13 -14 15 -16 -17 18 20 19 21 25 -23 -24 -25 -26 -27 27 -29 -30 -31
leaf_value=-0.087940732941238109 -0.15051634517475732 0.14588727868231469 0.43871909304521978 -0.01804496404731613 -0.023305778123493735 0.92661849462560242 0.54381521547643041 -0.28435785999664892 -0.14362473844434506 0.28472631754005201 0.29587536104292755 -0.05411748891649857 -0.18938809042530402 -1.0774092780219184 0.10471491394698101 0.07797181561589242 -0.1996121717493605 -0.26714983063481623 0.36581307744414643 -0.33372923708735647 0.031257256634948022 0.085165473871997424 0.50575285518870639 -0.022613160891138066 0.12752737905389655 0.52634633048014201 -0.73350247955322267 0.10980374573876983 -0.021789490683595578 0.40987813937723705
leaf_weight=4818 866 1517 200 334 5079 42 52 26 313 433 415 521 91 27 488 20 287 118 145 84 593 168 68 157 296 44 25 38 504 231
leaf_count=4818 866 1517 200 334 5079 42 52 26 313 433 415 521 91 27 488 20 287 118 145 84 593 168 68 157 296 44 25 38 504 231
internal_value=-3.66378e-10 0.0668973 0.0465579 0.158733 -0.054771 0.235116 0.498359 0.267758 0.0233384 0.0337176 -0.0121162 0.075325 0.208605 -0.0762148 -0.0585275 -0.585758 0.0764044 0.112926 -0.0262738 0.0990364 0.0630007 -0.0544661 0.146564 0.186741 0.253008 0.0913956 0.131105 -0.224842 0.0769846 0.1374
internal_weight=18000 8103 6455 1107 9897 773 120 78 5348 5035 2428 1027 506 1401 1354 47 2607 1923 684 397 1490 252 1648 653 496 1372 1580 63 1328 824
internal_count=18000 8103 6455 1107 9897 773 120 78 5348 5035 2428 1027 506 1401 1354 47 2607 1923 684 397 1490 252 1648 653 496 1372 1580 63 1328 824
is_linear=0
shrinkage=0.1


Tree=44
num_leaves=31
num_cat=0
split_feature=0 0 5 5 2 2 5 5 2 6 2 4 2 2 2 2 2 2 2 2 2 2 2 2 2 2 2 2 2 2
split_gain=5523.53 1574.04 830.935 977.234 1204.66 1721.09 1295.66 1256.6 1066.22 1495.53 760.338 937.201 1075.36 730.748 1290.74 753.041 3132.49 2813.16 697.911 2481.28 2268.74 1831.88 1708.04 3486.3 2073.77 845.018 1896.1 756.903 690.973 1298.72
threshold=1357.5000000000002 592.50000000000011 1.0000000180025095e-35 79.500000000000014 42.500000000000007 321.50000000000006 184.50000000000003 137.50000000000003 139.50000000000003 42741.500000000007 25.500000000000004 114.50000000000001 448.50000000000006 653.50000000000011 954.50000000000011 1801.5000000000002 1560.0000000000002 2190.5000000000005 261.50000000000006 94.500000000000014 507.50000000000006 892.50000000000011 1713.0000000000002 1933.5000000000002 2398.5000000000005 4695.0000000000009 4436.5000000000009 1024.5000000000002 845.50000000000011 1006.5000000000001
decision_type=2 2 2 2 2 2 2 2 2 2 2 2 2 2 2 2 2 2 2 2 2 2 2 2 2 2 2 2 2 2
left_child=1 -1 18 10 6 8 7 -5 9 -6 -4 -12 -13 -7 -15 16 -16 -17 19 -3 -20 -22 27 -24 -25 26 -26 -23 -14 -30
right_child=-2 2 3 4 5 13 -8 -9 -10 -11 11 12 28 14 15 17 -18 -19 20 -21 21 22 23 24 25 -27 -28 -29 29 -31
leaf_value=-0.079146660108518618 0.091188783850012195 -0.16481623740423293 -0.17106909417393223 0.044112356938601868 0.69280183263446982 0.14038445637561381 -0.041267333274532289 0.28016463218163701 -0.42017205821756048 -0.21501370590873237 0.28156733311575782 -0.34585643764585261 0.18885375197947496 -0.25477420201291257 -0.047064403367895274 -0.366042099813849 0.48252831989072809 0.01800202864921319 -0.32367810774043471 0.47536229911175643 0.33116398237030442 -0.46022290008500799 0.65151560747623449 -0.25535184510145337 0.10549625622665311 -0.10015728135043994 0.73218453144127471 -0.090366814344725821 -0.52228412387663858 -0.029189952342026156
leaf_weight=4818 4852 105 671 517 23 280 607 400 179 86 85 120 127 231 429 228 151 1167 169 143 218 65 100 200 542 156 53 372 57 849
leaf_count=4818 4852 105 671 517 23 280 607 400 179 86 85 120 127 231 429 228 151 1167 169 143 218 65 100 200 542 156 53 372 57 849
internal_value=-2.9083e-10 -0.0336514 -0.00733726 -0.0258085 0.000635611 -0.0386052 0.0720621 0.14708 -0.270026 -0.0234563 -0.0853457 -0.0388834 -0.0625072 -0.0117954 -0.031111 -0.00495093 0.0908123 -0.0447665 0.0466668 0.204319 0.0258147 0.0604362 0.0207732 0.0898586 0.030799 0.107004 0.161319 -0.14538 -0.0295915 -0.0602124
internal_weight=18000 13148 8330 6207 4298 2774 1524 917 288 109 1909 1238 1153 2486 2206 1975 580 1395 2123 248 1875 1706 1488 1051 951 751 595 437 1033 906
internal_count=18000 13148 8330 6207 4298 2774 1524 917 288 109 1909 1238 1153 2486 2206 1975 580 1395 2123 248 1875 1706 1488 1051 951 751 595 437 1033 906
is_linear=0
shrinkage=0.1


Tree=45
num_leaves=31
num_cat=0
split_feature=0 0 5 2 2 2 2 2 2 2 2 5 2 2 2 2 5 2 6 5 4 2 4 7 5 2 5 5 5 2
split_gain=4564.79 1261.93 819.211 819.475 1110.17 838.85 1831.34 1231.36 973.471 930.805 811.08 2096.08 1095.38 1075.19 1035.47 717.005 689.991 1120.73 770.808 761.602 1721.54 1061.57 743.26 731.45 729.265 673.046 669.868 758.347 629.932 627.114
threshold=900.00000000000011 1515.0000000000002 1.0000000180025095e-35 85.500000000000014 250.50000000000003 523.50000000000011 892.50000000000011 1024.5000000000002 382.50000000000006 435.50000000000006 250.50000000000003 33.500000000000007 139.50000000000003 132.50000000000003 2398.5000000000005 139.50000000000003 69.500000000000014 448.50000000000006 68585.500000000015 131.50000000000003 51.500000000000007 350.50000000000006 181.50000000000003 391.73425542757542 162.50000000000003 4695.0000000000009 250.50000000000003 253.50000000000003 245.50000000000003 350.50000000000006
decision_type=2 2 2 2 2 2 2 2 2 2 2 2 2 2 2 2 2 2 2 2 2 2 2 2 2 2 2 2 2 2
left_child=10 2 3 -2 15 8 -7 -8 -6 -10 11 12 -1 -13 -12 -5 17 29 19 23 24 22 -22 -18 -21 -16 28 -28 -3 -4
right_child=1 26 16 4 5 6 7 -9 9 -11 14 13 -14 -15 25 -17 18 -19 -20 20 21 -23 -24 -25 -26 -27 27 -29 -30 -31
leaf_value=0.090044268788633502 -0.25104289468325364 0.096877186973466145 -0.13755001692570276 0.086557071674160851 0.087247298904634146 0.40745385329993006 -0.42132360197317142 0.076505988409265369 -0.87391041134084979 -0.11820010780476226 -0.11213498553889474 -0.036200509474534195 0.43398168718872165 -0.31731800755919659 0.0052291549623050921 0.623855409026146 0.06096440324815653 0.021432472610099597 -0.036156399706675002 0.41632803952702996 -0.13185283899307251 0.075739964929660064 -0.82309096256891889 -0.10708736565597739 0.12071907203507555 -0.1334436234234388 -0.62752988470925231 0.12196220777652883 0.45817395509505759 -0.58587820746681907
leaf_weight=444 71 3185 572 41 77 168 52 1116 28 39 3333 1997 117 146 1711 63 779 741 1351 216 60 572 21 388 136 440 27 27 49 33
leaf_count=444 71 3185 572 41 77 168 52 1116 28 39 3333 1997 117 146 1711 63 779 741 1351 216 60 572 21 388 136 440 27 27 49 33
internal_value=-8.17173e-11 0.0460028 0.0205434 0.0813236 0.0962213 0.074029 0.0987456 0.0543423 -0.155286 -0.434019 -0.0551269 -0.0103052 0.161775 -0.0553527 -0.0772272 0.412036 -0.000116086 -0.0610187 0.0231524 0.0600429 0.123853 0.0277598 -0.311063 0.00509115 0.302115 -0.0231372 0.0965189 -0.252784 0.102351 -0.162004
internal_weight=18000 9812 6524 1655 1584 1480 1336 1168 144 67 8188 2704 561 2143 5484 104 4869 1346 3523 2172 1005 653 81 1167 352 2151 3288 54 3234 605
internal_count=18000 9812 6524 1655 1584 1480 1336 1168 144 67 8188 2704 561 2143 5484 104 4869 1346 3523 2172 1005 653 81 1167 352 2151 3288 54 3234 605
is_linear=0
shrinkage=0.1


Tree=46
num_leaves=31
num_cat=0
split_feature=0 0 1 5 5 7 7 2 2 2 6 5 6 5 6 3 2 1 2 2 2 2 2 2 2 5 2 2 6 2
split_gain=3737.6 932.647 809.5 2609.49 1021.55 1825.07 782.197 702.281 760.532 872.673 1308.65 694.411 2192.45 937.634 844.344 692.276 1333.19 1396.02 731.636 670.438 914.285 1074.09 2212.47 1124.99 1004.64 1206.09 1354.06 1112.52 2144.92 1470.41
threshold=1200.0000000000002 285.00000000000006 1.0000000180025095e-35 64.500000000000014 121.50000000000001 286.78045817083006 113.53782228690915 34.500000000000007 228.50000000000003 132.50000000000003 76526.500000000015 133.50000000000003 55656.000000000007 191.50000000000003 23846.000000000004 199.41237571210451 1801.5000000000002 14.500000000000002 3574.0000000000005 6287.0000000000009 2805.5000000000005 1933.5000000000002 1573.5000000000002 2279.5000000000005 250.50000000000003 1.0000000180025095e-35 139.50000000000003 435.50000000000006 48102.000000000007 753.50000000000011
decision_type=2 2 2 2 2 2 2 2 2 2 2 2 2 2 2 2 2 2 2 2 2 2 2 2 2 2 2 2 2 2
left_child=1 -1 3 6 15 -6 -2 -7 9 -9 -11 14 -13 -14 -5 16 17 -4 -17 20 21 22 24 -23 25 26 -3 28 -26 -29
right_child=2 19 4 11 5 7 -8 8 -10 10 -12 12 13 -15 -16 18 -18 -19 -20 -21 -22 23 -24 -25 27 -27 -28 29 -30 -31
leaf_value=-0.10467075419768826 -0.81551706989606232 0.0095365617002518676 0.15041717609909572 0.54951320091883349 -0.69570129758545329 0.53983163127192746 -0.18857303660289434 0.0262391977992497 0.046312587194026832 -0.12124082359828448 -1.076939408675484 0.58004807028723393 0.21252996063606347 -0.028623629333931928 -0.060492242954877352 0.027548994811016327 0.45265435792811931 -0.51836950071156029 0.16939919827917913 -0.2390976989232268 0.041192702457506593 -0.22962646093393926 0.16819415015900013 -0.038131290126734663 -0.37163554094908641 -0.017996979690111665 0.45665093525233919 0.072691316148632529 0.078673114173067438 -0.10534008009781809
leaf_weight=1608 21 159 1267 24 35 27 380 76 1493 38 23 95 267 407 416 1163 146 32 529 141 1982 534 578 721 316 3028 118 661 159 1556
leaf_count=1608 21 159 1267 24 35 27 380 76 1493 38 23 95 267 407 416 1163 146 32 529 141 1982 534 578 721 316 3028 118 661 159 1556
internal_value=5.23663e-10 -0.0340073 0.0610589 -0.000347714 0.081532 0.0189055 -0.221406 0.0339997 0.0256209 -0.199873 -0.481586 0.0729725 0.130299 0.0669075 -0.0272192 0.115311 0.166144 0.133942 0.0718981 -0.0225909 -0.0194797 -0.0348376 -0.0186564 -0.119612 -0.0366653 0.000274212 0.200004 -0.0820163 -0.220901 -0.0522599
internal_weight=18000 11561 6439 1610 4829 1692 401 1657 1630 137 61 1209 769 674 440 3137 1445 1299 1692 9953 9812 7830 6575 1255 5997 3305 277 2692 475 2217
internal_count=18000 11561 6439 1610 4829 1692 401 1657 1630 137 61 1209 769 674 440 3137 1445 1299 1692 9953 9812 7830 6575 1255 5997 3305 277 2692 475 2217
is_linear=0
shrinkage=0.1


Tree=47
num_leaves=31
num_cat=0
split_feature=0 0 2 2 2 2 8 2 4 1 2 2 2 8 2 2 6 7 1 4 0 2 5 5 5 5 7 4 8 2
split_gain=3154.26 932.521 958.266 1404.73 917.118 942.284 960.919 1161.5 737.449 721.41 714.809 3411.4 858.628 754.58 2345.6 1004.83 841.8 701.07 677.331 864.455 658.584 650.23 799.835 998.812 1070.86 733.167 644.742 955.253 732.847 635.046
threshold=900.00000000000011 1665.0000000000002 3186.5000000000005 4695.0000000000009 4331.5000000000009 4023.5000000000005 1315.5000000000002 3717.5000000000005 1646.5000000000002 15.500000000000002 1560.0000000000002 1880.5000000000002 2360.5000000000005 1643.5000000000002 1713.0000000000002 1782.5000000000002 44628.500000000007 379.13831844733232 14.500000000000002 914.50000000000011 1515.0000000000002 42.500000000000007 33.500000000000007 102.50000000000001 184.50000000000003 136.50000000000003 383.07984416328617 1036.5000000000002 1790.5000000000002 2652.5000000000005
decision_type=2 2 2 2 2 2 2 2 2 2 2 2 2 2 2 2 2 2 2 2 2 2 2 2 2 2 2 2 2 2
left_child=21 2 8 4 5 6 7 -4 10 18 17 13 20 14 -12 -15 -17 -2 -3 -20 -13 22 -1 -24 25 -25 27 28 -22 -23
right_child=1 9 3 -5 -6 -7 -8 -9 -10 -11 11 12 -14 15 -16 16 -18 -19 19 -21 26 29 23 24 -26 -27 -28 -29 -30 -31
leaf_value=0.14645857844235641 0.024260782215974955 0.10647316458767027 0.19135144567915374 -0.048658825155686251 0.36981126557397581 -0.087507793485944035 0.075464110358101924 0.66852144521350665 -0.12714702703246467 0.42577959470012616 -0.19630180836451808 -0.16930956434932368 0.069830255259298077 0.58229890053975397 0.52421218302655725 0.52186226749420173 -0.25805337030080056 -0.056938127744230863 -0.68484903907775885 0.072297024805294846 0.025606599592027213 -0.084621601109723193 -0.13134583524109492 -0.012562674799024563 -0.07215869316565364 0.19952800645812818 0.48296588398516183 0.56261305391788485 -0.66709838087360074 -0.014361831775859214
leaf_weight=322 3326 1517 175 440 181 171 368 72 377 68 87 397 579 160 94 25 31 1563 25 38 42 4142 593 277 592 396 32 20 24 1866
leaf_count=322 3326 1517 175 440 181 171 368 72 377 68 87 397 579 160 94 25 31 1563 25 38 42 4142 593 277 592 396 32 20 24 1866
internal_value=8.53662e-11 0.0382404 0.0243895 0.0994691 0.16687 0.120136 0.177871 0.330446 0.00875583 0.106856 0.0167865 0.0773981 -0.013722 0.328495 0.177888 0.454698 0.0901233 -0.00169829 0.0931303 -0.228158 -0.107657 -0.045825 0.000957278 -0.0242588 0.0259409 0.112234 0.0997651 -0.0428212 -0.226286 -0.0627999
internal_weight=18000 9812 8164 1407 967 786 615 247 6757 1648 6380 1491 1094 397 181 216 56 4889 1580 63 515 8188 2180 1858 1265 673 118 86 66 6008
internal_count=18000 9812 8164 1407 967 786 615 247 6757 1648 6380 1491 1094 397 181 216 56 4889 1580 63 515 8188 2180 1858 1265 673 118 86 66 6008
is_linear=0
shrinkage=0.1


Tree=48
num_leaves=31
num_cat=0
split_feature=0 0 2 2 2 8 2 2 2 2 2 5 2 2 6 3 3 2 1 4 4 2 2 3 6 5 1 2 0 2
split_gain=2653.58 820.17 539.555 868.846 954.238 558.626 1273.02 514.575 477.13 1139.89 1037.32 494.856 411.493 411.405 616.762 605.236 706.314 983.429 787.647 569.447 1575.89 919.017 964.502 1162.02 902.54 848.053 514.79 633.065 580.13 587.168
threshold=1357.5000000000002 435.00000000000006 6490.0000000000009 3516.5000000000005 3982.5000000000005 1366.5000000000002 3717.5000000000005 767.50000000000011 5380.0000000000009 4695.0000000000009 4331.5000000000009 186.50000000000003 6047.5000000000009 3574.0000000000005 88342.000000000015 485.95080460366017 692.6890501824065 4948.5000000000009 11.500000000000002 1443.5000000000002 1340.5000000000002 3335.5000000000005 2478.5000000000005 216.34780792309203 86614.500000000015 81.500000000000014 10.500000000000002 1995.5000000000002 1515.0000000000002 2381.5000000000005
decision_type=2 2 2 2 2 2 2 2 2 2 2 2 2 2 2 2 2 2 2 2 2 2 2 2 2 2 2 2 2 2
left_child=1 7 3 -3 5 6 -5 -1 9 10 -6 -12 -10 19 15 -15 18 -18 -17 20 21 22 -2 -24 26 -22 27 -21 29 -29
right_child=13 2 -4 4 8 -7 -8 -9 12 -11 11 -13 -14 14 -16 16 17 -19 -20 24 25 -23 23 -25 -26 -27 -28 28 -30 -31
leaf_value=-0.024111190538015012 0.047539132636999805 -0.018189811801675795 -0.23144174968754805 0.03048128663315712 -0.067908928090212303 0.10352851047374795 0.61251041520209548 -0.10447708016637934 0.23954926064045268 -0.19529747564241359 0.31427737026498087 -0.078008329719305047 -0.075610707803019164 0.32590913820933709 -0.2663486415999276 -0.22926164893211709 0.81822656909624747 0.082292770715835309 0.12750766037467948 -0.48870504051446917 0.2727531754053556 -0.43303194798921285 0.76778727866507868 0.16107017461816933 -0.65268756250540427 1.0282696997125944 -0.19041695597171784 -0.52057525336742405 0.20506532175257011 0.047319078890245357
leaf_weight=1482 3472 8557 108 68 245 223 84 1723 145 251 164 40 58 167 35 84 30 46 235 20 39 38 37 215 24 24 125 25 169 67
leaf_count=1482 3472 8557 108 68 245 223 84 1723 145 251 164 40 58 167 35 84 30 46 235 20 39 38 37 215 24 24 125 25 169 67
internal_value=2.21216e-10 -0.0233244 -0.00914437 -0.00670328 0.0702062 0.204295 0.352129 -0.0673157 0.0145216 -0.0246231 0.0707872 0.237359 0.149504 0.0632047 0.140943 0.166309 0.0988319 0.372793 0.0335621 0.0522975 0.0645633 0.056257 0.0612498 0.250152 -0.0568109 0.560569 -0.0215867 0.0535158 0.0950653 -0.107
internal_weight=18000 13148 9943 9835 1278 375 152 3205 903 700 449 204 203 4852 597 562 395 76 319 4255 3825 3762 3724 252 430 63 406 281 261 92
internal_count=18000 13148 9943 9835 1278 375 152 3205 903 700 449 204 203 4852 597 562 395 76 319 4255 3825 3762 3724 252 430 63 406 281 261 92
is_linear=0
shrinkage=0.1


Tree=49
num_leaves=31
num_cat=0
split_feature=0 0 2 2 2 2 8 2 2 2 2 2 4 7 1 3 3 2 2 2 2 8 2 2 6 1 7 7 4 3
split_gain=2166.53 673.959 674.276 1029.84 636.156 725.12 660.539 957.181 633.157 648.988 555.822 557.65 554.913 549.4 938.101 773.532 838.695 762.34 538.539 2818.66 650.458 608.491 1895.37 825.339 687.869 596.186 568.244 597.917 537.484 526.672
threshold=900.00000000000011 1665.0000000000002 3186.5000000000005 4695.0000000000009 4331.5000000000009 3982.5000000000005 1315.5000000000002 3800.5000000000005 5268.5000000000009 2984.5000000000005 5268.5000000000009 6490.0000000000009 1646.5000000000002 402.36243106842852 15.500000000000002 397.83060871340666 530.87513410012787 3281.5000000000005 1560.0000000000002 1880.5000000000002 2360.5000000000005 1643.5000000000002 1713.0000000000002 1782.5000000000002 44628.500000000007 4.5000000000000009 379.13831844733232 381.64677289626837 114.50000000000001 262.46618518858151
decision_type=2 2 2 2 2 2 2 2 2 2 2 2 2 2 2 2 2 2 2 2 2 2 2 2 2 2 2 2 2 2
left_child=-1 2 12 4 5 6 7 -4 9 -3 -5 -12 18 14 15 17 -17 -11 26 21 25 22 -20 -23 -25 -21 -2 28 -28 -27
right_child=1 8 3 10 -6 -7 -8 -9 -10 13 11 -13 -14 -15 -16 16 -18 -19 19 20 -22 23 -24 24 -26 29 27 -29 -30 -31
leaf_value=-0.037978346761524409 0.021095909959478701 0.10557180156171789 0.18622428362306798 -0.18422985304645156 0.3096274120455289 -0.064960380370861714 0.070346059294143115 0.69024151043688997 0.43005690872669222 0.062067577838897707 0.14782095982708746 -0.15846486334594784 -0.11108617571217135 -0.44525973446228928 0.5762809093731146 0.32363399411069937 -0.18576980750650576 -0.72982021916297179 -0.17698830941199573 0.42363852972076055 0.056275118387502092 0.52359554992872293 0.47069448743094794 0.46781418645381934 -0.23719719052314758 -0.035584552762556385 -0.11669676658955026 -0.038024646475054352 -0.66414330498925578 -0.24610581113839869
leaf_weight=8188 3326 1355 190 172 181 196 353 47 53 20 179 89 377 34 24 58 73 31 87 21 579 160 94 25 31 295 47 1487 29 199
leaf_count=8188 3326 1355 190 172 181 196 353 47 53 20 179 89 377 34 24 58 73 31 87 21 579 160 94 25 31 295 47 1487 29 199
internal_value=-1.47912e-10 0.0316925 0.0199174 0.0828966 0.140606 0.101684 0.157044 0.286177 0.090025 0.0787261 -0.043934 0.0461066 0.00680331 -0.07284 -0.0113726 -0.0888654 0.0397678 -0.419276 0.0137695 0.0663796 -0.0164468 0.294622 0.159377 0.407952 0.07754 -0.098206 -0.00227502 -0.0520074 -0.325591 -0.12039
internal_weight=18000 9812 8164 1407 967 786 590 237 1648 1595 440 268 6757 240 206 182 131 51 6380 1491 1094 397 181 216 56 515 4889 1563 76 494
internal_count=18000 9812 8164 1407 967 786 590 237 1648 1595 440 268 6757 240 206 182 131 51 6380 1491 1094 397 181 216 56 515 4889 1563 76 494
is_linear=0
shrinkage=0.1


Tree=50
num_leaves=31
num_cat=0
split_feature=0 0 2 2 2 2 2 2 2 6 5 2 6 2 6 3 4 4 5 4 1 5 0 5 4 8 2 1 0 5
split_gain=1845.09 644.685 485.618 710.426 706.646 1083.58 458.888 444.246 735.529 616.196 534.671 373.626 1263.4 955.137 900.966 509.608 351.827 638.227 1116.9 1082.55 1002.77 2123.69 1193.35 594.229 589.108 509.185 488.634 840.404 726.961 550.413
threshold=1357.5000000000002 285.00000000000006 6287.0000000000009 3516.5000000000005 4640.5000000000009 5380.0000000000009 767.50000000000011 4381.5000000000009 3982.5000000000005 60401.000000000007 224.50000000000003 3717.5000000000005 27016.000000000004 3834.0000000000005 66788.000000000015 521.07172646933179 185.50000000000003 127.50000000000001 86.500000000000014 140.50000000000003 2.5000000000000004 23.500000000000004 1665.0000000000002 162.50000000000003 194.50000000000003 939.50000000000011 122.50000000000001 1.0000000180025095e-35 1665.0000000000002 133.50000000000003
decision_type=2 2 2 2 2 2 2 2 2 2 2 2 2 2 2 2 2 2 2 2 2 2 2 2 2 2 2 2 2 2
left_child=1 6 3 -3 7 -6 -1 8 11 -9 -10 14 -13 -14 -5 -15 17 20 -19 -20 21 -2 25 -21 -18 -22 27 29 -29 -23
right_child=16 2 -4 4 5 -7 -8 9 10 -11 -12 12 13 15 -16 -17 24 18 19 23 22 26 -24 -25 -26 -27 -28 28 -30 -31
leaf_value=-0.020912899852012966 -0.29006512534059586 -0.01823234876585476 -0.1858554686971341 -0.055736825944154293 -0.14970124371291604 0.14887293129707974 -0.12809454757159078 0.36891330940723421 -0.080293192324871338 -0.073815575596832092 0.39348835584062797 0.47916111847083287 0.32090975680836925 -0.01869374627398478 0.44446224075682617 -0.6031382012367249 0.57681876796743148 0.077273828597629768 -1.0815076504647732 -0.6336600238626654 0.50850970808659557 -0.03152541230838414 0.77468755817727042 0.029577287435531618 0.068858758112673446 -0.038958054345387683 -0.38533822000026707 0.53671631079111526 -0.042660126462578773 0.11042492145688093
leaf_weight=740 200 9956 157 154 320 196 868 125 284 42 26 117 54 37 47 25 23 85 20 22 23 505 38 35 3118 65 24 67 32 595
leaf_count=740 200 9956 157 154 320 196 868 125 284 42 26 117 54 37 47 25 23 85 20 22 23 505 38 35 3118 65 24 67 32 595
internal_value=2.03458e-10 -0.0194493 -0.0111835 -0.00877432 0.0572131 -0.0362893 -0.0787697 0.110174 0.0770894 0.257568 -0.0405567 0.161122 0.2473 0.0134397 0.0612251 -0.254357 0.0527038 0.0162189 -0.172637 -0.448513 0.0359702 0.0120283 0.306362 -0.226409 0.0725783 0.10413 0.0614303 0.0703731 0.349443 0.0452568
internal_weight=18000 13148 11540 11383 1427 516 1608 911 744 167 310 434 233 116 201 62 4852 1711 162 77 1549 1423 126 57 3141 88 1223 1199 99 1100
internal_count=18000 13148 11540 11383 1427 516 1608 911 744 167 310 434 233 116 201 62 4852 1711 162 77 1549 1423 126 57 3141 88 1223 1199 99 1100
is_linear=0
shrinkage=0.1


Tree=51
num_leaves=31
num_cat=0
split_feature=0 5 6 1 0 5 2 4 5 2 2 2 2 2 2 8 2 2 6 2 4 2 0 2 0 6 0 4 2 3
split_gain=1511.9 564.038 1065.21 615.932 697.155 584.483 2402.95 1686.59 1210.94 1176.7 1033.16 2066.23 1332.74 858.144 1222 1587.35 2242.13 1458.03 941.204 2502.91 1137.14 921.378 796.656 716.285 1076.74 693.051 686.85 664.281 634.839 733.166
threshold=900.00000000000011 200.50000000000003 81116.500000000015 13.500000000000002 1515.0000000000002 132.50000000000003 25.500000000000004 56.500000000000007 64.500000000000014 1263.5000000000002 1782.5000000000002 1640.5000000000002 2171.5000000000005 207.50000000000003 448.50000000000006 1523.5000000000002 382.50000000000006 892.50000000000011 4006.0000000000005 132.50000000000003 82.500000000000014 407.50000000000006 1515.0000000000002 1024.5000000000002 1515.0000000000002 55656.000000000007 1665.0000000000002 1897.5000000000002 567.50000000000011 130.07246902234621
decision_type=2 2 2 2 2 2 2 2 2 2 2 2 2 2 2 2 2 2 2 2 2 2 2 2 2 2 2 2 2 2
left_child=-1 5 -3 -4 -5 6 8 -7 -2 -9 11 25 -12 18 15 16 22 28 19 -8 -20 -17 -15 24 -19 -11 -24 -14 -16 -30
right_child=1 2 3 4 -6 7 13 9 -10 10 12 -13 27 14 17 21 -18 23 20 -21 -22 -23 26 -25 -26 -27 -28 -29 29 -31
leaf_value=-0.031726005138583327 -0.19179043644007254 -0.14862016057744029 -0.0002868615440592618 0.085999527926086103 0.59920809404874176 0.20939537406416028 -0.22302681925205087 -0.10466558330588871 -0.0015937695668697982 -0.29618079765932637 -0.28712893243635368 0.91200572273065872 0.191423877808512 0.073357546399347481 0.02855382091397007 -0.48385598696479504 -0.46466036361100072 -0.32659514274707707 0.58144075093989811 0.47236305075849211 0.077114931918397744 0.19092704008022945 0.85160678704579673 0.044423462221111945 0.21323549871174796 0.25254199059634674 0.14937979808220497 -0.031515611099754363 0.37661812244270276 0.10856200405641606
leaf_weight=8188 671 502 932 93 37 698 130 495 668 32 107 43 321 128 149 129 67 122 103 86 79 24 30 3352 53 82 26 229 253 171
leaf_count=8188 671 502 932 93 37 698 130 495 668 32 107 43 321 128 149 129 67 122 103 86 79 24 30 3352 53 82 26 229 253 171
internal_value=-2.97506e-14 0.026475 -0.0285844 0.0281557 0.232067 0.0369154 0.0218196 0.0838578 -0.0969052 0.0169172 0.0908527 0.321318 0.0357796 0.0542497 0.0418121 -0.124123 0.0306359 0.0581628 0.195001 0.0538414 0.36253 -0.378008 0.210988 0.0341265 -0.163104 0.0985145 0.525573 0.0986 0.206113 0.268511
internal_weight=18000 9812 1564 1062 130 8248 6241 2007 1339 1309 814 157 657 4902 4504 404 251 4100 398 216 182 153 184 3527 175 114 56 550 573 424
internal_count=18000 9812 1564 1062 130 8248 6241 2007 1339 1309 814 157 657 4902 4504 404 251 4100 398 216 182 153 184 3527 175 114 56 550 573 424
is_linear=0
shrinkage=0.1


Tree=52
num_leaves=31
num_cat=0
split_feature=0 0 5 2 2 2 2 2 2 2 2 2 6 6 2 2 5 2 2 2 2 2 2 2 2 2 2 8 0 2
split_gain=1292.74 484.781 428.551 1029.74 2070.78 1743.72 1401.98 1464.91 3420.69 1174 1117.05 700.609 657.344 719.083 1305.65 787.364 748.621 622.098 751.45 604.235 895.503 602.642 597.144 439.724 1171.4 2609.06 521.168 484.208 792.06 432.613
threshold=1357.5000000000002 285.00000000000006 1.0000000180025095e-35 261.50000000000006 507.50000000000006 139.50000000000003 892.50000000000011 1730.5000000000002 1933.5000000000002 2398.5000000000005 185.50000000000003 2110.5000000000005 47312.500000000007 66070.500000000015 34.500000000000007 350.50000000000006 137.50000000000003 382.50000000000006 435.50000000000006 728.50000000000011 877.50000000000011 1024.5000000000002 1406.5000000000002 2190.5000000000005 1713.0000000000002 1518.5000000000002 2341.5000000000005 1933.5000000000002 900.00000000000011 4695.0000000000009
decision_type=2 2 2 2 2 2 2 2 2 2 2 2 2 2 2 2 2 2 2 2 2 2 2 2 2 2 2 2 2 2
left_child=1 -1 3 5 17 -3 -6 21 -9 11 -7 -10 -4 14 16 -16 -14 -5 -19 -17 -21 -8 -23 24 25 27 -25 28 -15 -11
right_child=-2 2 12 4 6 10 7 8 9 29 -12 -13 13 23 15 19 -18 18 -20 20 -22 22 -24 26 -26 -27 -28 -29 -30 -31
leaf_value=-0.067720093334409925 0.044115307817382862 -0.0065385044591190922 -0.048028413670822466 -0.12766428002566099 0.22771961228138987 0.85464222456546546 -0.35566994795172491 0.56114012930330226 0.035147950757294898 0.092305875318136568 0.25756267006409933 -0.29770937669497027 -0.025599071552064475 0.023576409618059794 -0.23600408836793979 0.21419342589668103 0.24248419506161401 -0.75078458636999135 -0.22376130832539454 -0.43665033565915157 0.017759731565024656 0.010464619221201414 -0.20336097165308101 0.39703370500833562 -0.28087809893969201 0.53789171320916729 0.021271931149635912 -0.038878858520932674 -0.64449529511587966 -0.069619864144792362
leaf_weight=1608 4852 192 4295 125 314 47 97 123 100 798 94 172 136 36 131 144 445 48 62 46 758 294 235 39 197 79 689 1601 35 208
leaf_count=1608 4852 192 4295 125 314 47 97 123 100 798 94 172 136 36 131 144 445 48 62 46 758 294 235 39 197 79 689 1601 35 208
internal_value=4.80239e-11 -0.0162799 -0.00911209 0.0240817 0.00269023 0.189561 0.0310974 0.000638855 0.0574648 0.008989 0.456589 -0.175335 -0.0202998 0.00716669 0.0588719 -0.00620641 0.179731 -0.280293 -0.453735 0.0255483 -0.00823885 -0.126539 -0.0845241 -0.0249075 -0.0496885 -0.023678 0.041402 -0.0502115 -0.305755 0.0588262
internal_weight=18000 13148 11540 2909 2576 333 2341 2027 1401 1278 141 272 8631 4336 1660 1079 581 235 110 948 804 626 529 2676 1948 1751 728 1672 71 1006
internal_count=18000 13148 11540 2909 2576 333 2341 2027 1401 1278 141 272 8631 4336 1660 1079 581 235 110 948 804 626 529 2676 1948 1751 728 1672 71 1006
is_linear=0
shrinkage=0.1


Tree=53
num_leaves=31
num_cat=0
split_feature=0 4 5 5 5 2 2 2 2 2 5 5 6 5 1 0 2 5 4 2 2 2 5 8 3 2 2 7 2 8
split_gain=1067.15 474.542 663.617 596.365 828.721 463.16 473.138 724.786 474.298 649.061 443.505 437.47 856.449 538.546 485.403 560.598 433.543 1396.5 1531.33 1122.87 791.169 1750.89 1192.47 795.463 1269.64 986.653 908.294 831.847 722.47 706.373
threshold=900.00000000000011 47.500000000000007 33.500000000000007 102.50000000000001 184.50000000000003 2341.5000000000005 1976.5000000000002 1573.5000000000002 767.50000000000011 477.50000000000006 136.50000000000003 200.50000000000003 81116.500000000015 197.50000000000003 13.500000000000002 1515.0000000000002 523.50000000000011 128.50000000000003 71.500000000000014 767.50000000000011 18.500000000000004 250.50000000000003 23.500000000000004 1540.5000000000002 68.027153603793678 407.50000000000006 281.50000000000006 385.15205536731747 350.50000000000006 1042.5000000000002
decision_type=2 2 2 2 2 2 2 2 2 2 2 2 2 2 2 2 2 2 2 2 2 2 2 2 2 2 2 2 2 2
left_child=1 2 -1 -4 10 6 7 8 9 -3 -5 13 -13 16 -14 -16 17 20 -19 -18 22 -22 -2 -23 26 -26 -25 -28 -20 -24
right_child=11 5 3 4 -6 -7 -8 -9 -10 -11 -12 12 14 -15 15 -17 19 18 28 -21 21 23 29 24 25 -27 27 -29 -30 -31
leaf_value=0.13995578008989207 -0.28651439235760617 -0.080950264458371154 -0.092242657132201686 0.0070699687117505225 -0.057799766645867862 -0.0052609393729830499 -0.15639095942285031 0.054389245014580971 -0.11648699609580018 0.058749542659988586 0.17090861260370721 -0.13387962715974841 -0.00061974070272748181 0.27071795423505124 0.074666595322790963 0.53487575803254106 0.20541205723769962 0.16867791983246724 -0.28921118494537146 0.032767679009596401 0.1515938727583076 -0.023925812380345725 0.4316635090112686 -0.10916179199516773 -0.40188797351085781 0.35511670013268792 -1.289318329354991 -0.47092697730770816 0.10965621477701296 -0.060970033347671482
leaf_weight=346 260 956 608 281 599 2222 473 558 1234 510 401 502 932 93 93 37 410 731 126 4642 502 262 30 25 33 36 23 27 71 977
leaf_count=346 260 956 608 281 599 2222 473 558 1234 510 401 502 932 93 93 37 410 731 126 4642 502 262 30 25 33 36 23 27 71 977
internal_value=-8.73734e-11 -0.0266542 0.0126354 -0.0106853 0.0280242 -0.0414051 -0.0629308 -0.0493622 -0.0708041 -0.0323507 0.103403 0.0222426 -0.0262473 0.0314374 0.0246298 0.205649 0.0287086 -0.000711554 0.101992 0.0467788 -0.0445317 0.0267126 -0.0955892 -0.127697 -0.316503 -0.00692901 -0.601312 -0.847387 -0.145457 -0.0462938
internal_weight=18000 8188 2235 1889 1281 5953 3731 3258 2700 1466 682 9812 1564 8248 1062 130 8155 3103 928 5052 2175 908 1267 406 144 69 75 50 197 1007
internal_count=18000 8188 2235 1889 1281 5953 3731 3258 2700 1466 682 9812 1564 8248 1062 130 8155 3103 928 5052 2175 908 1267 406 144 69 75 50 197 1007
is_linear=0
shrinkage=0.1


Tree=54
num_leaves=31
num_cat=0
split_feature=0 2 2 2 2 2 5 4 2 6 2 2 2 2 2 5 6 2 2 6 5 5 6 4 6 2 0 2 5 5
split_gain=924.136 451.955 443.295 581.443 840.892 449.689 949.419 1154.73 729.224 1177.6 1082.1 751.789 965.299 1329.52 943.643 1525.15 1485.11 935.614 684.597 2667.16 1383.43 998.681 678.065 664.442 1976.71 842 546.011 499.469 1312.09 622.076
threshold=1357.5000000000002 6287.0000000000009 3516.5000000000005 4640.5000000000009 5380.0000000000009 185.50000000000003 208.50000000000003 10.500000000000002 435.50000000000006 79048.500000000015 728.50000000000011 1263.5000000000002 1914.5000000000002 2279.5000000000005 1678.5000000000002 191.50000000000003 54963.500000000007 1536.5000000000002 105.50000000000001 40350.000000000007 136.50000000000003 161.50000000000003 90639.000000000015 20.500000000000004 16929.000000000004 42.500000000000007 1050.0000000000002 250.50000000000003 30.500000000000004 144.50000000000003
decision_type=2 2 2 2 2 2 2 2 2 2 2 2 2 2 2 2 2 2 2 2 2 2 2 2 2 2 2 2 2 2
left_child=1 2 5 -4 -5 6 18 -8 9 27 22 -12 14 -14 16 -16 -13 -18 20 -20 23 -22 26 -1 25 -25 -10 28 -7 -29
right_child=-2 -3 3 4 -6 8 7 -9 10 -11 11 12 13 -15 15 -17 17 -19 19 -21 21 -23 -24 24 -26 -27 -28 29 -30 -31
leaf_value=-0.050811536651301281 0.037299346545986989 -0.17293598561293699 0.082554141600860415 -0.13881199205025144 0.10992622498540856 0.20053168969949248 -0.043383210423024877 -0.39903858934218683 0.054502442346671856 0.23391161062919044 -0.10157547279484294 -0.08717250649927033 -0.16603911677538385 -0.0088608892606838515 0.23633046338201635 -0.24006960835307836 0.056617093893713978 0.4419979868417091 0.40349217486915762 -0.25479280131478466 0.25144007222182324 0.041070798458105594 -0.37378643991485722 0.3074184634115385 0.50076530266139241 -0.18241357087988308 0.24490564160491571 -0.26285298481972175 -0.27723246601830542 0.0020034484028279248
leaf_weight=1857 4852 176 1030 353 221 117 590 108 592 85 1384 698 743 1952 420 80 191 94 182 93 344 656 31 46 90 148 202 441 113 111
leaf_count=1857 4852 176 1030 353 221 117 590 108 592 85 1384 698 743 1952 420 80 191 94 182 93 344 656 31 46 90 148 202 441 113 111
internal_value=-1.44546e-10 -0.0137646 -0.011605 0.0376084 -0.0430434 -0.0185489 0.00786128 -0.098413 -0.033527 -0.119583 -0.0218454 -0.0376979 -0.0165378 -0.0521943 0.0482593 0.160106 -0.00863147 0.183725 0.0295766 0.180872 0.0163304 0.113438 0.0850291 -0.0290257 0.113426 -0.0662678 0.102943 -0.158006 -0.0341959 -0.209594
internal_weight=18000 13148 12972 1604 574 11368 4114 698 7254 867 6387 5562 4178 2695 1483 500 983 285 3416 275 3141 1000 825 2141 284 194 794 782 230 552
internal_count=18000 13148 12972 1604 574 11368 4114 698 7254 867 6387 5562 4178 2695 1483 500 983 285 3416 275 3141 1000 825 2141 284 194 794 782 230 552
is_linear=0
shrinkage=0.1


Tree=55
num_leaves=31
num_cat=0
split_feature=0 5 6 2 2 4 3 2 2 2 2 2 1 2 7 0 0 0 8 7 6 2 2 0 4 0 2 2 2 2
split_gain=787.258 421.066 881.309 881.147 921.377 798.421 587.78 499.414 474.023 1152.37 1129.89 1077.31 839.068 477.491 460.136 437.224 405.73 405.547 1018.93 498.222 576.484 463.285 401.003 506.977 368.95 826.722 504.124 477.424 1471.59 726.82
threshold=750.00000000000011 1.0000000180025095e-35 2843.0000000000005 85.500000000000014 261.50000000000006 74.500000000000014 195.51945438600703 52.500000000000007 523.50000000000011 382.50000000000006 905.50000000000011 435.50000000000006 4.5000000000000009 663.50000000000011 81.569031252251719 1515.0000000000002 1515.0000000000002 1665.0000000000002 1088.0000000000002 284.98827491090248 29400.000000000004 5268.5000000000009 321.50000000000006 1050.0000000000002 398.50000000000006 1665.0000000000002 1024.5000000000002 1693.5000000000002 1914.5000000000002 1406.5000000000002
decision_type=2 2 2 2 2 2 2 2 2 2 2 2 2 2 2 2 2 2 2 2 2 2 2 2 2 2 2 2 2 2
left_child=-1 3 5 7 -5 14 -7 -2 9 16 13 -11 15 -10 -3 -12 22 -4 -19 20 -20 -21 -6 -24 25 26 -14 29 -29 -26
right_child=1 2 17 4 8 6 -8 -9 10 11 12 -13 24 -15 -16 -17 -18 18 19 21 -22 -23 23 -25 27 -27 -28 28 -30 -31
leaf_value=-0.027847447046178194 -0.054629320353269575 -0.77523119921485595 0.0014206880924441969 0.26580685454012432 -0.23115641129882755 0.20963742042296249 -0.1773921267442744 -0.4626381860425075 0.081776324433407613 -0.69003662010456657 -0.09396106921151047 -0.050688097442810734 -0.35874698374952591 0.34590369125362486 -0.27526280867949698 -0.47676087587307664 0.46304214309763031 0.57376711399931657 -0.012041988325793118 0.051455751153755447 -0.65373842709121255 0.42120304805891862 -0.12495742130279541 0.49999054957319189 0.063568841829732228 0.6817816865598334 0.18371562719024637 0.41628137919880931 0.033603439870704375 -0.2348346035008797
leaf_weight=6491 80 24 7156 203 37 61 110 48 112 47 127 60 21 176 79 39 27 38 42 1066 21 35 25 27 182 29 93 109 1287 148
leaf_count=6491 80 24 7156 203 37 61 110 48 112 47 127 60 21 176 79 39 27 38 42 1066 21 35 25 27 182 29 93 109 1287 148
internal_value=-2.57879e-10 0.0157058 0.0046632 0.0488374 0.0607792 -0.171812 -0.039329 -0.207633 0.0444318 -0.0948334 0.0578007 -0.331523 0.0315642 0.243187 -0.39176 -0.183896 0.123493 0.0104486 0.0641954 0.0475599 -0.225941 0.0632098 0.0204834 0.199535 0.0507008 0.20506 0.0837883 0.0379121 0.063483 -0.0702606
internal_weight=18000 11509 8632 2877 2749 274 171 128 2546 223 2323 107 2035 288 103 166 116 8358 1202 1164 63 1101 89 52 1869 143 114 1726 1396 330
internal_count=18000 11509 8632 2877 2749 274 171 128 2546 223 2323 107 2035 288 103 166 116 8358 1202 1164 63 1101 89 52 1869 143 114 1726 1396 330
is_linear=0
shrinkage=0.1


Tree=56
num_leaves=31
num_cat=0
split_feature=0 6 5 5 6 6 5 4 4 6 2 7 5 7 7 4 1 2 4 7 5 2 3 3 7 5 7 0 1 5
split_gain=641.51 466.968 1010.2 758.971 672.814 669.318 1471.28 1174.33 765.075 981.775 971.448 782.965 634.798 622.74 568.606 566.507 549.714 732.812 997.394 1273.91 932.179 1057.08 874.01 987.896 728.29 651.06 579.419 545.371 534.925 1804.67
threshold=1200.0000000000002 74375.500000000015 215.50000000000003 170.50000000000003 63862.500000000007 63862.500000000007 172.50000000000003 109.50000000000001 561.50000000000011 68585.500000000015 698.50000000000011 349.80051644094118 189.50000000000003 345.92539917369663 384.12784674787707 1924.5000000000002 13.500000000000002 2228.5000000000005 794.50000000000011 403.04234650532067 214.50000000000003 2521.5000000000005 170.38564421046587 184.36201352334442 391.73425542757542 234.50000000000003 392.49842539196271 1515.0000000000002 1.0000000180025095e-35 133.50000000000003
decision_type=2 2 2 2 2 2 2 2 2 2 2 2 2 2 2 2 2 2 2 2 2 2 2 2 2 2 2 2 2 2
left_child=-1 2 3 4 28 7 -7 -5 10 15 -8 -11 -12 -9 -6 -10 17 18 22 25 -19 -22 -3 -24 27 -20 -18 -25 29 -2
right_child=1 16 -4 5 14 6 8 13 9 11 12 -13 -14 -15 -16 -17 26 20 19 -21 21 -23 23 24 -26 -27 -28 -29 -30 -31
leaf_value=-0.01408889123440922 -0.093721897790139799 -0.013165650860041768 -0.58436589051897714 0.33922172695398334 -0.68039046363397082 1.0060099537399683 0.15144989059096384 -0.12999361937817855 0.82247150483662679 0.60799512181144499 0.018022646139497344 -0.027742204599474608 -0.71716325754920651 -0.81632196784019484 -0.10134318176455595 0.18497064352035522 0.0062971675502402451 0.15898491019426392 0.2640907708803813 -0.3373856978757041 -0.99316877282184102 -0.24712452347125483 -0.94606804223287677 -0.031060791557485409 0.28287384212017058 0.9550639897584916 0.45425321947444569 -0.71373532915115367 0.051304365061888561 0.24322526874685929
leaf_weight=11561 841 618 26 40 22 22 186 39 46 26 23 76 24 20 74 20 84 43 30 21 23 109 21 22 24 25 44 25 3669 196
leaf_count=11561 841 618 26 40 22 22 186 39 46 26 23 76 24 20 74 20 84 43 30 21 23 109 21 22 24 25 44 25 3669 196
internal_value=1.64933e-10 0.0252961 0.037446 0.0404826 0.0280341 0.155 0.20978 -0.0790639 0.166097 0.328765 0.0488081 0.134308 -0.357391 -0.362647 -0.234042 0.629289 -0.0343933 -0.060323 -0.0191187 0.325187 -0.245389 -0.377117 -0.055974 -0.343535 -0.16532 0.57817 0.160282 -0.394186 0.0333803 -0.0300366
internal_weight=18000 6439 5350 5324 4802 522 423 99 401 168 233 102 47 59 96 66 1089 961 786 76 175 132 710 92 71 55 128 47 4706 1037
internal_count=18000 6439 5350 5324 4802 522 423 99 401 168 233 102 47 59 96 66 1089 961 786 76 175 132 710 92 71 55 128 47 4706 1037
is_linear=0
shrinkage=0.1


Tree=57
num_leaves=31
num_cat=0
split_feature=0 2 2 3 2 2 2 6 3 3 0 5 2 2 4 2 7 1 7 2 8 3 2 2 1 5 3 0 4 4
split_gain=568.001 324.012 656.475 689.834 656.545 747.346 746.866 512.671 460.3 471.299 422.752 523.794 733.004 606.447 421.64 644.237 580.672 657.694 576.184 503.484 861.151 488.709 445.564 442.224 429.429 418.284 826.06 397.371 529.643 425.647
threshold=750.00000000000011 3574.0000000000005 3982.5000000000005 380.75656635328454 4156.5000000000009 4695.0000000000009 5268.5000000000009 72931.500000000015 425.36181462853057 485.95080460366017 1665.0000000000002 50.500000000000007 3800.5000000000005 3757.5000000000005 1646.5000000000002 2259.5000000000005 366.91386721458076 5.5000000000000009 433.27819465647656 3335.5000000000005 1315.5000000000002 812.65243012047119 3422.5000000000005 3186.5000000000005 13.500000000000002 149.50000000000003 607.02315151529444 1665.0000000000002 1443.5000000000002 1134.5000000000002
decision_type=2 2 2 2 2 2 2 2 2 2 2 2 2 2 2 2 2 2 2 2 2 2 2 2 2 2 2 2 2 2
left_child=-1 14 3 -3 7 -6 -7 -4 -5 -10 11 13 -13 -11 22 -16 17 21 -18 24 -21 -17 23 27 25 -19 -27 -2 29 -29
right_child=1 2 4 8 5 6 -8 -9 9 10 -12 12 -14 -15 15 16 18 19 -20 20 -22 -23 -24 -25 -26 26 -28 28 -30 -31
leaf_value=-0.023653812916586608 0.0032752705058773654 0.40520864053776395 -0.10838459169949002 -0.27747140059868497 0.15800310319264732 -0.15372094456106425 0.068064977062612539 -0.66038148030638699 0.39494028515436436 -0.039143457370144984 -0.37273468215018513 0.22763548882640139 -0.33136575407452051 0.56167291076410386 -0.29326045799754419 0.35016164543250433 0.19091577268916476 -0.1149627818152158 -0.23115008912980556 0.26886949129993959 -0.33894160662752554 -0.1621888596436073 -0.24418377947451464 0.19164646381525685 -0.63191528009331754 -0.032200906991958621 -0.84512666440010076 0.059202091338252917 -0.33901913836598396 0.3163207706283121
leaf_weight=6491 7726 95 106 30 375 252 382 20 55 28 20 49 45 42 106 52 169 198 40 63 37 29 67 139 23 25 25 1211 32 68
leaf_count=6491 7726 95 106 30 375 252 382 20 55 28 20 49 45 42 106 52 169 198 40 63 37 29 67 139 23 25 25 1211 32 68
internal_value=2.28926e-10 0.0133406 0.0566995 0.173557 0.0192228 0.0460994 -0.0200897 -0.196003 0.0917465 0.138092 0.0613165 0.11425 -0.0399715 0.321346 0.00684759 -0.0643988 -0.0276978 -0.0914314 0.110138 -0.147795 0.0439794 0.166728 0.0127597 0.0146358 -0.21856 -0.180225 -0.438664 0.0119132 0.0628184 0.0728722
internal_weight=18000 11509 1499 364 1135 1009 634 126 269 239 184 164 94 70 10010 767 661 452 209 371 100 81 9243 9176 271 248 50 9037 1311 1279
internal_count=18000 11509 1499 364 1135 1009 634 126 269 239 184 164 94 70 10010 767 661 452 209 371 100 81 9243 9176 271 248 50 9037 1311 1279
is_linear=0
shrinkage=0.1


Tree=58
num_leaves=31
num_cat=0
split_feature=0 5 6 2 2 2 2 2 2 2 2 0 4 2 0 2 0 2 2 1 5 1 2 2 2 0 3 0 2 4
split_gain=470.007 366.182 644 639.115 900.426 577.091 1088.72 1019.15 834.148 582 1332.56 1063.37 942.46 935.38 737.773 813.299 608.294 1176.15 534.918 503.255 571.696 480.948 468.377 422.402 404.312 424.937 403.739 375.505 465.501 371.917
threshold=592.50000000000011 1.0000000180025095e-35 2843.0000000000005 85.500000000000014 261.50000000000006 523.50000000000011 905.50000000000011 382.50000000000006 435.50000000000006 1713.0000000000002 1976.5000000000002 1515.0000000000002 546.50000000000011 2398.5000000000005 1665.0000000000002 2091.5000000000005 1515.0000000000002 1315.5000000000002 1024.5000000000002 2.5000000000000004 1.5000000000000002 4.5000000000000009 663.50000000000011 139.50000000000003 1933.5000000000002 1200.0000000000002 222.27524712120734 1050.0000000000002 334.50000000000006 94.500000000000014
decision_type=2 2 2 2 2 2 2 2 2 2 2 2 2 2 2 2 2 2 2 2 2 2 2 2 2 2 2 2 2 2
left_child=-1 3 19 -2 23 7 22 27 -9 12 11 24 16 14 15 -12 18 -18 -8 20 -3 -21 -7 -5 25 -11 -13 -6 -29 -25
right_child=1 2 -4 4 5 6 9 8 -10 10 13 26 -14 -15 -16 -17 17 -19 -20 21 -22 -23 -24 29 -26 -27 -28 28 -30 -31
leaf_value=-0.026728420833166257 -0.16677818810214001 -0.74392358825796034 0.0047706669949924875 0.044796290305944592 -0.11660713299847486 0.065911586880683909 -0.34232771371990989 -0.6164313061619705 -0.093707371684205204 0.41482890164816233 0.073406774059403698 -0.33768753475613067 -0.17231735743429755 0.06121577122728529 0.30180690533974591 -0.30820109218157632 0.58825466787585856 -0.20657248502147607 0.05557712391018868 0.39343025727818409 -0.19208541070256616 -0.090092317128760951 0.30810153130126966 0.69164134926783549 0.062844272093339412 0.85396774490674332 0.18373185215574322 0.022317881882190707 0.51470820084214208 0.26442386525648615
leaf_weight=4818 145 22 9549 78 57 130 41 53 72 83 80 27 342 1184 34 185 52 29 192 24 128 144 207 24 22 30 33 48 32 135
leaf_count=4818 145 22 9549 78 57 130 41 53 72 83 80 27 342 1184 34 185 52 29 192 24 128 144 207 24 22 30 33 48 32 135
internal_value=9.40215e-12 0.0097692 0.000108531 0.0385239 0.0479147 0.0327647 0.0466571 -0.108864 -0.315342 0.0223975 0.0536199 0.299374 -0.0574673 0.0213056 -0.136733 -0.192999 0.0676242 0.303687 -0.0144405 -0.139887 -0.273022 -0.0210177 0.214675 0.235404 0.455055 0.531414 -0.0509069 0.0795278 0.219274 0.32891
internal_weight=18000 13182 9867 3315 3170 2933 2671 262 125 2334 1678 195 656 1483 299 265 314 81 233 318 150 168 337 237 135 113 60 137 80 159
internal_count=18000 13182 9867 3315 3170 2933 2671 262 125 2334 1678 195 656 1483 299 265 314 81 233 318 150 168 337 237 135 113 60 137 80 159
is_linear=0
shrinkage=0.1


Tree=59
num_leaves=31
num_cat=0
split_feature=0 2 2 2 2 5 2 5 4 2 2 6 2 2 2 2 2 5 6 2 6 5 2 8 5 0 5 2 0 5
split_gain=415.893 387.319 288.319 439.086 406.293 793.89 1015.74 894.567 1934.4 954.38 572.592 960.242 837.793 650.884 654.163 1032.9 734.884 625.06 542.773 436.601 1387.39 1285.14 762.64 435.838 482.826 620.689 538.898 428.21 415.748 415.573
threshold=1357.5000000000002 6287.0000000000009 3516.5000000000005 3982.5000000000005 185.50000000000003 184.50000000000003 34.500000000000007 136.50000000000003 20.500000000000004 25.500000000000004 435.50000000000006 76526.500000000015 728.50000000000011 1218.5000000000002 1914.5000000000002 2279.5000000000005 1605.5000000000002 230.50000000000003 90639.000000000015 139.50000000000003 10296.000000000002 25.500000000000004 42.500000000000007 1785.5000000000002 16.500000000000004 750.00000000000011 31.500000000000004 85.500000000000014 750.00000000000011 212.50000000000003
decision_type=2 2 2 2 2 2 2 2 2 2 2 2 2 2 2 2 2 2 2 2 2 2 2 2 2 2 2 2 2 2
left_child=1 2 4 -4 5 7 -7 8 23 -9 11 -6 18 -14 16 -16 29 28 -12 21 -21 22 -10 24 25 -1 -26 -24 -18 -15
right_child=-2 -3 3 -5 10 6 -8 9 19 -11 12 -13 13 14 15 -17 17 -19 -20 20 -22 -23 27 -25 26 -27 -28 -29 -30 -31
leaf_value=0.082330186824713436 0.025022122816233346 -0.15658433234573088 0.11053970448253021 -0.0026026190717072777 -0.1402452936194519 -0.024936554185342324 -0.31865144981278315 0.17755746894592439 0.38712526620962684 -0.18305162407390507 0.093345577385328171 0.19667672214147291 -0.093653073968051004 -0.04153246904484334 -0.14250488442570614 -0.003965036804244146 0.067539642723190976 -0.25336362048983574 -0.33318011300608275 0.6781974794658816 -0.10290637862037968 0.35392139171146686 -0.24953109237187088 -0.078312003444491851 0.23850199665192148 -0.25624374327334493 0.011206985346536904 0.053121037016152055 0.23236644968775841 0.16862021430377971
leaf_weight=98 4852 176 497 1107 772 921 135 634 39 83 794 95 1267 838 743 1952 324 42 31 59 37 162 94 1103 142 121 393 93 290 106
leaf_count=98 4852 176 497 1107 772 921 135 634 39 83 794 95 1267 838 743 1952 324 42 31 59 37 162 94 1103 142 121 393 93 290 106
internal_value=6.99416e-11 -0.0092339 -0.0072347 0.0324546 -0.0128348 0.0122687 -0.0624853 0.0380831 0.00815034 0.135813 -0.0270719 -0.103328 -0.0167205 -0.0306692 -0.0120893 -0.0421599 0.0385609 0.11986 0.0773186 0.186206 0.377147 0.138963 -0.0151229 -0.0382572 0.0203375 -0.104736 0.0715358 -0.0990143 0.145389 -0.0179348
internal_weight=18000 13148 12972 1604 11368 4114 1056 3058 2341 717 7254 867 6387 5562 4295 2695 1600 656 825 484 96 388 226 1857 754 219 535 187 614 944
internal_count=18000 13148 12972 1604 11368 4114 1056 3058 2341 717 7254 867 6387 5562 4295 2695 1600 656 825 484 96 388 226 1857 754 219 535 187 614 944
is_linear=0
shrinkage=0.1


Tree=60
num_leaves=31
num_cat=0
split_feature=0 5 6 8 0 6 7 8 0 3 0 1 2 2 2 2 2 2 2 0 2 2 2 3 0 2 2 2 0 0
split_gain=376.569 340.019 368.972 329.159 752.391 358.473 507.907 538.426 641.074 476.969 807.001 739.551 320.737 1536.56 895.082 1012.33 903.645 679.657 1256.93 780.984 710.684 635.969 634.332 733.676 894.36 1234.96 700.546 605.482 751.072 479.775
threshold=285.00000000000006 1.0000000180025095e-35 2843.0000000000005 1069.5000000000002 1665.0000000000002 33601.500000000007 286.78045817083006 1607.5000000000002 1357.5000000000002 30.319005373862421 1200.0000000000002 9.5000000000000018 261.50000000000006 139.50000000000003 523.50000000000011 892.50000000000011 382.50000000000006 1713.0000000000002 1976.5000000000002 1515.0000000000002 2398.5000000000005 435.50000000000006 1406.5000000000002 260.1280635273061 1515.0000000000002 1024.5000000000002 1452.5000000000002 2091.5000000000005 1665.0000000000002 1050.0000000000002
decision_type=2 2 2 2 2 2 2 2 2 2 2 2 2 2 2 2 2 2 2 2 2 2 2 2 2 2 2 2 2 2
left_child=-1 12 -3 4 -4 -5 9 8 -8 -7 -11 -12 13 -2 16 -16 29 22 19 -19 27 -18 23 24 25 -17 -24 -20 -29 -14
right_child=1 2 3 5 -6 6 7 -9 -10 10 11 -13 14 -15 15 17 21 18 20 -21 -22 -23 26 -25 -26 -27 -28 28 -30 -31
leaf_value=-0.046180536924369867 -0.048829842204533853 -0.098013358164259545 0.043864158023705434 -0.030661605435393719 0.50786208961355062 0.049008099156720886 0.087411451658581274 0.0075717942625235339 0.5802394803832559 -0.036081214994192125 -1.0192948272694713 -0.18783860206604006 -0.13318354130985782 0.31797860084972041 0.18143966203355255 -0.3251927075867096 -0.53951455583960262 0.36976260355966434 0.095841105608713062 -0.048318420648574834 0.048840629088526044 -0.13713591831025257 -0.51760850268602376 -0.24240004367062024 0.34935845516643727 0.10132481698953621 -0.10901331043734404 -0.24693630818679579 0.30109391574348726 0.20166167499846779
leaf_weight=1608 268 402 435 3496 38 58 118 7619 34 48 23 20 92 199 414 92 68 175 105 60 1439 93 50 98 86 259 261 234 28 80
leaf_count=1608 268 402 435 3496 38 58 118 7619 34 48 23 20 92 199 414 92 68 175 105 60 1439 93 50 98 86 259 261 234 28 80
internal_value=2.26073e-10 0.00453016 -0.00378915 -0.00060317 0.0811409 -0.00399008 0.00778311 0.0112897 0.197649 -0.175101 -0.317939 -0.632571 0.0294637 0.107476 0.0194385 0.0352015 -0.136819 0.0142307 0.0454688 0.263019 0.0171609 -0.307085 -0.0611322 0.00488789 0.0603438 -0.010469 -0.174704 -0.107055 -0.188368 0.0225584
internal_weight=18000 16392 12291 11889 473 11416 7920 7771 152 149 91 43 4101 467 3634 3301 333 2887 2041 235 1806 161 846 535 437 351 311 367 262 172
internal_count=18000 16392 12291 11889 473 11416 7920 7771 152 149 91 43 4101 467 3634 3301 333 2887 2041 235 1806 161 846 535 437 351 311 367 262 172
is_linear=0
shrinkage=0.1


Tree=61
num_leaves=31
num_cat=0
split_feature=0 5 2 2 5 4 8 2 2 2 5 2 4 2 2 4 7 7 5 0 3 3 2 4 8 2 0 6 3 2
split_gain=307.769 231.424 1619.79 1008.96 735.464 468.118 403.261 395.897 787.145 649.41 352.314 223.688 502.617 481.666 665.55 332.243 473.329 588.371 605.237 529.769 489.883 540.146 445.989 513.222 475.984 456.909 381.182 488.059 1120.33 375.454
threshold=750.00000000000011 60.500000000000007 261.50000000000006 507.50000000000006 96.500000000000014 15.500000000000002 1514.5000000000002 892.50000000000011 1713.0000000000002 1914.5000000000002 80.500000000000014 3574.0000000000005 1614.5000000000002 3982.5000000000005 4109.0000000000009 1646.5000000000002 366.91386721458076 433.27819465647656 78.500000000000014 1665.0000000000002 726.96980187492898 812.65243012047119 2341.5000000000005 1763.5000000000002 1507.5000000000002 3422.5000000000005 1200.0000000000002 38030.500000000007 607.02315151529444 3422.5000000000005
decision_type=2 2 2 2 2 2 2 2 2 2 2 2 2 2 2 2 2 2 2 2 2 2 2 2 2 2 2 2 2 2
left_child=1 2 6 -4 5 10 -1 -5 -9 -10 -3 15 13 -13 -15 29 20 19 -19 -18 22 -22 23 -17 25 -24 -26 -28 -29 -2
right_child=11 4 3 7 -6 -7 -8 8 9 -11 -12 12 -14 14 -16 16 17 18 -20 -21 21 -23 24 -25 26 -27 27 28 -30 -31
leaf_value=0.1994108906176173 0.011395403313868398 -0.36558010443268968 -0.24750459680075282 0.093543903474626378 -0.013396430317740467 -0.070935269335837534 0.041542510234593821 -0.14108669983388775 0.23703968147175358 -0.014595125789109138 -0.10626801378143731 0.28405246418949809 0.01317306947501224 -0.35470708626158098 0.12857885267585517 -0.84106974244117749 0.070989510309910339 0.11593340587886898 -0.6102136405805747 0.56457879137992861 0.26098966603955398 -0.14827470761956649 -0.11195509192095232 -0.14114541005004536 -0.075532403398378231 0.24919982510943745 -0.82582732425494632 0.12178444722967763 -0.8112949203361165 -0.22619060364676946
leaf_weight=418 9176 120 209 281 3053 428 264 489 114 1022 93 152 1137 34 176 20 167 22 24 25 65 64 189 22 51 43 22 31 22 67
leaf_count=418 9176 120 209 281 3053 428 264 489 114 1022 93 152 1137 34 176 20 167 22 24 25 65 64 189 22 51 43 22 31 22 67
internal_value=1.08501e-10 -0.0174116 0.0042879 -0.0389256 -0.0338419 -0.131221 0.138301 -0.0160542 -0.0350062 0.010657 -0.252359 0.00982004 0.0458463 0.148469 0.0503326 0.0044251 -0.058819 0.0582988 -0.262926 0.135259 -0.111511 0.0579438 -0.16616 -0.474443 -0.129993 -0.0450169 -0.286457 -0.429885 -0.265532 0.00967321
internal_weight=18000 6491 2797 2115 3694 641 682 1906 1625 1136 213 11509 1499 362 210 10010 767 238 46 192 529 129 400 42 358 232 126 75 53 9243
internal_count=18000 6491 2797 2115 3694 641 682 1906 1625 1136 213 11509 1499 362 210 10010 767 238 46 192 529 129 400 42 358 232 126 75 53 9243
is_linear=0
shrinkage=0.1


Tree=62
num_leaves=31
num_cat=0
split_feature=0 2 5 6 8 0 4 0 3 0 7 2 2 2 2 7 5 2 5 2 0 3 2 6 5 4 5 7 6 4
split_gain=281.692 305.879 270.785 320.961 672.071 1307.25 602.168 677.328 532.607 850.146 335.809 275.602 2237.49 920.551 1340.49 622.71 588.586 1292.35 560.601 848.476 783.125 753.824 746.755 610.299 532.89 1690.99 851.752 739.767 519.821 495.179
threshold=285.00000000000006 767.50000000000011 1.0000000180025095e-35 5764.0000000000009 1069.5000000000002 1665.0000000000002 78.500000000000014 750.00000000000011 115.5041935706837 1357.5000000000002 81.569031252251719 122.50000000000001 360.50000000000006 653.50000000000011 991.50000000000011 293.93898628731205 45.500000000000007 535.50000000000011 189.50000000000003 845.50000000000011 1515.0000000000002 137.30066719717482 740.50000000000011 86614.500000000015 80.500000000000014 41.500000000000007 192.50000000000003 462.38982208191476 16284.500000000002 210.50000000000003
decision_type=2 2 2 2 2 2 2 2 2 2 2 2 2 2 2 2 2 2 2 2 2 2 2 2 2 2 2 2 2 2
left_child=1 -1 -2 6 5 -5 7 -4 9 -8 -9 24 29 16 18 -16 17 -14 20 -20 22 -22 -15 -21 25 -6 27 -26 -27 -13
right_child=2 -3 3 4 11 -7 8 10 -10 -11 -12 12 13 14 15 -17 -18 -19 19 23 21 -23 -24 -25 26 28 -28 -29 -30 -31
leaf_value=0.0072948826800928006 0.026168881699677227 -0.080212041709656845 0.056499061686382905 0.095341247935727444 -0.074104427465346775 0.93779633104801174 0.019726422816318902 -0.62748534120619304 -0.05163078038960283 0.64109741171761869 -0.22990233630948778 -0.15003645028547444 -0.60478373296333088 0.080221531744681163 -0.12074398777508669 0.017286920174887668 0.14910715076082445 0.30208164528012277 -0.47167637933183598 -0.28473448590798811 0.43750423073768618 -0.10630730522724872 -0.23566799198154667 0.27936113222556958 0.088266326442964504 0.10001195205927448 -0.030009248583717396 -0.32194325031505694 0.66508904223035026 -0.37254883873486716
leaf_weight=740 4101 868 87 233 1033 20 76 24 397 31 185 517 33 102 351 4748 572 30 108 44 50 52 281 34 1907 27 1139 45 41 124
leaf_count=740 4101 868 87 233 1033 20 76 24 397 31 185 517 33 102 351 4748 572 30 108 44 50 52 281 34 1907 27 1139 45 41 124
internal_value=-3.08717e-11 -0.0399414 0.00391812 -0.00350604 0.000757776 0.161938 -0.0647504 -0.17796 0.00173771 0.19975 -0.275558 -0.00287087 -0.01495 0.00287698 -0.00969962 0.00778528 0.117156 -0.172943 -0.142569 -0.290167 -0.0859647 0.160267 -0.151541 -0.0388467 0.017432 -0.0423078 0.0387111 0.0788097 0.44072 -0.193081
internal_weight=18000 1608 16392 12291 11491 253 800 296 504 107 209 11238 7046 6405 5770 5099 635 63 671 186 485 102 383 78 4192 1101 3091 1952 68 641
internal_count=18000 1608 16392 12291 11491 253 800 296 504 107 209 11238 7046 6405 5770 5099 635 63 671 186 485 102 383 78 4192 1101 3091 1952 68 641
is_linear=0
shrinkage=0.1


Tree=63
num_leaves=31
num_cat=0
split_feature=0 2 2 2 2 5 2 2 2 2 2 2 2 2 2 2 5 2 7 3 5 2 6 6 3 7 2 2 6 5
split_gain=253.6 322.578 236.623 425.75 580.131 336.155 1201.4 867.884 1175.97 794.317 794.223 935.856 426.519 381.74 698.857 263.001 608.875 765.973 433.083 408.508 547.179 356.606 1474.73 507.762 460.374 548.911 404.175 290.182 290.075 339.834
threshold=1357.5000000000002 6287.0000000000009 5472.5000000000009 4695.0000000000009 3685.5000000000005 59.500000000000007 4583.5000000000009 4484.0000000000009 4023.5000000000005 4109.0000000000009 4278.5000000000009 3800.5000000000005 3800.5000000000005 4278.5000000000009 4381.5000000000009 185.50000000000003 208.50000000000003 18.500000000000004 411.25807634256773 32.480062815172992 8.5000000000000018 139.50000000000003 10296.000000000002 38361.500000000007 14.003967129816902 220.60736902014486 71.500000000000014 321.50000000000006 67106.500000000015 137.50000000000003
decision_type=2 2 2 2 2 2 2 2 2 2 2 2 2 2 2 2 2 2 2 2 2 2 2 2 2 2 2 2 2 2
left_child=1 2 3 4 15 7 10 8 12 -10 11 -7 -6 -11 -15 16 18 -18 21 20 -17 23 -23 24 -1 -26 28 -22 29 -25
right_child=-2 -3 -4 -5 5 6 -8 -9 9 13 -12 -13 -14 14 -16 19 17 -19 -20 -21 27 22 -24 26 25 -27 -28 -29 -30 -31
leaf_value=-0.018011643810213165 0.019539262431536274 -0.14168339827870527 0.10752019301219716 -0.1151401552655813 0.039102064213662781 0.33289204756418866 -0.53070723905756667 0.46373171182214351 -0.55925138775379435 0.13901939439099462 0.28759476481572444 -0.1079376421429858 0.38494235674995897 -0.57535164604584377 0.076745111459777471 0.03823369818558689 -0.030830302556838704 -0.32501809306335283 -0.044385012992780415 -0.015561508135814209 -0.31528571256377741 0.57641832574174323 -0.1250960556489806 0.052334305714563337 0.029095750643561288 0.53201682243277049 -0.14966343034976634 -0.099784020972021714 0.013436658353355946 0.18131910782159852
leaf_weight=1326 4852 176 183 354 53 60 37 69 31 84 115 244 109 27 42 139 594 104 668 7061 127 58 62 343 60 34 69 123 291 505
leaf_count=1326 4852 176 183 354 53 60 37 69 31 84 115 244 109 27 42 139 594 104 668 7061 127 58 62 343 60 34 69 123 291 505
internal_value=-2.74135e-11 -0.00721056 -0.00538608 -0.00700167 -0.00392318 0.0747787 0.0155131 0.139899 0.0753201 -0.097665 0.0637473 -0.0209318 0.271797 -0.00414098 -0.178423 -0.00985101 0.0104431 -0.0746634 0.0278332 -0.0210577 -0.120823 0.0453884 0.213969 0.0376906 -0.00285149 0.211003 0.0853478 -0.209259 0.0995846 0.129147
internal_weight=18000 13148 12972 12789 12435 871 456 415 346 184 419 304 162 153 69 11564 4114 698 3416 7450 389 2748 120 2628 1420 94 1208 250 1139 848
internal_count=18000 13148 12972 12789 12435 871 456 415 346 184 419 304 162 153 69 11564 4114 698 3416 7450 389 2748 120 2628 1420 94 1208 250 1139 848
is_linear=0
shrinkage=0.1


Tree=64
num_leaves=31
num_cat=0
split_feature=8 6 8 2 2 2 2 5 5 2 5 3 5 2 2 2 7 0 0 2 6 7 2 2 2 2 2 5 7 7
split_gain=230.42 373.711 319.038 311.658 1696.98 920.974 1199.02 751.462 717.237 667.47 609.749 665.003 828.525 489.711 2141.96 1604.99 474.661 1478.26 1373.26 707.273 590.918 504.877 469.425 1511.07 724.839 558.973 954.684 441.688 419.263 401.15
threshold=1297.5000000000002 33601.500000000007 1281.5000000000002 85.500000000000014 307.50000000000006 653.50000000000011 877.50000000000011 97.500000000000014 142.50000000000003 767.50000000000011 192.50000000000003 4.4984562605386751 131.50000000000003 1782.5000000000002 1560.0000000000002 2153.5000000000005 387.27477560609907 1515.0000000000002 1665.0000000000002 1232.5000000000002 69364.000000000015 380.27617823060393 4532.5000000000009 4278.5000000000009 5081.5000000000009 3834.0000000000005 3618.0000000000005 103.50000000000001 453.5135925223509 329.03953657105859
decision_type=2 2 2 2 2 2 2 2 2 2 2 2 2 2 2 2 2 2 2 2 2 2 2 2 2 2 2 2 2 2
left_child=2 -2 -1 10 -5 7 8 -6 9 -7 11 12 28 14 16 27 18 -18 21 -19 -20 -8 23 25 -24 26 -17 -15 -3 -29
right_child=1 3 -4 4 5 6 13 -9 -10 -11 -12 -13 -14 15 -16 22 17 19 20 -21 -22 -23 24 -25 -26 -27 -28 29 -30 -31
leaf_value=0.014375627908025233 -0.036083593979281542 -0.0066145707408188066 0.31298169512301688 -0.18549287536455214 -0.34050730719710842 0.26195864575947153 0.012109801148843653 0.15049879681252712 -0.27460642373308025 -0.25454767369876874 -0.027010766393273752 0.50218635815031387 0.11037806526027157 0.1149168606508862 0.29019019844053645 0.013648168912919348 -0.024412282546492001 0.78576774323308796 -0.26125565402209761 0.17153709313195004 -0.8810108990669252 -0.31983669839799406 -0.22947103079257453 0.39815722473473714 0.024625075522670365 -0.12502922394259039 0.28940759174039832 -0.45298384925530799 -0.31831857626852783 -0.17769660187308878
leaf_weight=5867 3388 697 36 507 33 58 548 562 255 44 1208 34 1116 44 302 1391 285 37 40 38 25 50 182 110 293 242 138 62 46 362
leaf_count=5867 3388 697 36 507 33 58 548 562 255 44 1208 34 1116 44 302 1391 285 37 40 38 25 50 182 110 293 242 138 62 46 362
internal_value=-3.33949e-10 -0.00790354 0.0161967 0.00305914 -0.0110079 0.00633458 -0.00910583 0.123267 -0.184961 0.039152 0.0284986 0.0639214 0.0559058 0.00602561 0.0561816 -0.0175072 -0.0129001 0.0795398 -0.0630938 0.474558 -0.499623 -0.0156449 0.0160927 0.0385237 -0.0727339 0.0161862 0.0385369 -0.186656 -0.0259125 -0.217951
internal_weight=18000 12097 5903 8709 5608 5101 4506 595 357 102 3101 1893 1859 4149 1325 2824 1023 360 663 75 65 598 2356 1881 475 1771 1529 468 743 424
internal_count=18000 12097 5903 8709 5608 5101 4506 595 357 102 3101 1893 1859 4149 1325 2824 1023 360 663 75 65 598 2356 1881 475 1771 1529 468 743 424
is_linear=0
shrinkage=0.1


Tree=65
num_leaves=31
num_cat=0
split_feature=0 1 1 4 3 6 1 2 7 3 3 3 5 4 2 7 7 6 5 6 6 7 8 6 1 1 4 3 6 3
split_gain=225.448 393.304 604.173 599.248 360.812 915.023 872.076 1563.16 620.772 732.754 536.637 1027.62 880.932 558.899 743.56 523.189 609.467 515.018 810.248 644.178 765.971 500.975 732.685 663.45 477.232 452.845 429.786 505.643 437.693 854.853
threshold=1665.0000000000002 15.500000000000002 14.500000000000002 914.50000000000011 159.94676313517212 89303.000000000015 3.5000000000000004 270.50000000000006 376.71238428739463 68.027153603793678 185.85328718797297 193.42928633858341 31.500000000000004 619.50000000000011 1161.5000000000002 453.5135925223509 427.92909858251045 55656.000000000007 121.50000000000001 73300.000000000015 80829.000000000015 307.18657600466463 1244.5000000000002 2513.0000000000005 9.5000000000000018 6.5000000000000009 398.50000000000006 143.90468907715652 29790.500000000004 100.46026004127272
decision_type=2 2 2 2 2 2 2 2 2 2 2 2 2 2 2 2 2 2 2 2 2 2 2 2 2 2 2 2 2 2
left_child=-1 2 4 -4 6 10 15 -8 9 -9 12 -12 -6 -13 -15 16 -2 18 21 24 -21 22 23 -16 -19 -23 28 -28 29 -11
right_child=1 -3 3 -5 5 -7 7 8 -10 26 11 13 -14 14 17 -17 -18 19 -20 20 -22 25 -24 -25 -26 -27 27 -29 -30 -31
leaf_value=-0.0035528734285878529 0.012257735833332853 0.27073596501175096 -0.6585606403350831 -0.028167178756312323 0.16786383787790937 -0.49422672755624125 1.0842058038711548 -0.36523796655237678 0.43778288074937022 0.14651233383587428 0.69490503280059157 -0.43992636295465326 -0.63912240362936457 0.61806221178599774 -0.084940670803189289 -0.385234811493466 0.47531412551800412 0.75258970427513128 -0.49075322215621536 -0.42267023607024123 0.31700671613216402 -0.22650735649195586 -0.65961361557245257 0.50707564297176544 0.18701521174327748 0.28132086224939629 -0.41840457812599513 0.24468620095563975 0.021097076252887124 0.93131729558758125
leaf_weight=16352 541 68 25 38 24 38 20 32 61 35 23 26 31 21 192 31 30 25 37 28 28 22 20 21 37 87 23 23 38 23
leaf_count=16352 541 68 25 38 24 38 20 32 61 35 23 26 31 21 192 31 30 25 37 28 28 22 20 21 37 87 23 23 38 23
internal_value=-1.46176e-11 0.0352528 0.0251181 -0.278323 0.0377198 -0.0178535 0.0805184 0.235512 0.163283 0.0670505 0.0112497 0.0401788 -0.286983 0.0124973 0.0352058 0.0148648 0.0365864 0.0105781 -0.0462227 0.193015 -0.0528318 0.00186977 -0.0809111 -0.0265729 0.415069 0.178823 0.164468 -0.0868592 0.284895 0.457728
internal_weight=18000 1648 1580 63 1517 660 857 255 235 174 622 567 55 544 518 602 571 497 379 118 56 342 233 213 62 109 142 46 96 58
internal_count=18000 1648 1580 63 1517 660 857 255 235 174 622 567 55 544 518 602 571 497 379 118 56 342 233 213 62 109 142 46 96 58
is_linear=0
shrinkage=0.1


Tree=66
num_leaves=31
num_cat=0
split_feature=0 2 5 5 2 2 2 5 5 4 2 2 2 2 2 2 6 2 2 6 2 3 3 3 2 3 3 0 0 4
split_gain=211.773 210.133 221.388 539.922 550.848 454.803 427.965 243.823 353.788 312.317 241.784 579.601 190.91 481.447 521.869 514.725 839.737 635.962 628.915 478.752 1458.32 396.299 498.735 383.499 378.27 300.823 290.565 285.137 254.547 244.376
threshold=435.00000000000006 767.50000000000011 64.500000000000014 102.50000000000001 42.500000000000007 261.50000000000006 523.50000000000011 183.50000000000003 132.50000000000003 15.500000000000002 228.50000000000003 34.500000000000007 3574.0000000000005 4695.0000000000009 5268.5000000000009 4381.5000000000009 59693.000000000007 4484.0000000000009 4023.5000000000005 61580.500000000007 4195.5000000000009 380.75656635328454 425.36181462853057 446.42639216431758 6490.0000000000009 692.6890501824065 622.85742820417124 1515.0000000000002 1665.0000000000002 1628.5000000000002
decision_type=2 2 2 2 2 2 2 2 2 2 2 2 2 2 2 2 2 2 2 2 2 2 2 2 2 2 2 2 2 2
left_child=1 2 5 4 -4 -1 -7 8 -5 -10 11 -9 29 15 -15 18 -17 -18 21 -20 -21 -14 -23 -24 28 26 -25 -26 -16 -2
right_child=12 -3 3 7 -6 6 -8 10 9 -11 -12 -13 13 14 24 16 17 -19 19 20 -22 22 23 25 27 -27 -28 -29 -30 -31
leaf_value=0.12465718661942211 0.0046695621884641986 -0.0470519449968511 -0.2863300192260877 -0.054557244642008396 0.10022726969099512 -0.18393893469369316 0.098300040119405227 -0.025672686879727742 0.23342018714557364 -0.0010451371476094249 0.1089762703000911 -0.41207980394085991 0.2654956026860173 -0.11967836729366566 0.074383294045523768 0.302423474645799 0.31495865195989614 -0.38834557599491548 -0.12793167388945256 -0.28257560496911027 0.57678939569741494 -0.27797491269615981 0.46869918383084813 0.076818895139256313 -0.15088276338065043 0.37560162379823886 -0.2238316586694202 0.17878571839043589 0.3671391546726227 -0.046687028079191735
leaf_weight=347 11869 1723 133 148 51 122 96 223 146 93 76 47 126 334 297 194 20 36 265 39 40 39 26 245 128 29 37 33 33 1005
leaf_count=347 11869 1723 133 148 51 122 96 223 146 93 76 47 126 334 297 194 20 36 265 39 40 39 26 245 128 29 37 33 33 1005
internal_value=-1.20732e-10 -0.0233046 0.00430439 -0.026034 -0.179186 0.0535439 -0.0596502 0.0124108 0.0669449 0.142185 -0.0485854 -0.0929361 0.00504842 0.0344554 -0.0232463 0.0778896 0.203956 -0.137165 0.0406361 -0.0635197 0.152546 0.11201 0.0605757 0.0997551 0.042351 0.0689109 0.0373718 -0.083311 0.103659 0.000660445
internal_weight=18000 3205 1482 917 184 565 218 733 387 239 346 270 14795 1921 825 1096 250 56 846 344 79 502 376 337 491 311 282 161 330 12874
internal_count=18000 3205 1482 917 184 565 218 733 387 239 346 270 14795 1921 825 1096 250 56 846 344 79 502 376 337 491 311 282 161 330 12874
is_linear=0
shrinkage=0.1


Tree=67
num_leaves=31
num_cat=0
split_feature=8 5 5 0 2 2 2 2 2 2 2 2 2 3 0 6 7 5 5 7 7 0 5 4 3 4 0 6 7 5
split_gain=181.439 311.323 438.569 383.862 359.424 1241.65 1148.19 525.042 724.059 629.604 1551.02 1205.67 514.228 498.495 534.443 483.454 469.446 474.813 568.95 543.337 755.484 591.059 462.086 767.861 522.046 707.996 797.282 622.089 424.049 407.688
threshold=1297.5000000000002 102.50000000000001 103.50000000000001 1357.5000000000002 34.500000000000007 307.50000000000006 523.50000000000011 1056.5000000000002 698.50000000000011 1782.5000000000002 2153.5000000000005 1560.0000000000002 845.50000000000011 78.026736761164628 750.00000000000011 91459.500000000015 465.87033605282414 187.50000000000003 133.50000000000003 428.79225949560089 411.25807634256773 1200.0000000000002 116.50000000000001 87.500000000000014 65.021867643172044 131.50000000000003 1200.0000000000002 75361.000000000015 341.51161306690386 195.50000000000003
decision_type=2 2 2 2 2 2 2 2 2 2 2 2 2 2 2 2 2 2 2 2 2 2 2 2 2 2 2 2 2 2
left_child=-1 -2 3 -3 16 22 29 8 15 11 -11 -9 13 -10 -15 -8 17 18 -4 20 -20 -21 23 -6 25 -24 -27 -26 -16 -7
right_child=1 2 4 -5 5 6 7 9 12 10 -12 -13 -14 14 28 -17 -18 -19 19 21 -22 -23 24 -25 27 26 -28 -29 -30 -31
leaf_value=0.014372488491379315 -0.029714697433636202 0.099962479745348304 -0.011234396634093299 0.5955108913508329 0.58313661163503472 0.09715738998555043 0.088846776019103138 0.0048285859201858076 0.037618598670122176 -0.19346775192281002 0.015093223667610362 0.25061982041124697 -0.067780489249090692 -0.11067492956025225 -0.16209472869673083 -0.39049693566301596 -0.41834745484849684 -0.010410519977631191 0.12741657640140308 0.18057849139851684 -0.18622567189090394 0.77414180874824534 -0.14277576887276969 -0.20032194452039126 -0.12918858205278713 -0.24867935446886028 -0.80279186169959993 0.519664288092066 -0.59699917729989982 0.32587143616825343
leaf_weight=5903 4029 54 513 22 22 207 247 701 42 427 2162 279 290 62 31 23 23 1233 796 51 85 25 351 29 45 82 38 22 81 125
leaf_count=5903 4029 54 513 22 22 207 247 701 42 427 2162 279 290 62 31 23 23 1233 796 51 85 25 351 29 45 82 38 22 81 125
internal_value=-1.28264e-11 -0.00701338 0.00432322 0.243411 0.00204961 -0.0132084 0.00402346 -0.00967267 -0.0842221 0.00653645 -0.0193044 0.0748038 -0.154783 -0.271591 -0.346228 0.0480138 0.0315246 0.0353526 0.0737376 0.119287 0.097156 0.37583 -0.15004 0.137641 -0.17731 -0.214463 -0.424148 0.0838676 -0.476624 0.18327
internal_weight=18000 12097 8068 76 7992 5266 4677 4345 776 3569 2589 980 506 216 174 270 2726 2703 1470 957 881 76 589 51 538 471 120 67 112 332
internal_count=18000 12097 8068 76 7992 5266 4677 4345 776 3569 2589 980 506 216 174 270 2726 2703 1470 957 881 76 589 51 538 471 120 67 112 332
is_linear=0
shrinkage=0.1


Tree=68
num_leaves=31
num_cat=0
split_feature=0 2 5 2 6 1 4 3 2 0 6 6 0 5 0 7 2 3 4 2 4 0 3 0 6 2 2 2 5 2
split_gain=177.41 209.541 216.272 260.549 259.09 191.236 321.787 285.671 270.663 294.343 265.361 638.318 1728.74 440.869 515.821 580.995 306.131 307.026 510.633 372.37 336.156 418.714 388.341 286.137 273.113 266.981 830.85 589.036 626.056 457.637
threshold=285.00000000000006 740.50000000000011 64.500000000000014 261.50000000000006 36189.500000000007 9.5000000000000018 1628.5000000000002 421.09298325690952 4768.5000000000009 1200.0000000000002 66453.500000000015 72603.000000000015 1515.0000000000002 161.50000000000003 1200.0000000000002 333.64165580302665 863.50000000000011 100.46026004127272 307.50000000000006 1315.5000000000002 259.50000000000006 1200.0000000000002 71.365158832649044 1050.0000000000002 59351.500000000007 2110.5000000000005 2210.5000000000005 1678.5000000000002 116.50000000000001 1425.5000000000002
decision_type=2 2 2 2 2 2 2 2 2 2 2 2 2 2 2 2 2 2 2 2 2 2 2 2 2 2 2 2 2 2
left_child=1 2 3 -1 -4 -2 7 10 9 -9 13 12 -12 16 -15 -16 23 18 20 -20 22 -22 -18 -7 25 27 -27 29 -29 -19
right_child=5 -3 4 -5 -6 6 -8 8 -10 -11 11 -13 -14 14 15 -17 17 24 19 -21 21 -23 -24 -25 -26 26 -28 28 -30 -31
leaf_value=0.15195991242111759 -0.004314176027858929 -0.064572130186785801 -0.21889677634176152 -0.052575828053402843 -0.0033679008197143642 0.020094145791871208 -0.016112658738047 0.10922182024985461 -0.037791335145727946 0.40898087734525856 0.070688506802634429 0.036768755146500423 0.8841767617634364 -0.0039880914657953242 -0.033403257342676324 -0.69351405441761027 0.011057947097080094 0.096554314802684227 -0.1087282384264058 -0.62478853814579827 -0.030354054272174837 0.49556356444954874 -0.52432295368285853 0.41639277174284584 0.29106237185307043 -0.29132140705021481 0.018201609561736207 0.19815355065619686 -0.17582693566184712 -0.11994822764805019
leaf_weight=174 11133 879 65 97 393 35 1756 81 52 55 103 557 35 84 24 30 42 184 29 27 41 24 20 38 39 93 1285 366 51 208
leaf_count=174 11133 879 65 97 393 35 1756 81 52 55 103 557 35 84 24 30 42 184 29 27 41 24 20 38 39 93 1285 366 51 208
internal_value=3.6199e-11 -0.0316975 0.00794142 0.0787497 -0.0339561 0.00310942 0.0188247 0.0363383 0.156254 0.230448 0.0295377 0.0844709 0.277008 0.0149657 -0.159001 -0.400131 0.0246383 0.0185247 -0.105986 -0.357543 0.00493688 0.163831 -0.161646 0.226387 0.0287607 0.0240832 -0.00268782 0.0696833 0.152415 -0.0183246
internal_weight=18000 1608 729 271 458 16392 5259 3503 188 136 3315 695 138 2620 138 54 2482 2409 183 56 127 65 62 73 2226 2187 1378 809 417 392
internal_count=18000 1608 729 271 458 16392 5259 3503 188 136 3315 695 138 2620 138 54 2482 2409 183 56 127 65 62 73 2226 2187 1378 809 417 392
is_linear=0
shrinkage=0.1


Tree=69
num_leaves=31
num_cat=0
split_feature=0 1 1 4 2 2 3 3 1 2 1 3 3 3 3 1 4 6 6 6 6 1 2 4 5 4 5 2 2 1
split_gain=157.927 301.573 482.992 460.46 297.83 523.291 1072.71 1071.64 322.354 308.521 270.633 420.255 266.32 908.916 882.281 1547.77 765.661 707.117 619.801 578.175 1213.39 475.235 458.431 436.118 763.403 402.907 841.736 706.552 835.921 754.216
threshold=1665.0000000000002 15.500000000000002 14.500000000000002 957.50000000000011 5268.5000000000009 3008.5000000000005 397.83060871340666 530.87513410012787 13.500000000000002 4064.0000000000005 10.500000000000002 622.85742820417124 140.09074218140526 66.474087647368151 43.160745864270432 5.5000000000000009 398.50000000000006 90639.000000000015 83389.000000000015 73300.000000000015 64975.000000000007 2.5000000000000004 240.50000000000003 342.50000000000006 17.500000000000004 531.50000000000011 5.5000000000000009 1148.5000000000002 1640.5000000000002 7.5000000000000009
decision_type=2 2 2 2 2 2 2 2 2 2 2 2 2 2 2 2 2 2 2 2 2 2 2 2 2 2 2 2 2 2
left_child=-1 2 4 -4 5 8 -7 9 12 -8 11 -9 13 14 21 -16 -15 18 19 20 25 23 -23 24 -2 26 -14 -27 29 -29
right_child=1 -3 3 -5 -6 6 7 10 -10 -11 -12 -13 17 16 15 -17 -18 -19 -20 -21 -22 22 -24 -25 -26 27 -28 28 -30 -31
leaf_value=-0.0029736143030702992 -0.30391245879068535 0.23570670520558076 -0.55293828504426146 -0.0088702019623347686 0.34384872396787008 -0.59194530367851261 0.61948198825120926 0.27383685149252418 0.32665599331259731 0.12671685086356269 -0.45820343580938155 -0.3141200786636722 0.087069707470280797 0.35843380293563798 -0.81369105149060494 0.2758993303233927 -0.22881164780029883 -0.57509887692603201 0.52317536503753881 -0.37337208901132857 0.61722955165370819 0.66346934785445533 0.015219092965126038 0.4626919703050093 0.056108757843718528 0.43182956974421227 -0.71125017070770269 -0.64472938997572982 0.053624955080449579 0.062493452668190001
leaf_weight=16352 68 68 28 35 30 40 24 20 40 27 31 31 28 152 32 22 26 22 22 42 31 24 20 22 440 35 25 38 200 25
leaf_count=16352 68 68 28 35 30 40 24 20 40 27 31 31 28 152 32 22 26 22 22 42 31 24 20 22 440 35 25 38 200 25
internal_value=1.4586e-10 0.0295052 0.0206307 -0.250678 0.031898 0.0256044 -0.137885 -0.00132608 0.0471293 0.358606 -0.225186 -0.0835487 0.038353 0.0731925 0.0166566 -0.369784 0.272656 -0.0216485 0.00565177 -0.0212009 0.0175195 0.0530116 0.36881 0.0267944 0.00791694 -0.0354463 -0.289496 0.00973707 -0.0464349 -0.364085
internal_weight=18000 1648 1580 63 1517 1487 173 133 1314 51 82 51 1274 806 628 54 178 468 446 424 382 574 44 530 508 351 53 298 263 63
internal_count=18000 1648 1580 63 1517 1487 173 133 1314 51 82 51 1274 806 628 54 178 468 446 424 382 574 44 530 508 351 53 298 263 63
is_linear=0
shrinkage=0.1


Tree=70
num_leaves=31
num_cat=0
split_feature=2 0 2 2 5 2 4 0 1 2 5 6 2 2 2 6 6 0 2 2 5 7 2 6 2 2 0 3 4 2
split_gain=153.731 222.358 217.858 434.91 504.221 1057.61 547.326 708.438 292.166 291.552 679.041 405.695 388.118 595.583 352.629 1009.2 615.91 509.386 496.985 328.048 667.259 313.264 300.654 282.751 783.581 350.698 255.733 254.407 241.727 364.663
threshold=6490.0000000000009 1515.0000000000002 3685.5000000000005 3982.5000000000005 187.50000000000003 3757.5000000000005 1614.5000000000002 1515.0000000000002 12.500000000000002 4156.5000000000009 215.50000000000003 49432.500000000007 4695.0000000000009 5268.5000000000009 4381.5000000000009 63507.500000000007 66070.500000000015 1050.0000000000002 4484.0000000000009 4234.5000000000009 93.500000000000014 233.98072812981158 4278.5000000000009 19530.000000000004 3873.0000000000005 3757.5000000000005 1200.0000000000002 496.46615696241071 1646.5000000000002 2259.5000000000005
decision_type=2 2 2 2 2 2 2 2 2 2 2 2 2 2 2 2 2 2 2 2 2 2 2 2 2 2 2 2 2 2
left_child=2 -2 28 4 6 -6 26 23 -7 10 11 -5 14 -14 15 19 -16 -17 -18 20 -11 27 -23 25 -25 -8 -4 -21 -1 -30
right_child=1 -3 3 9 5 8 7 -9 -10 12 -12 -13 13 -15 16 17 18 -19 -20 21 -22 22 -24 24 -26 -27 -28 -29 29 -31
leaf_value=0.00071275522958179263 -0.13802928562809089 0.14721791148185731 0.2406635293293567 -0.13267841379750858 0.51865562195889658 -0.061059907016654813 -0.055333143472671514 -0.31302364886199174 -0.51961279303738572 0.20718080498396405 -0.64218613842413541 0.20426267385482788 -0.10701492513355038 0.067305707443350307 0.23538408533771751 0.12755977572763669 0.27316493533906483 0.73689678298390437 -0.32758946225047114 -0.18761235344409943 -0.45580009832978252 -0.31622648783798879 0.1113168399192785 0.2700214189975414 -0.42539617235843957 0.37574061170800943 0.54287711374816439 -0.6484534787095112 -0.18446867897238103 -0.024206129275331084
leaf_weight=14592 159 33 84 132 20 24 25 38 33 63 21 49 394 390 238 34 21 23 40 25 20 29 38 43 26 77 42 23 163 1101
leaf_count=14592 159 33 84 132 20 24 25 38 33 63 21 49 394 390 238 34 21 23 40 25 20 29 38 43 26 77 42 23 163 1101
internal_value=-8.26636e-11 -0.0890024 0.000959595 0.0324832 0.123741 -0.107007 0.176779 0.0775331 -0.326538 0.00806872 -0.103914 -0.0414623 0.0249749 -0.0202993 0.0890453 0.00265404 0.162723 0.373433 -0.120772 -0.104085 0.0474264 -0.213437 -0.0737392 0.164324 0.00798001 0.270085 0.341401 -0.408432 -0.00292122 -0.0448729
internal_weight=18000 192 17808 1952 412 77 335 209 57 1540 202 181 1338 784 554 255 299 57 61 198 83 115 67 171 69 102 126 48 15856 1264
internal_count=18000 192 17808 1952 412 77 335 209 57 1540 202 181 1338 784 554 255 299 57 61 198 83 115 67 171 69 102 126 48 15856 1264
is_linear=0
shrinkage=0.1


Tree=71
num_leaves=31
num_cat=0
split_feature=0 5 2 2 5 1 2 2 2 7 2 2 5 2 2 2 2 1 8 2 5 2 2 7 6 0 5 4 5 5
split_gain=146.323 142.179 1141.1 735.659 516.647 713.12 254.403 605.683 532.777 216.624 184.346 381.354 223.855 173.861 207.085 166.413 158.654 135.482 212.229 124.487 120.827 360.594 436.774 399.702 354.75 290.722 202.472 161.052 154.587 344.71
threshold=750.00000000000011 63.500000000000007 261.50000000000006 477.50000000000006 80.500000000000014 1.0000000180025095e-35 892.50000000000011 1713.0000000000002 1914.5000000000002 332.35829955425089 139.50000000000003 42.500000000000007 1.0000000180025095e-35 1024.5000000000002 1659.5000000000002 350.50000000000006 185.50000000000003 1.0000000180025095e-35 2008.5000000000002 2715.5000000000005 250.50000000000003 2046.5000000000002 653.50000000000011 363.95002265896562 97633.000000000015 1357.5000000000002 252.50000000000003 1533.5000000000002 245.50000000000003 243.50000000000003
decision_type=2 2 2 2 2 2 2 2 2 2 2 2 2 2 2 2 2 2 2 2 2 2 2 2 2 2 2 2 2 2
left_child=1 2 9 15 5 -3 -5 13 -9 10 11 12 -1 -8 -15 -4 -12 -11 -19 -10 24 22 26 -24 28 -26 -22 -23 29 -2
right_child=20 4 3 6 -6 -7 7 8 19 17 16 -13 -14 14 -16 -17 -18 18 -20 -21 21 27 23 -25 25 -27 -28 -29 -30 -31
leaf_value=0.48227809568246205 0.0067621571787337444 -0.35301916704428471 -0.11787269695900207 0.070679094215519114 -0.013576708927210426 -0.036305202716331357 -0.27245977864120946 0.2142051658312116 -0.05989949937178464 0.078406618687055882 0.46157533083901259 -0.050314702093601227 0.15981313825170532 -0.078317026523202937 -0.34278501697117464 -0.30672514650459387 0.18938779703906328 -0.34309162518807823 0.092213521401087448 0.013188864154259121 -0.22521752744085261 0.32873223555088044 -0.11400515794754029 -0.73865316056069874 0.081890600980367767 0.51633734495068595 0.079831823814998981 -0.012402651194603213 0.11040322919126969 -0.22245590316526817
leaf_weight=24 11046 110 86 305 3344 201 66 116 354 236 33 89 209 396 32 102 61 21 24 682 36 25 20 21 43 24 55 31 142 66
leaf_count=24 11046 110 86 305 3344 201 66 116 354 236 33 89 209 396 32 102 61 21 24 682 36 25 20 21 43 24 55 31 142 66
internal_value=-8.95525e-12 -0.0120056 0.00479608 -0.0314131 -0.0250424 -0.148326 -0.0132085 -0.0287526 0.0109706 0.115917 0.161736 0.125769 0.193028 -0.121387 -0.0980903 -0.220335 0.284943 0.048086 -0.110929 -0.0117853 0.00677107 -0.0727398 -0.162946 -0.433947 0.00809145 0.237513 -0.040847 0.13989 0.0067256 0.00540071
internal_weight=18000 6491 2836 2139 3655 311 1951 1646 1152 697 416 322 233 494 428 188 94 281 45 1036 11509 188 132 41 11321 67 91 56 11254 11112
internal_count=18000 6491 2836 2139 3655 311 1951 1646 1152 697 416 322 233 494 428 188 94 281 45 1036 11509 188 132 41 11321 67 91 56 11254 11112
is_linear=0
shrinkage=0.1


Tree=72
num_leaves=31
num_cat=0
split_feature=7 7 0 2 6 7 7 0 5 6 6 3 2 3 2 3 0 6 0 3 0 2 8 5 0 2 0 2 6 2
split_gain=139.846 283.402 407.168 982.454 285.626 241.972 229.783 748.655 344.32 297.348 227.088 209.261 326.277 723.539 513.49 596.244 1489.55 584.065 519.971 639.385 610.071 580.037 1639.62 836.395 515.278 365.098 641.839 656.777 399.563 398.076
threshold=400.98743951085766 404.99808768629447 1357.5000000000002 1976.5000000000002 47666.000000000007 403.04234650532067 412.83896821025616 1665.0000000000002 131.50000000000003 28943.500000000004 32891.000000000007 548.1014772050579 1640.5000000000002 153.05637575361467 1914.5000000000002 369.57751685329669 1357.5000000000002 72603.000000000015 1515.0000000000002 218.20687861012894 1665.0000000000002 1730.5000000000002 1643.5000000000002 95.500000000000014 750.00000000000011 2614.5000000000005 1515.0000000000002 2542.5000000000005 73300.000000000015 2669.5000000000005
decision_type=2 2 2 2 2 2 2 2 2 2 2 2 2 2 2 2 2 2 2 2 2 2 2 2 2 2 2 2 2 2
left_child=11 2 4 5 10 -4 7 9 -9 -3 -2 12 13 -1 15 17 -17 18 21 20 -20 22 -14 24 -23 26 -16 28 -28 -27
right_child=1 6 3 -5 -6 -7 -8 8 -10 -11 -12 -13 14 -15 25 16 -18 -19 19 -21 -22 23 -24 -25 -26 29 27 -29 -30 -31
leaf_value=0.010870487484437833 -0.017408034657128157 0.18737657654938508 -0.32136775838477272 0.27956089797345074 0.042294986252983419 -0.7157701956374305 -0.022112276535231928 0.14111902590679087 0.67228291172247667 -0.022726412176620216 -0.3484416436144086 -0.028416370220626864 -0.2788143077002066 -0.06426238976935543 -0.060029007479145649 0.067517968406111503 0.94279112528110387 -0.17979179843292609 -0.62615444577973467 0.22803102409517445 0.034391774071587458 0.18896925791221508 0.4231431018902056 -0.067359158396720895 0.52622645786128097 0.23034650025854134 0.22316112576988695 -0.42969096183776856 -0.15337889411232689 0.031760303037137623
leaf_weight=7294 40 81 35 22 150 28 2419 23 26 400 43 1740 82 1555 1041 59 29 77 29 37 27 85 56 58 97 106 193 20 33 2115
leaf_count=7294 40 81 35 22 150 28 2419 23 26 400 43 1740 82 1555 1041 59 29 77 29 37 27 85 56 58 97 106 193 20 33 2115
internal_value=-1.60681e-11 -0.018718 -0.108409 -0.295754 -0.0400647 -0.496658 -0.00904631 0.0505887 0.422961 0.0126548 -0.188907 0.00415066 0.00851198 -0.00233232 0.0316687 0.11434 0.35596 0.0755402 0.117282 -0.0945457 -0.307677 0.169399 0.00603797 0.263331 0.368716 0.0166803 -0.0256996 0.119572 0.16818 0.0412381
internal_weight=18000 3267 318 85 233 63 2949 530 49 481 83 14733 12993 8849 4144 636 88 548 471 93 56 378 138 240 182 3508 1287 246 226 2221
internal_count=18000 3267 318 85 233 63 2949 530 49 481 83 14733 12993 8849 4144 636 88 548 471 93 56 378 138 240 182 3508 1287 246 226 2221
is_linear=0
shrinkage=0.1


Tree=73
num_leaves=31
num_cat=0
split_feature=0 2 5 5 5 2 4 2 2 2 2 5 2 2 7 0 4 6 7 2 4 4 0 3 7 7 7 2 3 2
split_gain=127.038 156.934 172.834 210.151 271.936 328.634 218.632 167.103 143.678 788.753 566.45 832.032 1218.1 573.146 702.823 1017.7 872.939 559.295 668.84 1255.13 504.945 491.833 408.417 398.442 423.208 536.323 394.949 433.154 393.646 391.325
threshold=285.00000000000006 740.50000000000011 184.50000000000003 136.50000000000003 64.500000000000014 18.500000000000004 10.500000000000002 261.50000000000006 1438.5000000000002 1425.5000000000002 1880.5000000000002 40.500000000000007 1713.0000000000002 2279.5000000000005 408.10817630577225 1665.0000000000002 653.50000000000011 87008.500000000015 291.8542756287315 2091.5000000000005 920.50000000000011 327.50000000000006 1050.0000000000002 149.75506500909427 312.95898087321592 314.1165048728862 419.60006778445228 2046.5000000000002 485.95080460366017 653.50000000000011
decision_type=2 2 2 2 2 2 2 2 2 2 2 2 2 2 2 2 2 2 2 2 2 2 2 2 2 2 2 2 2 2
left_child=1 2 3 4 7 -6 -5 -1 9 23 11 12 -10 14 15 17 -17 18 19 -12 -18 -13 -16 24 29 -26 -24 -28 -22 -2
right_child=8 -3 -4 6 5 -7 -8 -9 10 -11 13 21 -14 -15 22 16 20 -19 -20 -21 28 -23 26 -25 25 -27 27 -29 -30 -31
leaf_value=0.12492234621239805 0.017642738755737627 -0.055272924746198639 -0.078505794357739939 0.28280527669816252 -0.19773413731293246 0.093209573403000845 0.00017096653428612924 -0.038878716400718875 -0.12647850475041197 -0.41402671434520255 0.16440289945071826 -0.25410534184554529 0.19216504412201735 0.015406220688462081 -0.11175265990377191 0.80032881796360023 -0.25872425270080568 0.26613011408121662 -0.18623062140074856 -0.1966687936852021 0.57711677625775337 0.16677590708856821 -0.79030757769942284 -0.053258530081991697 -0.40642685960320862 -0.0080242963958416964 0.064013123228436428 -0.53233170087995196 -0.023584942221641543 0.1113296043024295
leaf_weight=174 1973 879 177 62 110 60 49 97 352 47 214 29 182 4671 83 24 25 47 367 175 24 652 22 1367 34 5458 21 29 20 576
leaf_count=174 1973 879 177 62 110 60 49 97 352 47 214 29 182 4671 83 24 25 47 367 175 24 652 22 1367 34 5458 21 29 20 576
internal_value=6.00916e-11 -0.0268228 0.00748128 0.0350532 0.00409767 -0.0950481 0.158039 0.0662924 0.00263123 -0.00538803 0.0135613 0.075574 -0.0178771 0.000393643 -0.0663273 -0.0323152 0.280848 -0.0685845 -0.0893935 0.00196705 0.100159 0.148853 -0.262939 -0.00334657 0.00513865 -0.0104907 -0.437224 -0.281867 0.304071 0.0388133
internal_weight=18000 1608 729 552 441 170 111 271 16392 9455 6937 1215 534 5722 1051 896 93 803 756 389 69 681 155 9408 8041 5492 72 50 44 2549
internal_count=18000 1608 729 552 441 170 111 271 16392 9455 6937 1215 534 5722 1051 896 93 803 756 389 69 681 155 9408 8041 5492 72 50 44 2549
is_linear=0
shrinkage=0.1


Tree=74
num_leaves=31
num_cat=0
split_feature=2 2 2 2 6 2 0 0 0 3 0 5 2 2 2 2 7 2 2 0 7 2 2 2 6 0 0 5 2 2
split_gain=125.878 181.605 300.235 624.552 497.425 515.145 183.77 172.464 162.536 200.666 176.87 169.075 371.129 189.867 126.271 519.487 521.638 472.217 361.202 643.729 354.352 672.721 840.288 516.094 373.876 288.943 265.524 253.053 461.7 443.578
threshold=6490.0000000000009 5472.5000000000009 4695.0000000000009 4381.5000000000009 53459.000000000007 4484.0000000000009 1050.0000000000002 1515.0000000000002 1200.0000000000002 489.62661620188879 1515.0000000000002 52.500000000000007 4532.5000000000009 4484.0000000000009 4023.5000000000005 3717.5000000000005 310.76126262212478 3800.5000000000005 3915.5000000000005 1357.5000000000002 220.60736902014486 4109.0000000000009 4278.5000000000009 4278.5000000000009 48102.000000000007 1050.0000000000002 1357.5000000000002 192.50000000000003 3873.0000000000005 3915.5000000000005
decision_type=2 2 2 2 2 2 2 2 2 2 2 2 2 2 2 2 2 2 2 2 2 2 2 2 2 2 2 2 2 2
left_child=1 2 3 14 8 -6 -3 -2 11 -10 -11 13 -13 -5 15 -1 18 -18 19 25 21 -16 -23 -22 -25 -17 -20 28 -19 -29
right_child=7 6 -4 4 5 -7 -8 -9 9 10 -12 12 -14 -15 20 16 17 27 26 -21 23 22 -24 24 -26 -27 -28 29 -30 -31
leaf_value=-0.0022585359100739302 -0.12371441619968593 0.012174503649858868 -0.077365429963893881 0.051351623375500956 0.27802275885586386 -0.26403210222721102 0.17341221203365603 0.12750015475533225 0.58864540349353445 0.40167954889210788 0.071726326574571439 0.26860495970274012 -0.30001807971434163 0.35036397799849511 -0.5617916941642761 0.13262063468235635 0.25803408853966614 0.2935922731694422 0.28838045940451001 -0.32984499434630077 -0.067800671722330355 0.11770569771062583 -0.46976211730922968 -0.020700578657644138 0.46087561790880405 0.51965765016419552 0.71752182642618823 -0.52382017632148103 -0.12571401692488615 0.092791457325220109
leaf_weight=15908 159 170 493 35 27 50 121 33 22 33 32 24 22 54 35 62 58 38 46 24 191 80 35 28 38 28 21 28 85 20
leaf_count=15908 159 170 493 35 27 50 121 33 22 33 32 24 22 54 35 62 58 38 46 24 191 80 35 28 38 28 21 28 85 20
internal_value=-2.41711e-11 0.000868322 -0.000433262 0.00179463 0.145047 -0.0739609 0.0792184 -0.0805369 0.221009 0.327596 0.239241 0.152319 -0.00334519 0.232775 -0.000766353 0.000605892 0.111746 0.0114657 0.238619 0.130321 -0.0557843 -0.17792 -0.0610889 0.0155009 0.256571 0.253032 0.422887 -0.0721656 0.00382776 -0.266899
internal_weight=18000 17808 17517 17024 299 77 291 192 222 87 65 135 46 89 16725 16318 410 229 181 114 407 150 115 257 66 90 67 171 123 48
internal_count=18000 17808 17517 17024 299 77 291 192 222 87 65 135 46 89 16725 16318 410 229 181 114 407 150 115 257 66 90 67 171 123 48
is_linear=0
shrinkage=0.1


Tree=75
num_leaves=31
num_cat=0
split_feature=0 6 5 2 2 2 2 8 5 4 5 2 2 2 5 2 2 5 2 2 2 2 2 2 2 2 2 6 0 2
split_gain=102.97 118.829 189.707 460.587 410.804 160.167 391.497 268.634 160.142 275.992 195.63 145.228 143.713 121.862 121.345 119.95 566.856 108.754 323.032 624.412 451.68 449.551 750.047 688.728 516.871 428.762 364.595 306.694 302.062 324.164
threshold=435.00000000000006 46498.500000000007 64.500000000000014 261.50000000000006 10.500000000000002 105.50000000000001 61.500000000000007 225.50000000000003 171.50000000000003 37.500000000000007 136.50000000000003 493.50000000000006 139.50000000000003 767.50000000000011 80.500000000000014 219.00000000000003 34.500000000000007 1.0000000180025095e-35 85.500000000000014 261.50000000000006 52.500000000000007 523.50000000000011 382.50000000000006 905.50000000000011 435.50000000000006 1024.5000000000002 663.50000000000011 2843.0000000000005 1515.0000000000002 321.50000000000006
decision_type=2 2 2 2 2 2 2 2 2 2 2 2 2 2 2 2 2 2 2 2 2 2 2 2 2 2 2 2 2 2
left_child=1 2 3 5 14 6 7 -1 9 10 -3 -5 -6 -13 -4 16 -10 18 20 -20 -2 22 28 26 -24 -25 -23 -19 29 -21
right_child=17 8 4 11 12 -7 -8 -9 15 -11 -12 13 -14 -15 -16 -17 -18 27 19 21 -22 23 24 25 -26 -27 -28 -29 -30 -31
leaf_value=0.44472481966018673 0.013257776455271361 0.00037307034493709097 -0.33297568558213803 -0.15422856003460433 0.22677614478902386 0.22075036399894291 -0.30116802092109407 0.062427559640619593 -0.0084524471977202916 -0.0025546030924030083 0.24272625137550327 0.067123817132973884 -0.036567042019649956 -0.04535605494792861 -0.15242505969252185 0.011038445530060529 -0.38328627832233908 -0.091714493135773262 0.17325878325922642 -0.19472943791853531 -0.32629464147612453 0.028190584330750793 -0.49764223586199646 -0.20022699776844882 -0.1085196138440091 0.014024411136698393 0.22882162336405223 0.001622710084121747 0.3522098826037513 0.1312598801370877
leaf_weight=20 101 49 52 109 22 72 28 227 253 274 104 109 357 828 131 522 48 364 262 56 64 149 59 97 81 2520 231 10717 27 67
leaf_count=20 101 49 52 109 22 72 28 227 253 274 104 109 357 828 131 522 48 364 262 56 64 149 59 97 81 2520 231 10717 27 67
internal_value=4.09701e-11 -0.0162504 -0.0316471 -0.011861 -0.08069 0.0879737 0.0532104 0.0933828 0.00783017 0.0575219 0.16511 -0.0449801 -0.0212806 -0.0322714 -0.203729 -0.0179516 -0.0682266 0.00352027 0.0183295 0.0246886 -0.118447 0.0128463 -0.106041 0.0243502 -0.272507 0.00608311 0.150153 -0.00144333 0.0493282 -0.017158
internal_weight=18000 3205 1955 1393 562 347 275 247 1250 427 153 1046 379 937 183 823 301 14795 3714 3549 165 3287 290 2997 140 2617 380 11081 150 123
internal_count=18000 3205 1955 1393 562 347 275 247 1250 427 153 1046 379 937 183 823 301 14795 3714 3549 165 3287 290 2997 140 2617 380 11081 150 123
is_linear=0
shrinkage=0.1


Tree=76
num_leaves=31
num_cat=0
split_feature=2 2 2 2 5 0 5 2 2 3 3 1 0 0 3 4 2 5 3 0 5 3 4 5 0 2 2 4 2 2
split_gain=101.024 147.695 242.86 506.794 447.35 247.882 244.332 552.96 153.045 151.455 243.791 154.034 147.46 138.818 122.178 119.349 265.78 377.262 334.211 305.742 683.36 615.231 416.247 873.752 293.915 282.029 216.238 370.901 249.842 720.632
threshold=6490.0000000000009 5472.5000000000009 4695.0000000000009 4381.5000000000009 222.50000000000003 1200.0000000000002 52.500000000000007 4532.5000000000009 4484.0000000000009 489.62661620188879 540.60257072252216 10.500000000000002 1050.0000000000002 1515.0000000000002 518.38214920007806 1628.5000000000002 2341.5000000000005 170.50000000000003 706.51231816045549 1665.0000000000002 17.500000000000004 559.32607281732101 2004.5000000000002 119.50000000000001 1665.0000000000002 2153.5000000000005 2614.5000000000005 1577.5000000000002 1976.5000000000002 1640.5000000000002
decision_type=2 2 2 2 2 2 2 2 2 2 2 2 2 2 2 2 2 2 2 2 2 2 2 2 2 2 2 2 2 2
left_child=1 2 3 15 5 6 8 -8 -5 -7 -11 -12 -3 -2 -14 26 17 -17 19 -18 21 -21 -22 -24 -20 -19 27 28 29 -1
right_child=13 12 -4 4 -6 9 7 -9 -10 10 11 -13 14 -15 -16 16 18 25 24 20 22 -23 23 -25 -26 -27 -28 -29 -30 -31
leaf_value=-0.0051093372609893389 -0.1108867875569787 0.011379168332444832 -0.069587895659914967 0.047232184282370977 -0.29306957345941792 0.5042159452438354 0.21021565649172536 -0.29816292464733124 0.31568827620121065 -0.027897937710468584 0.18099226745275351 0.53231119364500046 0.35272290305793286 0.11449489701877942 0.10453331504637997 -0.19708616246442712 -0.01546796158356209 -0.081727566366845916 0.062892675775807233 -0.1527837673823039 -0.34712442557017009 -0.90375790476799023 0.65741082859181221 -0.24438331939957361 0.43917471170425415 0.38050401156598873 0.037609311199735318 0.34365464275883095 -0.043424664865961492 0.087240582076741055
leaf_weight=11040 159 170 493 35 23 25 46 40 54 26 26 24 25 33 96 175 1264 33 213 24 21 20 21 22 23 22 1551 31 1350 915
leaf_count=11040 159 170 493 35 23 25 46 40 54 26 26 24 25 33 96 175 1264 33 213 24 21 20 21 22 23 22 1551 31 1350 915
internal_value=3.8228e-11 0.00077789 -0.000395905 0.00160783 0.13065 0.16596 0.093964 -0.0262395 0.210116 0.290706 0.220473 0.349625 0.0714355 -0.0721493 0.155812 -0.000699112 -0.0247403 -0.125287 -0.0103587 -0.0292667 -0.190763 -0.494136 0.017806 0.196028 0.0995642 0.103165 0.0022691 -0.00184103 -0.00264602 0.00195885
internal_weight=18000 17808 17517 17024 299 276 175 86 89 101 76 50 291 192 121 16725 1838 230 1608 1372 108 44 64 43 236 55 14887 13336 13305 11955
internal_count=18000 17808 17517 17024 299 276 175 86 89 101 76 50 291 192 121 16725 1838 230 1608 1372 108 44 64 43 236 55 14887 13336 13305 11955
is_linear=0
shrinkage=0.1


Tree=77
num_leaves=31
num_cat=0
split_feature=7 1 0 7 5 6 0 3 2 2 0 2 4 4 0 4 0 6 0 0 6 6 2 3 2 7 7 0 2 2
split_gain=91.1138 168.762 454.179 179.126 163.388 242.189 162.704 153.754 274.42 283.946 444.309 199.381 158.071 392.915 224.982 196.576 216.986 179.45 548.916 237.138 946.548 843.748 512.174 460.455 421.425 326.515 270.5 203.278 600.57 201.808
threshold=412.83896821025616 15.500000000000002 1357.5000000000002 416.00243096607318 173.50000000000003 81477.000000000015 1357.5000000000002 548.1014772050579 3186.5000000000005 3249.5000000000005 1357.5000000000002 1622.5000000000002 1577.5000000000002 1628.5000000000002 1050.0000000000002 1743.5000000000002 1200.0000000000002 88342.000000000015 1357.5000000000002 1515.0000000000002 54243.000000000007 45365.000000000007 3008.5000000000005 684.35817209854679 3335.5000000000005 350.99654568719842 363.03434296715449 1665.0000000000002 4532.5000000000009 2341.5000000000005
decision_type=2 2 2 2 2 2 2 2 2 2 2 2 2 2 2 2 2 2 2 2 2 2 2 2 2 2 2 2 2 2
left_child=7 3 -3 4 6 -6 -2 8 -1 10 -10 -9 14 -14 -13 16 -15 19 -19 29 21 23 -22 25 -25 27 -24 -21 -29 -17
right_child=1 2 -4 -5 5 -7 -8 11 9 -11 -12 12 13 15 -16 17 -18 18 -20 20 22 -23 26 24 -26 -27 -28 28 -30 -31
leaf_value=0.0015293550164575784 -0.106250258461417 0.0011386141781845401 -0.47830686898067082 -0.0042147755406374042 0.17918912977343654 -0.17626179767151673 -0.36662179939448836 0.21553064457633916 0.058025267463000053 0.037739974597992304 0.60480293812959096 0.010009681518104944 0.36163968810668362 -0.082814741495996713 -0.4422391783784736 -0.16917942855322715 -0.47254540801048278 -0.01798469809194406 -0.62291775643825531 -0.0065166916698217395 0.80154842078685773 -0.61667123942271529 0.39915826952818673 -0.0065902635029384069 0.49550751093775036 0.20617155203452478 -0.042064974953730905 -0.65727555866424858 0.052636373449455612 -0.022034604366350647
leaf_weight=12267 96 62 29 2123 41 36 32 34 42 1413 23 22 26 50 22 101 20 60 20 32 20 23 33 35 32 26 24 26 22 1208
leaf_count=12267 96 62 29 2123 41 36 32 34 42 1413 23 22 26 50 22 101 20 60 20 32 20 23 33 35 32 26 24 26 22 1208
internal_value=-4.2695e-11 -0.0180566 -0.151652 -0.0128344 -0.1021 0.0130043 -0.171343 0.00280334 0.00643395 0.0471408 0.2515 -0.0243768 -0.0289034 -0.0242178 -0.216115 -0.0300101 -0.194166 -0.0230962 -0.169218 -0.0157069 0.0690716 -0.0476382 0.366151 0.0280135 0.233218 -0.101691 0.21338 -0.201746 -0.331899 -0.033388
internal_weight=18000 2419 91 2328 205 77 128 15581 13745 1478 65 1836 1802 1758 44 1732 70 1662 80 1582 273 196 77 173 67 106 57 80 48 1309
internal_count=18000 2419 91 2328 205 77 128 15581 13745 1478 65 1836 1802 1758 44 1732 70 1662 80 1582 273 196 77 173 67 106 57 80 48 1309
is_linear=0
shrinkage=0.1


Tree=78
num_leaves=31
num_cat=0
split_feature=0 2 5 5 5 2 4 2 2 2 2 5 2 7 4 7 4 6 2 7 0 7 2 0 6 2 4 7 5 2
split_gain=87.2842 121.486 122.281 141.534 182.239 232.89 149.968 115.21 92.1537 641.01 413.637 671.562 946.244 466.22 626.753 435.649 457.421 415.046 396.421 561.536 586.216 690.968 496.669 810.964 648.731 479.971 462.06 721.002 436.09 936.312
threshold=285.00000000000006 740.50000000000011 184.50000000000003 136.50000000000003 64.500000000000014 18.500000000000004 10.500000000000002 219.00000000000003 1438.5000000000002 1425.5000000000002 1880.5000000000002 40.500000000000007 1713.0000000000002 417.10298334137423 332.50000000000006 386.1860901041789 535.50000000000011 49874.500000000007 2279.5000000000005 314.1165048728862 1515.0000000000002 408.93808444382665 2091.5000000000005 1665.0000000000002 28943.500000000004 2190.5000000000005 1055.5000000000002 383.07984416328617 170.50000000000003 2190.5000000000005
decision_type=2 2 2 2 2 2 2 2 2 2 2 2 2 2 2 2 2 2 2 2 2 2 2 2 2 2 2 2 2 2
left_child=1 2 3 4 7 -6 -5 -1 9 -2 11 12 -10 14 -13 -16 -17 -18 19 22 28 25 24 -24 -12 26 27 -22 -21 -30
right_child=8 -3 -4 6 5 -7 -8 -9 10 -11 18 13 -14 -15 15 16 17 -19 -20 20 21 -23 23 -25 -26 -27 -28 -29 29 -31
leaf_value=0.11013398026978527 -0.0024010012345373681 -0.047264989222684906 -0.064377867589713908 0.23540355156986947 -0.16187024901536379 0.083051758284370114 0.0013222429901361466 -0.022837399222264326 -0.11574904658164914 -0.37262595974384471 0.16882819437554905 -0.38351553059541266 0.16509494569439154 0.33525931948109677 0.16819778521186696 0.26630397463838257 0.12558931929724557 -0.30390440575660227 0.01216772818862431 -0.25144536963797043 -0.14824310205876828 -0.36563626740659988 -0.15264153859875715 0.46355970706790689 -0.42484607726335527 -0.23693324089050294 0.67659084424376492 0.61714199781417856 -0.15244300916022155 0.46860911640627628
leaf_weight=162 9408 879 177 62 110 60 49 109 352 47 231 26 182 95 426 36 35 63 4671 280 32 28 194 24 20 20 24 20 149 29
leaf_count=162 9408 879 177 62 110 60 49 109 352 47 231 26 182 95 426 36 35 63 4671 280 32 28 194 24 20 20 24 20 149 29
internal_value=8.4738e-11 -0.0222333 0.00794888 0.0311406 0.00573652 -0.0754272 0.13207 0.056651 0.00218101 -0.00424136 0.0109346 0.0639265 -0.0200307 0.129761 0.0964462 0.11873 -0.0385329 -0.150514 -0.000317627 -0.0558068 -0.121423 0.0714577 0.0256191 -0.0848029 0.121523 0.198944 0.313648 0.146136 -0.173644 -0.0512604
internal_weight=18000 1608 729 552 441 170 111 271 16392 9455 6937 1215 534 681 586 560 134 98 5722 1051 582 124 469 218 251 96 76 52 458 178
internal_count=18000 1608 729 552 441 170 111 271 16392 9455 6937 1215 534 681 586 560 134 98 5722 1051 582 124 469 218 251 96 76 52 458 178
is_linear=0
shrinkage=0.1


Tree=79
num_leaves=31
num_cat=0
split_feature=8 7 2 0 3 7 1 0 7 5 0 2 3 4 1 2 7 6 8 0 8 5 1 2 0 8 4 5 7 0
split_gain=82.7602 338.227 428.248 561.3 429.574 325.877 349.21 289.546 288.626 251.529 371.257 591.69 400.172 649.237 305.063 663.834 289.813 271.887 309.162 450.192 411.926 297.095 251.84 680.94 527.944 630.226 280.641 247.285 254.72 284.47
threshold=1309.5000000000002 288.79949564091874 139.50000000000003 1200.0000000000002 115.5041935706837 301.60316038219281 7.5000000000000009 750.00000000000011 272.09871540114631 80.500000000000014 1665.0000000000002 3915.5000000000005 436.10464312737275 943.50000000000011 2.5000000000000004 1250.5000000000002 381.64677289626837 16929.000000000004 1739.5000000000002 1050.0000000000002 1897.5000000000002 42.500000000000007 1.0000000180025095e-35 185.50000000000003 1515.0000000000002 1888.5000000000002 269.50000000000006 47.500000000000007 420.54034531579566 1357.5000000000002
decision_type=2 2 2 2 2 2 2 2 2 2 2 2 2 2 2 2 2 2 2 2 2 2 2 2 2 2 2 2 2 2
left_child=-1 2 -2 -4 -5 6 7 -3 -6 10 16 12 13 14 -12 -16 17 18 21 -20 -21 -7 -19 -24 26 -26 -25 28 29 -18
right_child=1 5 3 4 8 9 -8 -9 -10 -11 11 -13 -14 -15 15 -17 27 22 19 20 -22 -23 23 24 25 -27 -28 -29 -30 -31
leaf_value=0.009661731679691787 0.037640883818108997 -0.0004869269181604255 -0.055364695588260696 -0.75103233402425595 -0.4717049929228696 -0.033569565221592032 -0.06056859576980575 0.24056527507313452 -0.078532061604566356 0.0036568163147058306 -0.10921172295836197 0.58138204569166363 -0.34797480851411822 0.62439334183931361 0.41448116516289507 -0.14634476693776938 0.057948699334023024 -0.12652766236354512 -0.11712287255518494 -0.83284037922109888 -0.28349795337670891 -0.35765836263696354 0.45337808410967551 -0.31092851453357273 0.62361133527755741 -0.10171723080717998 -0.042396844296147013 -0.060684277412453851 -0.011194579620119605 0.34178179386589264
leaf_weight=5940 152 73 153 22 33 198 99 157 43 8719 87 22 24 20 46 39 164 238 84 21 39 33 31 45 25 23 288 604 533 45
leaf_count=5940 152 73 153 22 33 198 99 157 43 8719 87 22 24 20 46 39 164 238 84 21 39 33 31 45 25 23 288 604 533 45
internal_value=-1.18317e-10 -0.00475876 -0.0948269 -0.175046 -0.361896 -0.00164497 0.0964648 0.164057 -0.249252 -0.00449438 -0.0317348 0.0873283 0.0370081 0.0851309 0.022426 0.157161 -0.0436863 -0.0837503 -0.151557 -0.266558 -0.475768 -0.079868 -0.044631 0.00267824 -0.0339929 0.276058 -0.0786849 -0.013177 0.0254947 0.119061
internal_weight=18000 12060 403 251 98 11657 329 230 76 11328 2609 238 216 192 172 85 2371 1025 375 144 60 231 650 412 381 48 333 1346 742 209
internal_count=18000 12060 403 251 98 11657 329 230 76 11328 2609 238 216 192 172 85 2371 1025 375 144 60 231 650 412 381 48 333 1346 742 209
is_linear=0
shrinkage=0.1


Tree=80
num_leaves=31
num_cat=0
split_feature=3 2 2 2 2 6 5 7 0 0 2 4 7 2 2 5 2 7 6 3 0 2 3 8 0 0 5 0 5 7
split_gain=84.354 355.572 430.201 599.452 412.969 889.761 562.944 326.412 891.404 813.316 708.22 518.444 443.585 324.756 310.978 341.378 304.453 304.393 302.451 301.65 511.009 490.992 348.363 436.816 1273.7 334.437 287.477 390.554 350.716 344.331
threshold=199.41237571210451 1438.5000000000002 1860.5000000000002 2279.5000000000005 1713.0000000000002 66788.000000000015 100.50000000000001 386.73147589959029 1515.0000000000002 1515.0000000000002 1056.5000000000002 866.50000000000011 420.54034531579566 1536.5000000000002 1640.5000000000002 176.50000000000003 1498.5000000000002 390.16951609844506 50733.000000000007 182.94357435237336 1665.0000000000002 1536.5000000000002 175.7447654945899 1510.5000000000002 1515.0000000000002 1357.5000000000002 236.50000000000003 1050.0000000000002 246.50000000000003 408.10817630577225
decision_type=2 2 2 2 2 2 2 2 2 2 2 2 2 2 2 2 2 2 2 2 2 2 2 2 2 2 2 2 2 2
left_child=19 7 4 26 6 -6 13 9 -9 -2 -11 -12 -10 -3 15 18 -17 -16 -8 22 -21 -22 -1 25 -25 -24 27 -4 -28 -29
right_child=1 2 3 -5 5 -7 14 8 12 10 11 -13 -14 -15 17 16 -18 -19 -20 20 21 -23 23 24 -26 -27 28 29 -30 -31
leaf_value=0.0047021884892741762 -0.054992323752313971 0.069551123712550511 -0.037581337337006498 0.0041629005348199494 0.26761238328316839 -0.19892303230715735 0.12316626055538656 -0.068760244178580135 0.70074909696212184 -0.0016445649787783624 -0.73473608010309821 -0.1370861291885376 0.074328914880752564 -0.17070228802517823 0.52611805027550351 -0.050175780373123979 0.39391472123955429 0.051428825450553141 -0.35537148825824261 0.048935706149763544 0.015722949057817459 0.6644526579550335 -0.081094888176341529 -0.084719185780856632 -0.90366849328080812 0.35955760329961778 0.46895376376807696 -0.1426156249256324 -0.075376023917362617 -0.43863151032063696
leaf_weight=10111 542 88 419 4882 206 51 25 167 26 36 47 21 20 156 35 26 38 22 28 402 20 28 61 91 24 24 20 310 29 45
leaf_count=10111 542 88 419 4882 206 51 25 167 26 36 47 21 20 156 35 26 38 22 28 402 20 28 61 91 24 24 20 310 29 45
internal_value=1.38724e-10 -0.00834649 -0.000214242 -0.00914626 0.0752778 0.175031 0.0139461 -0.0687466 0.0386061 -0.104143 -0.360294 -0.550168 0.428392 -0.0840535 0.151371 0.0580594 0.213503 0.342905 -0.129646 0.00561474 0.0857584 0.394149 0.00211705 -0.128574 -0.25563 0.0433246 -0.0880956 -0.102966 0.146799 -0.180139
internal_weight=18000 7239 6380 5705 675 257 418 859 213 646 104 68 46 244 174 117 64 57 53 10761 450 48 10311 200 115 85 823 774 49 355
internal_count=18000 7239 6380 5705 675 257 418 859 213 646 104 68 46 244 174 117 64 57 53 10761 450 48 10311 200 115 85 823 774 49 355
is_linear=0
shrinkage=0.1


Tree=81
num_leaves=31
num_cat=0
split_feature=2 2 2 5 2 3 0 0 3 6 4 3 3 6 0 5 5 2 2 0 7 7 1 0 2 0 2 2 7 3
split_gain=80.9634 117.262 281.363 243.502 163.765 428.804 775.818 295.289 471.616 294.217 497.549 266.912 257.526 221.322 323.903 476.161 551.217 259.955 230.906 214.605 174.172 265.88 283.315 236.636 181.746 178.928 172.084 195.288 177.563 164.554
threshold=6490.0000000000009 5380.0000000000009 4948.5000000000009 142.50000000000003 3685.5000000000005 692.6890501824065 1200.0000000000002 1665.0000000000002 559.32607281732101 32553.000000000004 1784.5000000000002 489.62661620188879 499.257583635912 77619.500000000015 1357.5000000000002 84.500000000000014 1.5000000000000002 3950.5000000000005 4331.5000000000009 900.00000000000011 381.64677289626837 406.61705417453715 12.500000000000002 1050.0000000000002 4195.5000000000009 900.00000000000011 4023.5000000000005 3915.5000000000005 319.4450482642556 468.44516649771623
decision_type=2 2 2 2 2 2 2 2 2 2 2 2 2 2 2 2 2 2 2 2 2 2 2 2 2 2 2 2 2 2
left_child=1 2 4 -4 -1 7 -7 11 9 10 -9 13 19 14 17 16 -16 -6 29 -13 26 23 24 -22 -23 -24 27 -14 -29 -19
right_child=-2 -3 3 -5 5 6 -8 8 -10 -11 -12 12 20 -15 15 -17 -18 18 -20 -21 21 22 25 -25 -26 -27 -28 28 -30 -31
leaf_value=-0.0017810730927138325 -0.064589973002633402 0.058860287000151251 -0.17125450771926456 0.046533765775240855 0.1964777664800661 0.017913371164065144 0.58208046586085593 -0.20429586145010861 -0.50375743552490515 -0.27663887982015262 0.454088768735528 -0.022206142725190149 0.041057170545682309 -0.082552537161570336 0.39877551708902637 0.60329437275086684 -0.27011636929078536 -0.12466568899594926 0.1335087216858353 -0.39449541489283246 -0.081192590211118978 0.40405572568151088 0.026925737245215312 -0.48887930686275172 0.019971106733594621 -0.3526328853938891 0.0037264094352005769 0.43607546053826812 0.056246633082628256 0.16433873603430887
leaf_weight=15856 192 340 173 73 113 65 39 22 27 27 24 32 80 65 28 31 22 110 91 30 35 22 27 24 28 23 325 32 20 24
leaf_count=15856 192 340 173 73 113 65 39 22 27 27 24 32 80 65 28 31 22 110 91 30 35 22 27 24 28 23 325 32 20 24
internal_value=-1.18217e-10 0.000696388 -0.000435724 -0.106626 0.00108111 0.0343042 0.229476 0.0182203 -0.146671 -0.0145976 0.139209 0.0324106 -0.00808325 0.0891354 0.11577 0.295374 0.104463 0.0727284 0.0105787 -0.202346 0.0114692 -0.0786792 0.0206486 -0.247031 0.188968 -0.147671 0.0428337 0.139121 0.289987 -0.0729037
internal_weight=18000 17808 17468 246 17222 1366 104 1262 100 73 46 1162 678 484 419 81 50 338 225 62 616 159 100 59 50 50 457 132 52 134
internal_count=18000 17808 17468 246 17222 1366 104 1262 100 73 46 1162 678 484 419 81 50 338 225 62 616 159 100 59 50 50 457 132 52 134
is_linear=0
shrinkage=0.1


Tree=82
num_leaves=31
num_cat=0
split_feature=4 4 0 3 6 6 6 0 2 5 0 4 2 2 0 7 1 3 0 3 0 3 7 0 4 1 0 4 2 5
split_gain=75.9825 214.031 231.287 212.184 203.326 173.135 217.331 866.386 173.685 309.81 191.876 381.703 159.932 218.843 378.036 242.518 202.861 269.724 911.741 236.008 428.843 285.809 205.258 285.658 197.696 192.729 318.431 627.542 717.993 582.895
threshold=1628.5000000000002 1577.5000000000002 1515.0000000000002 462.02407331050938 102011.00000000001 96830.500000000015 89303.000000000015 1357.5000000000002 2341.5000000000005 170.50000000000003 1357.5000000000002 2004.5000000000002 2614.5000000000005 2542.5000000000005 1515.0000000000002 168.70299287900573 10.500000000000002 197.28093292845247 1200.0000000000002 485.95080460366017 1050.0000000000002 512.21802885625186 442.62356402169638 1200.0000000000002 1533.5000000000002 15.500000000000002 1665.0000000000002 1369.5000000000002 3008.5000000000005 38.500000000000007
decision_type=2 2 2 2 2 2 2 2 2 2 2 2 2 2 2 2 2 2 2 2 2 2 2 2 2 2 2 2 2 2
left_child=1 4 -3 -2 12 6 8 -8 9 10 -5 -12 13 24 15 -15 19 18 -18 20 -14 -21 25 -24 -1 26 -19 28 -28 -30
right_child=3 2 -4 5 -6 -7 7 -9 -10 -11 11 -13 16 14 -16 -17 17 22 -20 21 -22 -23 23 -25 -26 -27 27 -29 29 -31
leaf_value=0.00056393588347809591 -0.13139616251746949 0.066170362343070332 0.4143641596039136 -0.088169809698381216 -0.21790187500772024 0.19802696332335473 0.026000818540342155 -0.67853227307399111 0.00075277514731272041 0.1585276466794312 -0.61944932263830443 -0.043328196069468625 0.025614516834131157 0.17021411468740555 -0.51266287294301127 -0.17602463716810401 -0.049414876329840401 0.010627077107541974 0.67821294986284697 -0.35145822714852248 0.28467590826399186 0.095170945483014774 -0.029827188269959556 -0.48403937056660651 -0.24829458184540273 0.089923642631894091 0.16473116517066955 0.30120687097311022 -0.94249659379323336 -0.2341468338782971
leaf_weight=13123 148 93 24 110 42 40 64 24 2466 38 23 23 138 32 22 55 51 839 26 23 119 38 45 20 32 255 20 20 21 26
leaf_count=13123 148 93 24 110 42 40 64 24 2466 38 23 23 138 32 22 55 51 839 26 23 119 38 45 20 32 255 20 20 21 26
internal_value=-2.81143e-12 0.00286832 0.137595 -0.0147168 0.00181373 -0.00852289 -0.0115294 -0.166145 -0.00641435 -0.0975181 -0.159888 -0.331389 0.00243286 -0.00121064 -0.142322 -0.0486725 0.0318828 0.0146451 0.196278 0.103598 0.145569 -0.0732302 0.00342067 -0.169585 -4.14212e-05 0.0129426 -0.00825634 -0.190362 -0.337099 -0.550644
internal_weight=18000 15064 117 2936 14947 2788 2748 88 2660 194 156 46 14905 13264 109 87 1641 1323 77 318 257 61 1246 65 13155 1181 926 87 67 47
internal_count=18000 15064 117 2936 14947 2788 2748 88 2660 194 156 46 14905 13264 109 87 1641 1323 77 318 257 61 1246 65 13155 1181 926 87 67 47
is_linear=0
shrinkage=0.1


Tree=83
num_leaves=31
num_cat=0
split_feature=0 6 4 6 5 5 1 3 6 6 0 7 7 2 2 1 7 7 3 0 5 6 2 7 3 6 5 2 6 2
split_gain=76.917 210.405 343.471 243.456 318.696 233.359 658.718 547.378 510.585 823.395 760.276 478.053 434.782 406.538 854.953 708.646 398.82 693.24 847.192 544.79 448.348 425.181 416.332 394.176 350.248 414.054 233.858 817.422 831.57 720.224
threshold=1357.5000000000002 96035.000000000015 327.50000000000006 93142.000000000015 246.50000000000003 231.50000000000003 5.5000000000000009 44.78923445450463 76869.500000000015 78332.500000000015 1665.0000000000002 334.30228048184125 342.14069945039051 1560.0000000000002 2259.5000000000005 11.500000000000002 363.95002265896562 382.11340735052005 462.02407331050938 1665.0000000000002 217.50000000000003 83705.500000000015 753.50000000000011 360.42202268019122 115.5041935706837 82573.500000000015 170.50000000000003 1218.5000000000002 64231.000000000007 781.50000000000011
decision_type=2 2 2 2 2 2 2 2 2 2 2 2 2 2 2 2 2 2 2 2 2 2 2 2 2 2 2 2 2 2
left_child=-1 3 -3 5 -5 8 7 11 26 10 -10 -7 -11 -8 -15 -16 22 24 19 21 -21 -19 -14 -13 25 -18 -2 29 -29 -28
right_child=1 2 -4 4 -6 6 13 -9 9 12 -12 23 16 14 15 -17 17 18 -20 20 -22 -23 -24 -25 -26 -27 27 28 -30 -31
leaf_value=-0.0039710523323148589 0.0064926710691611475 -0.028650034696627885 0.39969313161240683 -0.018882450703028089 -0.50662652706461297 0.53926389490564663 -0.44563976228237157 0.65400786559496615 -0.15363363533309013 -0.44297678518295291 -0.90259378338637564 -0.21732809747968404 -0.068983824302752822 0.49309267247164695 -0.60416283085942268 0.10555163323879242 0.10113525614142418 0.20878721743615136 -0.46147520972622769 0.1661107034900704 0.73617187697779052 -0.28068802799497333 0.49407418657993452 0.24780871367180035 -0.68737504590302712 -0.49947150349617009 0.042462605038136814 -0.25452674576391776 0.31483356120685735 -0.37183159667067234
leaf_weight=13148 3611 39 36 37 21 24 23 28 33 25 23 35 24 27 24 34 24 36 27 37 22 35 29 38 20 22 261 30 177 50
leaf_count=13148 3611 39 36 37 21 24 23 28 33 25 23 35 24 27 24 34 24 36 27 37 22 35 29 38 20 22 261 30 177 50
internal_value=-1.02312e-10 0.0107608 0.176955 0.00815152 -0.195479 0.0106543 0.108229 0.264518 0.0055863 -0.109148 -0.461242 0.152088 -0.0436419 -0.0726608 0.0282629 -0.188123 -0.00747023 -0.0660732 0.048244 0.154109 0.378676 -0.0325034 0.239105 0.0247979 -0.33801 -0.186111 0.0155064 0.0783415 0.232318 -0.0241442
internal_weight=18000 4852 75 4777 58 4719 233 125 4486 357 56 97 301 108 85 58 276 223 157 130 59 71 53 73 66 46 4129 518 207 311
internal_count=18000 4852 75 4777 58 4719 233 125 4486 357 56 97 301 108 85 58 276 223 157 130 59 71 53 73 66 46 4129 518 207 311
is_linear=0
shrinkage=0.1


Tree=84
num_leaves=31
num_cat=0
split_feature=3 2 2 2 2 6 5 7 0 0 2 4 7 2 0 1 0 2 5 7 7 2 7 6 2 2 0 7 5 0
split_gain=73.4823 273.563 350.183 460.643 337.07 731.75 449.092 267.059 574.493 521.563 580.727 502.607 331.304 263.372 257.166 506.669 467.614 247.419 293.938 271.243 242.837 238.382 219.814 290.435 598.84 500.362 403.009 331.922 345.166 528.421
threshold=199.41237571210451 1438.5000000000002 1860.5000000000002 2279.5000000000005 1713.0000000000002 66788.000000000015 100.50000000000001 390.61789659922675 1515.0000000000002 1515.0000000000002 1282.5000000000002 630.50000000000011 420.54034531579566 1536.5000000000002 1050.0000000000002 6.5000000000000009 1515.0000000000002 1640.5000000000002 207.50000000000003 367.88449506535034 390.16951609844506 2805.5000000000005 319.4450482642556 30917.000000000004 1659.5000000000002 1518.5000000000002 1357.5000000000002 324.48764321266373 114.50000000000001 1200.0000000000002
decision_type=2 2 2 2 2 2 2 2 2 2 2 2 2 2 2 2 2 2 2 2 2 2 2 2 2 2 2 2 2 2
left_child=21 7 4 -4 6 14 13 9 -9 -2 11 -11 -10 -3 -6 -16 -17 18 19 -8 -19 22 -1 24 25 -24 -26 28 -25 -30
right_child=1 2 3 -5 5 -7 17 8 12 10 -12 -13 -14 -15 15 16 -18 20 -20 -21 -22 -23 23 27 26 -27 -28 -29 29 -31
leaf_value=0.02343771893465809 -0.052176379237203398 0.062841341161931116 -0.077923178314972558 0.0029512413563752386 0.138169004620464 -0.18155265197011772 0.11502500561040802 -0.04898079847490866 0.62356306508831361 -0.4909158184572503 -0.65803807781588652 0.046414212669645044 0.067058783769607541 -0.1535182114236821 0.65795608287056284 0.44946914887236011 -0.11431123614311219 0.46927326662199836 0.25204728121558823 -0.27331380780254094 0.045289283728396357 0.23239808005341531 -0.050199340588428447 0.21048852017392283 0.074002816649889988 -0.47679238564201765 0.53689551705924365 0.0093366456920836085 -0.059747287991774992 -0.49872712663241797
leaf_weight=3838 556 88 823 4882 111 51 37 153 23 27 31 49 20 156 36 31 28 35 45 35 22 46 1525 23 68 28 26 5086 79 42
leaf_count=3838 556 88 823 4882 111 51 37 153 23 27 31 49 20 156 36 31 28 35 45 35 22 46 1525 23 68 28 26 5086 79 42
internal_value=-1.78513e-11 -0.00779008 -0.000657022 -0.00871566 0.0674534 0.157575 0.0120435 -0.060769 0.0417809 -0.0910855 -0.293267 -0.144479 0.364724 -0.0754869 0.241534 0.362308 0.181912 0.134787 0.0515562 -0.0737508 0.30563 0.00524044 0.00426524 -0.00643476 -0.0430557 -0.0578907 0.202037 0.00509768 -0.14462 -0.21212
internal_weight=18000 7239 6380 5705 675 257 418 859 196 663 107 76 43 244 206 95 59 174 117 72 57 10761 10715 6877 1647 1553 94 5230 144 121
internal_count=18000 7239 6380 5705 675 257 418 859 196 663 107 76 43 244 206 95 59 174 117 72 57 10761 10715 6877 1647 1553 94 5230 144 121
is_linear=0
shrinkage=0.1


Tree=85
num_leaves=31
num_cat=0
split_feature=0 2 5 5 5 2 4 2 2 2 5 6 5 6 5 0 0 7 7 7 2 2 7 7 2 5 5 5 7 0
split_gain=72.7653 101.445 100.397 112.466 141.437 191.013 120.69 106.235 83.334 120.492 83.2097 78.3022 419.429 384.535 489.114 607.091 303.041 417.233 937.563 315.96 337.959 857.802 328.396 667.347 312.867 262.91 299.31 321.951 404.099 549.601
threshold=285.00000000000006 798.50000000000011 184.50000000000003 136.50000000000003 64.500000000000014 18.500000000000004 10.500000000000002 42.500000000000007 240.50000000000003 34.500000000000007 81.500000000000014 81116.500000000015 212.50000000000003 81757.500000000015 218.50000000000003 1357.5000000000002 900.00000000000011 363.95002265896562 378.58486421357401 298.3789679648898 2398.5000000000005 1301.5000000000002 328.37717480058819 337.27703164964021 3543.5000000000005 199.50000000000003 217.50000000000003 231.50000000000003 390.61789659922675 1357.5000000000002
decision_type=2 2 2 2 2 2 2 2 2 2 2 2 2 2 2 2 2 2 2 2 2 2 2 2 2 2 2 2 2 2
left_child=1 2 3 4 7 10 -5 -1 9 -4 -6 12 -2 14 -13 -16 -14 19 -19 -18 21 22 -21 -24 -22 -15 -27 28 29 -28
right_child=11 -3 8 6 5 -7 -8 -9 -10 -11 -12 13 16 25 15 -17 17 18 -20 20 24 -23 23 -25 -26 26 27 -29 -30 -31
leaf_value=0.12125878598604163 0.0024954362163797862 -0.043724848148169349 -0.050159763341021339 0.21041185085571584 -0.31903604214841669 0.075544235110282909 0.00042001075890599465 -0.003004608992487192 0.069850515825673948 -0.28815465397559681 -0.10160043122543193 -0.0024040743410587311 0.0071485312004764398 -0.32517675929095435 0.12391829003508276 0.84682038752805622 -0.47750712625682357 -0.77365144568104904 0.058869597564140952 0.17791002135385167 -0.46837125058518725 0.61569418935548692 -0.67800154050900829 -0.010079202743676994 0.0037701728343963628 0.12485360289765052 -0.067824854111794619 0.026442716525056927 0.0409772475403321 -0.41810534436787877
leaf_weight=118 14158 860 117 62 22 61 49 165 40 26 88 50 166 23 26 21 20 31 24 33 32 21 21 52 25 217 155 1096 158 63
leaf_count=118 14158 860 117 62 22 61 49 165 40 26 88 50 166 23 26 21 20 31 24 33 32 21 21 52 25 217 155 1096 158 63
internal_value=2.1162e-10 -0.0203001 0.00663204 0.0274822 0.00542146 -0.0663826 0.117713 0.0488084 -0.0577415 -0.0934316 -0.145088 0.00199137 -0.000442885 0.0216148 0.215308 0.446917 -0.098327 -0.165929 -0.41037 -0.100026 -0.0589955 0.0317989 -0.0838785 -0.202221 -0.261292 0.0106404 0.0152134 -0.000949638 -0.0807954 -0.169053
internal_weight=18000 1608 748 565 454 171 111 283 183 143 110 16392 14583 1809 97 47 425 259 55 204 184 127 106 73 57 1712 1689 1472 376 218
internal_count=18000 1608 748 565 454 171 111 283 183 143 110 16392 14583 1809 97 47 425 259 55 204 184 127 106 73 57 1712 1689 1472 376 218
is_linear=0
shrinkage=0.1


Tree=86
num_leaves=31
num_cat=0
split_feature=2 2 6 2 2 0 2 0 0 7 7 3 0 7 2 8 2 8 2 0 2 2 7 2 7 2 2 2 6 0
split_gain=69.5876 378.828 311.145 391.103 212.321 168.254 150.621 285.873 190.313 141.453 122.851 181.059 221.286 180.879 144.119 223.027 125.269 106.915 380.822 232.279 104.853 306.443 392.303 373.778 292.256 531.335 662.689 393.144 312.663 255.037
threshold=4695.0000000000009 4381.5000000000009 53459.000000000007 4484.0000000000009 5268.5000000000009 1665.0000000000002 6047.5000000000009 1515.0000000000002 1515.0000000000002 370.12924891409301 382.56237890711947 489.62661620188879 1050.0000000000002 416.00243096607318 4436.5000000000009 834.00000000000011 4583.5000000000009 1790.5000000000002 5581.5000000000009 1050.0000000000002 4023.5000000000005 3717.5000000000005 310.76126262212478 3800.5000000000005 220.60736902014486 4109.0000000000009 4278.5000000000009 4278.5000000000009 48102.000000000007 1515.0000000000002
decision_type=2 2 2 2 2 2 2 2 2 2 2 2 2 2 2 2 2 2 2 2 2 2 2 2 2 2 2 2 2 2
left_child=1 20 10 -4 -2 6 8 -8 17 -7 11 12 -3 -12 -13 16 -16 18 -6 -19 21 -1 29 -24 25 -22 -27 -26 -29 -23
right_child=4 2 3 -5 5 9 7 -9 -10 -11 13 14 -14 -15 15 -17 -18 19 -20 -21 24 22 23 -25 27 26 -28 28 -30 -31
leaf_value=-0.0014553336844821366 -0.082655038088583752 0.15079656229777771 0.24653724332650506 -0.22576951387524608 -0.17195030295495262 0.055093727870420973 -0.089639259288087497 0.2951219909247898 -0.21467638492584229 0.39212611850351098 -0.18814461004166377 -0.090577169827052537 0.58987153569857287 0.23206068351864817 0.18093538270440213 -0.0033041626999252721 0.43995808426177868 0.040887713537085806 0.1938178936764598 0.3239380791106008 -0.50271629640034277 0.25009496784582735 0.21850902884556303 -0.075264462079221051 -0.058607491928869521 0.10104991449043155 -0.42065495046121737 -0.029057640954852106 0.41133468453037114 -0.064980310778464043
leaf_weight=15908 394 22 27 50 59 33 240 21 25 20 21 21 24 20 43 38 33 85 55 44 35 150 58 171 191 80 35 28 38 31
leaf_count=15908 394 22 27 50 59 33 240 21 25 20 21 21 24 20 43 38 33 85 55 44 35 150 58 171 191 80 35 28 38 31
internal_value=-2.34788e-10 0.00148876 0.113056 -0.0601555 -0.0259678 0.0124081 -0.00461082 -0.0586815 0.0480475 0.182276 0.173134 0.208539 0.379879 0.0168336 0.150157 0.194502 0.293406 0.0750767 0.00451681 0.137432 -0.000505783 0.000744681 0.0861053 -0.000858949 -0.0506411 -0.16156 -0.0577298 0.0140976 0.224502 0.196132
internal_weight=18000 17024 299 77 976 582 529 261 268 53 222 181 46 41 135 114 76 243 114 129 16725 16318 410 229 407 150 115 257 66 181
internal_count=18000 17024 299 77 976 582 529 261 268 53 222 181 46 41 135 114 76 243 114 129 16725 16318 410 229 407 150 115 257 66 181
is_linear=0
shrinkage=0.1


Tree=87
num_leaves=31
num_cat=0
split_feature=0 2 3 3 2 3 2 1 3 3 1 4 1 4 2 1 7 3 3 7 7 5 1 6 1 6 7 2 2 4
split_gain=66.9009 211.121 557.255 840.938 1151.32 718.977 481.526 1716.48 896.285 870.345 716.224 646.971 688.481 598.134 593.387 456.458 442.808 441.224 411.6 413.784 792.47 404.819 553.551 485.231 384.133 427.461 478.327 535.582 582.062 392.413
threshold=1665.0000000000002 1250.5000000000002 66.474087647368151 43.160745864270432 535.50000000000011 85.266723908518841 1713.0000000000002 12.500000000000002 222.27524712120734 122.49828512338577 8.5000000000000018 978.50000000000011 9.5000000000000018 842.50000000000011 2046.5000000000002 13.500000000000002 422.74767150833151 340.47348763467363 25.541598805466034 455.96580772863473 427.92909858251045 19.500000000000004 1.0000000180025095e-35 21448.000000000004 15.500000000000002 85870.500000000015 396.62949182709752 2398.5000000000005 2171.5000000000005 1944.5000000000002
decision_type=2 2 2 2 2 2 2 2 2 2 2 2 2 2 2 2 2 2 2 2 2 2 2 2 2 2 2 2 2 2
left_child=-1 2 3 18 -5 -4 7 9 14 -3 17 12 -10 -14 -8 -16 24 -11 19 20 21 22 -2 -23 25 26 27 28 -13 -29
right_child=1 6 5 4 -6 -7 8 -9 11 10 -12 16 13 -15 15 -17 -18 -19 -20 -21 -22 23 -24 -25 -26 -27 -28 29 -30 -31
leaf_value=-0.0019354100673525726 -0.6004814132737617 0.55780853748321535 0.49542256311936816 -0.69772957402306635 0.22931862331572034 0.089469475034288884 0.003248494549801475 -1.0452187430858613 0.17700847188631696 -0.61414594930761002 0.18871912707885108 0.013754730394908361 -0.14532817900180817 -0.7567475491669029 0.20590434336662292 0.78898461255533947 -0.32379982931273327 -0.078094178863934105 0.45204801637193431 -0.3408388202637434 0.57917837993456767 0.31483977227392845 -0.00099889426492154603 0.0056315880551031147 0.34959789569440641 -0.43395125359296804 0.39768805591499107 -0.1817469847517518 0.65315230091412868 0.067954214442460262
leaf_weight=16352 24 20 55 37 21 211 38 20 24 34 36 35 32 32 25 29 35 28 23 30 26 59 43 363 38 20 34 130 24 122
leaf_count=16352 24 20 55 37 21 211 38 20 24 34 36 35 32 32 25 29 35 28 23 30 26 59 43 363 38 20 34 130 24 122
internal_value=-1.08375e-10 0.0192038 0.0521546 0.000631919 -0.362074 0.173407 -0.0196747 -0.188565 0.0180386 -0.043369 -0.166058 -0.0323265 -0.279752 -0.451038 0.305996 0.51904 0.0173846 -0.372058 0.0376688 0.0201812 0.0412115 0.012608 -0.215739 0.0488621 0.047016 0.0155144 0.0415704 0.00263787 0.273849 -0.0608599
internal_weight=18000 1648 892 626 58 266 756 138 618 118 98 526 88 64 92 54 438 62 568 545 515 489 67 422 403 365 345 311 59 252
internal_count=18000 1648 892 626 58 266 756 138 618 118 98 526 88 64 92 54 438 62 568 545 515 489 67 422 403 365 345 311 59 252
is_linear=0
shrinkage=0.1


Tree=88
num_leaves=31
num_cat=0
split_feature=4 6 3 4 1 0 2 3 3 4 6 6 0 1 2 2 2 6 8 2 0 2 6 2 6 7 0 4 3 2
split_gain=64.2682 176.917 168.894 164.383 192.247 152.746 129.638 284.728 269.131 160.436 138.885 180.962 640.576 126.174 192.903 273.307 336.7 486.29 393.442 824.791 643.143 552.555 600.813 322.756 397.507 297.777 427.457 782.731 301.216 271.806
threshold=1628.5000000000002 102011.00000000001 462.02407331050938 1577.5000000000002 5.5000000000000009 750.00000000000011 2259.5000000000005 747.09635023494025 656.48484186577525 1964.5000000000002 96830.500000000015 89303.000000000015 1357.5000000000002 9.5000000000000018 2614.5000000000005 1933.5000000000002 1622.5000000000002 86209.500000000015 2047.5000000000002 1823.5000000000002 900.00000000000011 1713.0000000000002 20216.000000000004 767.50000000000011 92118.500000000015 370.12924891409301 1050.0000000000002 1218.5000000000002 297.094234787223 567.50000000000011
decision_type=2 2 2 2 2 2 2 2 2 2 2 2 2 2 2 2 2 2 2 2 2 2 2 2 2 2 2 2 2 2
left_child=1 3 5 13 -5 -2 7 8 -4 -9 11 -8 -13 14 15 16 23 18 21 20 -20 -18 -23 29 -25 -17 -27 28 -28 -1
right_child=2 -3 6 4 -6 -7 10 9 -10 -11 -12 12 -14 -15 -16 25 17 -19 19 -21 -22 22 -24 24 -26 26 27 -29 -30 -31
leaf_value=-0.0019142322945714888 0.029000253587340315 -0.20231469357829718 -0.046614890297253929 0.37361285635270181 0.056162500421526609 -0.18801755514740945 -0.00086614250015358378 0.22049680932238702 -0.50684978371417078 -0.076353843838198876 0.18680385453136344 0.0199216071575407 -0.58719059956880915 0.018096415402757717 0.094254370971582846 -0.023117543195117395 -0.2147477275637143 -0.32741879896709214 0.12790068441295419 -0.091681353917770214 0.58765900302678353 0.22535387985766508 -0.22666944579074255 -0.047780844551269824 0.211285930407829 -0.03761541325646111 0.15107687525451186 -0.85500354598397799 -0.36094839661209677 0.063293921796953076
leaf_weight=7254 48 42 24 24 93 100 2520 25 27 67 38 63 24 3770 200 290 68 27 58 57 64 130 38 2038 61 79 20 23 27 701
leaf_count=7254 48 42 24 24 93 100 2520 25 27 67 38 63 24 3770 200 290 68 27 58 57 64 130 38 2038 61 79 20 23 27 701
internal_value=7.43231e-12 0.00263797 -0.0135349 0.003211 0.121281 -0.117633 -0.00800884 -0.100748 -0.290269 0.00431209 -0.00299495 -0.00576149 -0.147558 0.00228418 -0.00306939 -0.00484944 -0.00161621 0.0838054 0.11056 0.222361 0.369085 0.0257615 0.123111 -0.00537157 -0.040252 -0.0821523 -0.197052 -0.376988 -0.143065 0.00383195
internal_weight=18000 15064 2936 15022 117 148 2788 143 51 92 2645 2607 87 14905 11135 10935 10496 442 415 179 122 236 168 10054 2099 439 149 70 47 7955
internal_count=18000 15064 2936 15022 117 148 2788 143 51 92 2645 2607 87 14905 11135 10935 10496 442 415 179 122 236 168 10054 2099 439 149 70 47 7955
is_linear=0
shrinkage=0.1


Tree=89
num_leaves=31
num_cat=0
split_feature=0 6 7 7 6 5 1 2 3 2 7 7 4 2 4 3 6 4 4 8 3 4 5 2 6 1 3 7 2 5
split_gain=63.0723 166.98 294.514 211.95 178.57 255.228 189.745 2679.25 844.178 719.866 635.788 608.916 431.037 312.176 298.178 266.013 259.948 190.215 1167.02 962.465 378.001 550.426 493.724 505.847 1044.93 783.629 604.834 483.704 624.869 455.568
threshold=1357.5000000000002 96035.000000000015 389.53809138780895 422.74767150833151 93142.000000000015 243.50000000000003 14.500000000000002 1823.5000000000002 199.41237571210451 3186.5000000000005 375.07650884030841 418.76352634917583 1055.5000000000002 3574.0000000000005 476.50000000000006 260.1280635273061 60401.000000000007 154.50000000000003 127.50000000000001 1778.5000000000002 114.36157960037251 391.50000000000006 16.500000000000004 407.50000000000006 38030.500000000007 4.5000000000000009 41.034689415419834 329.62271741582816 567.50000000000011 187.50000000000003
decision_type=2 2 2 2 2 2 2 2 2 2 2 2 2 2 2 2 2 2 2 2 2 2 2 2 2 2 2 2 2 2
left_child=-1 4 -3 -4 6 -6 17 -8 14 10 15 12 -11 -14 -9 -10 -15 18 -2 -20 21 22 -19 24 -24 -25 -26 -27 -29 -30
right_child=1 2 3 -5 5 -7 7 8 9 11 -12 -13 13 16 -16 -17 -18 20 19 -21 -22 -23 23 25 26 27 -28 28 29 -31
leaf_value=-0.0035959497806231436 0.00714418591788182 0.45575972225355071 -0.16826141526301702 0.23581746292114258 0.042796414114277939 -0.37674985702695518 -0.90560836949769197 0.036207705885171894 -0.26439898439816067 -0.25842942999255275 0.13862049825813458 -0.4881890904903412 0.49786383563821968 0.032883564663578328 0.50357564687728884 -0.69652547425237199 0.33230843938685756 0.20387252691601004 -0.063303400155825501 -0.79122080312055709 0.013262525366677116 0.41264816078374972 -0.54620120286941531 0.51743962034050905 -0.32808859859194078 0.31221815190817181 0.34720795415341854 -0.56631946045419446 0.14492274514834089 -0.29636290294720846
leaf_weight=13148 1495 23 27 25 29 29 34 20 28 31 23 20 22 134 43 29 37 182 39 34 2188 53 45 35 21 38 36 23 75 34
leaf_count=13148 1495 23 27 25 29 29 34 20 28 31 23 20 22 134 43 29 37 182 39 34 2188 53 45 35 21 38 36 23 75 34
internal_value=9.89334e-11 0.00974434 0.157798 0.0260073 0.00741987 -0.166977 0.00956333 -0.0545064 0.0202674 -0.0448593 -0.305177 0.0404907 0.0876942 0.143289 0.355205 -0.484253 0.0976714 0.0158391 -0.0119195 -0.402333 0.0317825 0.106546 0.0733693 -0.0039975 -0.185975 0.0865473 0.0984145 -0.00216583 -0.0926703 0.00727401
internal_weight=18000 4852 75 52 4777 58 4719 421 387 324 80 244 224 193 63 57 171 4298 1568 73 2730 542 489 307 102 205 57 170 132 109
internal_count=18000 4852 75 52 4777 58 4719 421 387 324 80 244 224 193 63 57 171 4298 1568 73 2730 542 489 307 102 205 57 170 132 109
is_linear=0
shrinkage=0.1


Tree=90
num_leaves=31
num_cat=0
split_feature=2 2 2 5 5 3 4 0 2 5 2 3 3 0 2 2 7 2 2 0 0 0 5 2 2 1 6 2 8 5
split_gain=64.3401 78.827 201.027 186.112 157.311 163.412 125.324 136.741 122.515 248.392 495.418 201.063 219.582 210.216 114.925 245.037 318.183 295.406 251.935 438.376 232.995 224.289 192.941 356.451 346.536 273.926 201.34 161.439 163.216 158.978
threshold=6490.0000000000009 5380.0000000000009 4948.5000000000009 138.50000000000003 97.500000000000014 462.02407331050938 2004.5000000000002 1515.0000000000002 4331.5000000000009 180.50000000000003 4436.5000000000009 692.6890501824065 537.71811316891228 1050.0000000000002 4023.5000000000005 3717.5000000000005 310.76126262212478 3800.5000000000005 3915.5000000000005 1357.5000000000002 1050.0000000000002 1357.5000000000002 192.50000000000003 3873.0000000000005 3915.5000000000005 11.500000000000002 42741.500000000007 4064.0000000000005 1290.5000000000002 222.50000000000003
decision_type=2 2 2 2 2 2 2 2 2 2 2 2 2 2 2 2 2 2 2 2 2 2 2 2 2 2 2 2 2 2
left_child=1 2 8 4 5 -4 -7 -8 14 11 -11 12 -10 -13 15 -1 18 -18 19 20 -17 -20 23 -19 -24 -25 -27 28 -16 -29
right_child=-2 -3 3 -5 -6 6 7 -9 9 10 -12 13 -14 -15 27 16 17 22 21 -21 -22 -23 24 25 -26 26 -28 29 -30 -31
leaf_value=-0.0012922552634317419 -0.057578649098286409 0.048309129562009785 0.14680710420722054 0.038793187051430929 -0.39817078106782655 -0.360099137108773 -0.16859466558723135 0.10846438304237699 0.11950649749241474 0.31967212943868206 -0.21999952266365291 0.023134555175368277 -0.030292119103251025 0.43565681613981727 -0.43562822001320978 0.078785199768120248 0.19370502996226324 0.25350004226753586 0.2063654681424732 -0.29409158155322074 0.42633708800588344 0.60078003548440484 -0.46458395006401204 0.1481844143735038 0.080421379059553155 -0.069466178491711619 -0.44410934482629483 -0.053223648302539485 -0.069563526942812162 0.18912341525157295
leaf_weight=15908 192 340 21 77 22 24 79 23 227 22 75 21 172 30 21 62 58 38 46 24 28 21 28 27 20 32 26 277 29 30
leaf_count=15908 192 340 21 77 22 24 79 23 227 22 75 21 172 30 21 62 58 38 46 24 28 21 28 27 20 32 26 277 29 30
internal_value=6.98728e-11 0.000620794 -0.000307419 -0.0900667 -0.148778 -0.111454 -0.154497 -0.106121 0.000974707 0.0475431 -0.0975998 0.0788295 0.0549317 0.265795 -0.000552904 0.000675028 0.0770056 -0.00131359 0.176095 0.0856484 0.186912 0.329988 -0.0674603 -0.0011039 -0.237498 -0.114927 -0.23741 -0.0566801 -0.223311 -0.0295415
internal_weight=18000 17808 17468 246 169 147 126 102 17222 547 97 450 399 51 16675 16318 410 229 181 114 90 67 171 123 48 85 58 357 50 307
internal_count=18000 17808 17468 246 169 147 126 102 17222 547 97 450 399 51 16675 16318 410 229 181 114 90 67 171 123 48 85 58 357 50 307
is_linear=0
shrinkage=0.1


Tree=91
num_leaves=31
num_cat=0
split_feature=3 5 8 3 0 6 2 1 4 6 6 3 0 0 2 5 7 0 1 5 7 3 0 5 5 4 7 5 2 2
split_gain=59.7913 218.033 254.424 230.113 268.643 216.799 201.702 151.399 143.437 138.71 191.609 126.892 490.087 219.909 183.453 126.622 253.275 323.236 296.124 188.39 170.749 93.7631 230.346 93.4693 409.87 372.114 405.018 324.786 220.417 647.247
threshold=612.02976214578473 49.500000000000007 2032.5000000000002 645.99339176512672 1357.5000000000002 23846.000000000004 2691.5000000000005 2.5000000000000004 1847.5000000000002 94436.500000000015 88342.000000000015 663.07764662499062 1357.5000000000002 1357.5000000000002 4695.0000000000009 160.50000000000003 405.76546462926666 1200.0000000000002 6.5000000000000009 138.50000000000003 340.83781923563083 812.65243012047119 1200.0000000000002 132.50000000000003 157.50000000000003 37.500000000000007 448.04115208707339 146.50000000000003 1263.5000000000002 1693.5000000000002
decision_type=2 2 2 2 2 2 2 2 2 2 2 2 2 2 2 2 2 2 2 2 2 2 2 2 2 2 2 2 2 2
left_child=23 2 6 4 -3 -5 7 -2 -9 10 15 13 -13 -8 -15 19 17 -17 -19 -7 -21 22 -10 -1 25 26 27 -25 -26 -30
right_child=1 3 -4 5 -6 9 11 8 21 -11 -12 12 -14 14 -16 16 -18 18 -20 20 -22 -23 -24 24 28 -27 -28 -29 29 -31
leaf_value=-0.0040841220253865149 0.14612337577602139 -0.094619062537146095 0.26318518301335775 -0.25954404902693473 -0.41168197248663224 -0.0031653799244254679 0.04036854544735155 -0.3242786430815856 -0.13482028913787669 0.24618300819769501 -0.26311931619721074 0.002719859273305961 0.31577265351353323 -0.41388509895490566 0.00022685579955577853 -0.0058178158233238159 -0.22459389317248549 0.51444354984780838 0.079464072777944456 -0.4426126828789711 -0.091445251570807573 -0.20181895427215896 0.26000958782705397 0.074678927532500702 -0.017683898432805125 0.021697394527542366 -0.30351251602172852 0.25005240763570347 0.14687654864410588 -0.0034773805834202262
leaf_weight=10547 23 113 41 38 35 197 127 30 45 20 31 189 68 23 20 107 28 29 34 20 45 38 22 225 3098 785 20 199 357 1446
leaf_count=10547 23 113 41 38 35 197 127 30 45 20 31 189 68 23 20 107 28 29 34 20 45 38 22 225 3098 785 20 199 357 1446
internal_value=1.97199e-10 -0.0204626 0.0223735 -0.0589353 -0.1696 -0.0291021 0.00549613 -0.0910338 -0.131438 -0.0119656 -0.0224808 0.0412145 0.0855509 -0.0258119 -0.221275 -0.00626383 0.0540884 0.099989 0.279693 -0.0518735 -0.199497 -0.0763412 -0.00517466 0.00162332 0.0114433 0.0630801 0.136245 0.156989 -0.00150542 0.0262932
internal_weight=18000 1323 626 697 148 549 585 158 135 511 491 427 257 170 43 460 198 170 63 262 65 105 67 16677 6130 1229 444 424 4901 1803
internal_count=18000 1323 626 697 148 549 585 158 135 511 491 427 257 170 43 460 198 170 63 262 65 105 67 16677 6130 1229 444 424 4901 1803
is_linear=0
shrinkage=0.1


Tree=92
num_leaves=31
num_cat=0
split_feature=6 5 7 7 0 7 7 7 6 5 0 2 2 2 2 2 2 1 8 5 3 1 0 1 7 5 2 2 2 3
split_gain=58.4206 351.723 324.447 313.424 664.687 1044.13 287.053 323.344 263.054 291.851 625.597 232.193 865.176 460.722 349.574 439.616 287.895 262.091 235.661 228.946 215.437 213.109 301.28 751.388 218.223 191.481 170.803 626.791 485.166 313.141
threshold=81116.500000000015 205.50000000000003 284.98827491090248 365.38540848432393 1357.5000000000002 378.58486421357401 357.65808059237065 355.61353809208646 81757.500000000015 218.50000000000003 1357.5000000000002 228.50000000000003 152.50000000000003 523.50000000000011 828.50000000000011 653.50000000000011 740.50000000000011 1.5000000000000002 1941.5000000000002 215.50000000000003 19.065563234854498 3.5000000000000004 1665.0000000000002 8.5000000000000018 382.11340735052005 204.50000000000003 1678.5000000000002 1479.5000000000002 2046.5000000000002 312.87394359403248
decision_type=2 2 2 2 2 2 2 2 2 2 2 2 2 2 2 2 2 2 2 2 2 2 2 2 2 2 2 2 2 2
left_child=1 25 -3 6 -5 -6 7 -4 9 -2 -11 12 17 -13 15 -15 -17 -10 -16 -8 -19 -20 26 -24 -25 -1 27 -23 -28 -30
right_child=8 2 3 4 5 -7 19 -9 11 10 -12 13 -14 14 18 16 -18 20 21 -21 -22 22 23 24 -26 -27 28 -29 29 -31
leaf_value=0.00061152535261567659 -0.0029080519197033903 -0.4666743223369122 -0.02501619891146864 -0.047510391951405578 -0.84607339982063545 0.0045346552023181217 0.35898680805283439 -0.40965851524075414 0.0015739539343382057 0.064135540967040203 0.75832736584402272 0.23226779791767949 -0.57147053706234896 0.064034264090847462 0.32010968912925042 -0.55376535047206188 -0.092434773438920592 -0.4616050351897012 0.26758262996162685 -0.039655392229557038 -0.028780657700870349 0.028046207699824022 -0.58703913252268525 -0.20412124374083113 0.20587765149333898 0.19861066014486917 -0.20336001336734785 0.45189294128483815 0.17938761941785383 -0.0030918420438711086
leaf_weight=15209 51 20 439 140 31 27 34 23 669 34 21 108 29 47 28 31 24 23 35 25 23 185 28 21 34 49 93 43 129 347
leaf_count=15209 51 20 439 140 31 27 34 23 669 34 21 108 29 47 28 31 24 23 35 25 23 185 28 21 34 49 93 43 129 347
internal_value=1.22405e-10 -0.00201589 -0.0693922 -0.0583413 -0.165441 -0.450101 -0.0176393 -0.0441651 0.0161 0.169407 0.329191 0.00753352 -0.0360195 0.0356371 0.0153155 -0.160545 -0.352457 -0.014302 0.0343375 0.190071 -0.245193 0.0255926 0.0159679 -0.165347 0.0493326 0.00124739 0.0348502 0.107982 0.00554596 0.0463616
internal_weight=18000 15997 739 719 198 58 521 462 2003 106 55 1897 744 1153 1045 102 55 715 943 59 46 915 880 83 55 15258 797 228 569 476
internal_count=18000 15997 739 719 198 58 521 462 2003 106 55 1897 744 1153 1045 102 55 715 943 59 46 915 880 83 55 15258 797 228 569 476
is_linear=0
shrinkage=0.1


Tree=93
num_leaves=31
num_cat=0
split_feature=7 7 0 2 0 6 6 3 7 0 4 6 1 2 0 6 7 0 4 5 0 1 3 3 7 7 0 2 6 4
split_gain=59.9631 238.302 343.526 765.324 203.817 202.545 185.609 176.488 164.874 282.078 301.787 203.384 200.55 187.322 167.197 245.32 163.999 479.947 595.247 411.435 355.296 155.308 140.971 183.468 153.968 183.907 228.795 183.264 232.291 238.789
threshold=400.98743951085766 404.99808768629447 1357.5000000000002 1976.5000000000002 1515.0000000000002 47666.000000000007 32891.000000000007 130.07246902234621 411.25807634256773 1665.0000000000002 456.50000000000006 64975.000000000007 9.5000000000000018 3186.5000000000005 900.00000000000011 45365.000000000007 395.40763411514007 1357.5000000000002 729.50000000000011 171.50000000000003 1665.0000000000002 3.5000000000000004 548.1014772050579 518.38214920007806 388.43848566946559 380.27617823060393 1200.0000000000002 1622.5000000000002 89303.000000000015 1563.5000000000002
decision_type=2 2 2 2 2 2 2 2 2 2 2 2 2 2 2 2 2 2 2 2 2 2 2 2 2 2 2 2 2 2
left_child=16 2 5 4 -4 6 -2 -8 9 11 -11 12 14 -13 -3 21 22 -18 19 20 -19 -16 23 -1 25 27 -27 -24 29 -29
right_child=1 8 3 -5 -6 -7 7 -9 -10 10 -12 13 -14 -15 15 -17 17 18 -20 -21 -22 -23 24 -25 -26 26 -28 28 -30 -31
leaf_value=0.0023581639302044325 -0.0020183087512850762 0.039973631760987803 -0.21461698412895203 0.24119183685291901 -0.58500157434206745 0.037628881088147562 -0.49021469858353561 -0.084040309875272223 -0.013077237266996453 0.53308736283021674 0.0071232146024703992 -0.11178643840199064 -0.064408429639954731 0.16948741422644978 -0.079052021026611338 0.4327022059967644 0.003211820835971998 0.13674537371844053 0.60396153172478084 0.38109563654288653 -0.3926116611276354 0.28983694712320962 0.21277429314870991 0.07450147528283442 -0.17148165406393157 0.014270102371209129 0.37032760653931363 -0.31633365987134832 -0.29940676325932147 -0.021498783580580313
leaf_weight=12196 40 76 24 22 39 150 23 20 2525 24 20 129 62 29 25 38 360 32 32 32 21 21 31 363 70 59 26 28 32 1451
leaf_count=12196 40 76 24 22 39 150 23 20 2525 24 20 129 62 29 25 38 360 32 32 32 21 21 31 363 70 59 26 28 32 1451
internal_value=1.60348e-10 -0.0122568 -0.0945025 -0.266584 -0.443903 -0.0317259 -0.157066 -0.301296 -0.00338798 0.0543134 0.294013 0.0265587 0.0882776 -0.0601602 0.147443 0.244678 0.00271791 0.0603964 0.236349 0.0979537 -0.0729999 0.0893538 0.000788009 0.00444336 -0.0262642 -0.0200164 0.123182 -0.0279099 -0.0328478 -0.0270805
internal_weight=18000 3267 318 85 63 233 83 43 2949 424 44 380 222 158 160 84 14733 477 117 85 53 46 14256 12559 1697 1627 85 1542 1511 1479
internal_count=18000 3267 318 85 63 233 83 43 2949 424 44 380 222 158 160 84 14733 477 117 85 53 46 14256 12559 1697 1627 85 1542 1511 1479
is_linear=0
shrinkage=0.1


Tree=94
num_leaves=31
num_cat=0
split_feature=4 2 5 6 2 2 8 0 4 4 0 4 2 2 5 2 8 2 2 0 0 2 6 2 0 8 2 7 6 3
split_gain=57.3543 468.544 862.153 410.288 734.69 687.45 393.661 383.306 891.71 346.801 365.815 297.401 290.149 230.347 369.61 1040.43 502.863 552.421 471.089 454.822 396.497 359.571 606.744 968.118 358.016 351.914 381.221 317.474 282.162 282.093
threshold=127.50000000000001 334.50000000000006 14.500000000000002 77293.500000000015 207.50000000000003 228.50000000000003 1901.5000000000002 1200.0000000000002 164.50000000000003 140.50000000000003 1050.0000000000002 189.50000000000003 261.50000000000006 728.50000000000011 52.500000000000007 535.50000000000011 1540.5000000000002 372.50000000000006 435.50000000000006 1050.0000000000002 1515.0000000000002 1040.5000000000002 7466.5000000000009 892.50000000000011 1515.0000000000002 1466.5000000000002 663.50000000000011 387.27477560609907 81477.000000000015 66.474087647368151
decision_type=2 2 2 2 2 2 2 2 2 2 2 2 2 2 2 2 2 2 2 2 2 2 2 2 2 2 2 2 2 2
left_child=-1 2 12 4 -4 -5 -6 11 -9 10 -3 -8 -2 14 15 16 17 19 -19 -11 -20 22 23 -15 -25 26 -17 -18 29 -24
right_child=1 9 3 5 6 -7 7 8 -10 13 -12 -13 -14 21 -16 25 27 18 20 -21 -22 -23 28 24 -26 -27 -28 -29 -30 -31
leaf_value=0.0082275557504686622 0.14858548430272855 -0.0046570902520960029 0.0062522423585331197 -0.38007342386990789 -0.10658341672387905 0.28799064327464546 -0.12059235870838166 -1.0897752316101739 -0.3046995969919058 -0.021929911192920475 -0.59557781830430034 -0.44944754031910139 -0.068156895521143554 0.16981912586648404 0.087061379645227824 -0.0064519970672917001 -0.70246497042801082 -0.31147819218092732 -0.11449321007458579 0.56366464594999954 0.31355658107333717 0.0030829884564002501 0.1072941276289168 -0.2013428270816803 0.20799936127662658 0.37070317491889004 0.2481236079683988 -0.19242815948449649 0.036525404593871477 -0.16177566453299602
leaf_weight=5761 148 22 99 24 64 43 55 23 39 36 20 55 106 237 761 191 23 105 109 21 27 9017 42 147 25 46 85 26 104 539
leaf_count=5761 148 22 99 24 64 43 55 23 39 36 20 55 106 237 761 191 23 105 109 21 27 9017 42 147 25 46 85 26 104 539
internal_value=2.12185e-11 -0.00387278 -0.0860897 -0.177216 -0.222396 0.0486841 -0.318312 -0.397095 -0.595937 0.000783551 -0.286048 -0.28502 0.0581339 0.00182739 0.0393937 -0.0148292 -0.13496 -0.0861458 -0.152361 0.193815 -0.0295127 -0.00348562 -0.0576256 0.0387524 -0.141845 0.114629 0.0719499 -0.431833 -0.115171 -0.142325
internal_weight=18000 12239 656 402 335 67 236 172 62 11583 42 110 254 11541 1430 669 347 298 241 57 136 10111 1094 409 172 322 276 49 685 581
internal_count=18000 12239 656 402 335 67 236 172 62 11583 42 110 254 11541 1430 669 347 298 241 57 136 10111 1094 409 172 322 276 49 685 581
is_linear=0
shrinkage=0.1


Tree=95
num_leaves=31
num_cat=0
split_feature=0 2 5 6 5 5 2 2 2 2 2 6 5 7 7 6 0 6 5 0 7 6 7 5 5 5 5 5 0 5
split_gain=55.6069 83.9951 75.0885 86.3502 74.9882 95.611 79.0717 72.711 120.578 62.1323 95.9647 57.6519 280.357 258.808 310.687 664.615 802.687 256.137 305.991 386.239 246.311 281.363 234.088 208.82 204.437 231.787 263.189 214.158 300.437 218.76
threshold=285.00000000000006 740.50000000000011 184.50000000000003 59693.000000000007 64.500000000000014 74.500000000000014 42.500000000000007 114.50000000000001 219.00000000000003 207.50000000000003 34.500000000000007 81116.500000000015 205.50000000000003 293.93898628731205 365.38540848432393 78332.500000000015 1357.5000000000002 81757.500000000015 218.50000000000003 1357.5000000000002 357.65808059237065 79789.000000000015 354.04165702000711 215.50000000000003 199.50000000000003 217.50000000000003 225.50000000000003 223.50000000000003 1515.0000000000002 221.50000000000003
decision_type=2 2 2 2 2 2 2 2 2 2 2 2 2 2 2 2 2 2 2 2 2 2 2 2 2 2 2 2 2 2
left_child=1 2 3 4 6 -6 -1 -8 -9 10 -4 12 -2 -14 20 16 -16 18 -13 -20 21 22 -15 -22 -19 -26 27 28 29 -27
right_child=11 -3 9 -5 5 -7 7 8 -10 -11 -12 17 13 14 15 -17 -18 24 19 -21 23 -23 -24 -25 25 26 -28 -29 -30 -31
leaf_value=0.10969938859027827 0.0026876258188771041 -0.038559917708753826 -0.043076649156964235 0.14688382337467287 -0.23294059719358173 -0.0090032673211417336 -0.17701858937740328 0.23040279174844425 -0.0171918902392371 0.065922167723545352 -0.26651770952360138 0.0044614516198635103 -0.34582625685199614 0.023860989426242495 -0.17021803144851458 -0.0087267211845351595 -0.90462584387172351 -0.28650490972010989 0.10221882519813685 0.67882652742610805 0.3632994640258051 -0.23305335927744941 -0.29984260325630507 -0.039539838785474957 0.11013847448206443 -0.22861512131331599 0.015660508671158993 -0.28584047105966831 0.26766723370552065 0.055609884262084963
leaf_weight=118 13916 879 117 53 21 207 20 24 109 37 23 50 31 323 46 108 22 23 26 21 31 60 24 22 217 68 1283 51 25 45
leaf_count=118 13916 879 117 53 21 207 20 24 109 37 23 50 31 323 46 108 22 23 26 21 31 60 24 22 217 68 1283 51 25 45
internal_value=2.61985e-10 -0.017746 0.00735057 0.0255241 0.0126342 -0.0296291 0.0481915 0.000754112 0.0274868 -0.0493263 -0.0797848 0.00174083 -0.000347927 -0.0636804 -0.049928 -0.162922 -0.407821 0.018579 0.176661 0.359852 -0.00669547 -0.0331015 0.00147227 0.196083 0.00962226 0.0136548 -0.000568705 -0.110738 -0.0460268 -0.115428
internal_weight=18000 1608 729 552 499 228 271 153 133 177 140 16392 14583 667 636 176 68 1809 97 47 460 407 347 53 1712 1689 1472 189 138 113
internal_count=18000 1608 729 552 499 228 271 153 133 177 140 16392 14583 667 636 176 68 1809 97 47 460 407 347 53 1712 1689 1472 189 138 113
is_linear=0
shrinkage=0.1


Tree=96
num_leaves=31
num_cat=0
split_feature=2 2 2 2 5 0 5 5 0 5 2 2 7 5 6 6 0 0 5 2 0 2 7 1 0 3 3 5 1 2
split_gain=50.6699 69.4305 135.252 291.047 232.882 147.087 149.217 214.456 247.859 148.915 404.232 108.62 94.5734 217.798 205.197 123.712 177.282 175.406 164.73 147.475 212.992 340.697 122.787 111.419 90.7711 86.6205 73.6805 79.6355 94.7906 70.6699
threshold=6490.0000000000009 5472.5000000000009 4695.0000000000009 4381.5000000000009 222.50000000000003 1200.0000000000002 100.50000000000001 7.5000000000000009 1515.0000000000002 52.500000000000007 4583.5000000000009 4484.0000000000009 389.53809138780895 185.50000000000003 17350.500000000004 73300.000000000015 1050.0000000000002 1665.0000000000002 127.50000000000001 4948.5000000000009 1200.0000000000002 5189.5000000000009 356.63946514282668 12.500000000000002 750.00000000000011 548.1014772050579 530.87513410012787 193.50000000000003 14.500000000000002 4023.5000000000005
decision_type=2 2 2 2 2 2 2 2 2 2 2 2 2 2 2 2 2 2 2 2 2 2 2 2 2 2 2 2 2 2
left_child=1 2 3 29 5 9 7 8 -7 11 -11 -5 15 14 -14 17 -17 18 19 -4 -21 -22 -20 -16 -3 -13 -26 28 -28 -1
right_child=-2 24 12 4 -6 6 -8 -9 -10 10 -12 25 13 -15 23 16 -18 -19 22 20 21 -23 -24 -25 26 -27 27 -29 -30 -31
leaf_value=0.00051978606908834762 -0.051097030878372612 -0.025338160640427043 -0.018037603543090978 0.022506526059338026 -0.20668715394061543 0.54466305881738664 0.42182673838127543 -0.071017300337553033 0.076410715855084937 0.11400220064049374 -0.36344988188147548 0.35776065434179 0.21232571862637997 0.27643360845330689 0.019928932011127474 -0.049988726914549871 -0.45311185166239742 0.17585576400160791 0.19119963510760241 -0.093290088169577748 -0.66572539433836941 -0.12922736067196419 -0.084500921070575719 -0.25334933772179724 0.21516973773311629 0.10162943403980614 0.16268190589708914 -0.08641274015108745 -0.024512191294204622 -0.041666351288502136
leaf_weight=16318 192 105 95 35 23 20 27 28 26 61 25 31 22 27 25 24 20 30 35 99 20 29 30 37 38 23 76 30 42 407
leaf_count=16318 192 105 95 35 23 20 27 28 26 61 25 31 22 27 25 24 20 30 35 99 20 29 30 37 38 23 76 30 42 407
internal_value=-9.64953e-11 0.000550911 -0.000253882 0.00124144 0.0990323 0.124509 0.220602 0.147182 0.279999 0.0690496 -0.024792 0.159728 -0.0518896 0.0293619 -0.050054 -0.0754993 -0.233227 -0.0549667 -0.0774495 -0.115273 -0.177688 -0.348206 0.0639532 -0.143156 0.0489961 0.248668 0.090959 0.0590671 0.0960535 -0.000506806
internal_weight=18000 17808 17517 17024 299 276 101 74 46 175 86 89 493 111 84 382 44 338 308 243 148 49 65 62 291 54 186 148 118 16725
internal_count=18000 17808 17517 17024 299 276 101 74 46 175 86 89 493 111 84 382 44 338 308 243 148 49 65 62 291 54 186 148 118 16725
is_linear=0
shrinkage=0.1


Tree=97
num_leaves=31
num_cat=0
split_feature=7 7 0 1 5 0 5 5 3 0 3 3 6 4 4 4 3 7 0 5 4 5 6 5 5 5 7 3 0 7
split_gain=50.0683 180.229 263.462 219.924 201.858 332.003 188.361 178.57 177.595 243.125 492.414 303.578 323.305 329.825 405.517 340.388 259.926 195.18 190.979 157.069 149.557 147.111 137.888 148.494 164.1 128.673 183.141 390.245 144.303 97.4184
threshold=433.27819465647656 439.35829374204121 1050.0000000000002 15.500000000000002 138.50000000000003 1515.0000000000002 127.50000000000001 88.500000000000014 34.535993045108974 1050.0000000000002 78.026736761164628 548.1014772050579 40872.000000000007 357.50000000000006 1181.5000000000002 691.50000000000011 179.50858079336567 469.32262442994113 1515.0000000000002 150.50000000000003 892.50000000000011 11.500000000000002 32553.000000000004 53.500000000000007 33.500000000000007 150.50000000000003 462.38982208191476 96.968417552051378 592.50000000000011 445.79067503348341
decision_type=2 2 2 2 2 2 2 2 2 2 2 2 2 2 2 2 2 2 2 2 2 2 2 2 2 2 2 2 2 2
left_child=-1 2 -2 4 6 25 8 -4 17 -10 -11 12 13 -12 15 16 -15 18 -3 -9 -17 -19 23 24 -23 -6 27 28 -27 -29
right_child=1 3 7 -5 5 -7 -8 19 9 10 11 -13 -14 14 -16 20 -18 21 -20 -21 -22 22 -24 -25 -26 26 -28 29 -30 -31
leaf_value=0.0015071803446744239 0.0011824770838813445 -0.089155363222946316 -0.052101257296377101 -0.24263544201448159 0.21171295110023386 0.36110240989609771 -0.261709446751823 -0.55801482394337654 -0.02887445384129772 0.57367329469748907 -0.42165793620404746 0.33908873922897109 0.32753908496636613 0.14644925976577014 -0.34320847839117052 0.50614116475695659 -0.34647455289959911 -0.16402303990794392 -0.37043304944346689 -0.2161904795867641 0.12873511479812719 0.12736991878326348 -0.17078897714614871 0.32946638039180209 -0.10860901108902435 0.036236201513272066 -0.23642968748297011 -0.28968040890715741 0.34540530078940923 -0.002503421769610473
leaf_weight=16641 113 144 38 37 33 38 30 20 272 21 21 33 26 23 25 21 20 41 29 41 21 82 25 21 46 26 28 27 36 21
leaf_count=16641 113 144 38 37 33 38 30 20 272 21 21 33 26 23 25 21 20 41 29 41 21 82 25 21 46 26 28 27 36 21
internal_value=-1.79828e-10 -0.0184555 -0.103162 -0.00279918 0.00519536 0.0937377 -0.0153433 -0.222262 -0.00685768 0.0336138 0.114167 0.0633798 0.00542823 -0.0585022 0.0108276 0.114956 -0.0828176 -0.0572384 -0.136306 -0.328264 0.317438 0.00638346 0.0465367 0.0830008 0.042565 0.0343233 -0.00809596 0.0500254 0.215754 -0.16404
internal_weight=18000 1359 212 1147 1110 209 901 99 871 483 211 190 157 131 110 85 43 388 173 61 42 215 174 149 128 171 138 110 62 48
internal_count=18000 1359 212 1147 1110 209 901 99 871 483 211 190 157 131 110 85 43 388 173 61 42 215 174 149 128 171 138 110 62 48
is_linear=0
shrinkage=0.1


Tree=98
num_leaves=31
num_cat=0
split_feature=3 3 0 3 8 0 0 2 2 2 2 5 2 2 1 1 5 2 0 5 0 5 2 0 7 5 5 5 0 2
split_gain=47.9569 251.975 405.811 284.068 336.834 1003.35 265.426 234.668 300.854 247.781 304.394 247.504 593.706 370.7 282.134 276.483 266.624 228.244 226.473 288.485 546.326 568.628 276.127 307.848 270.049 226.357 361.333 205.914 482.492 203.674
threshold=195.51945438600703 182.94357435237336 1665.0000000000002 175.7447654945899 1510.5000000000002 1515.0000000000002 1357.5000000000002 1438.5000000000002 1425.5000000000002 1860.5000000000002 2341.5000000000005 174.50000000000003 2091.5000000000005 2031.5000000000002 10.500000000000002 7.5000000000000009 203.50000000000003 1897.5000000000002 1050.0000000000002 138.50000000000003 1515.0000000000002 3.5000000000000004 2133.5000000000005 1357.5000000000002 376.11330944209396 227.50000000000003 246.50000000000003 236.50000000000003 750.00000000000011 1640.5000000000002
decision_type=2 2 2 2 2 2 2 2 2 2 2 2 2 2 2 2 2 2 2 2 2 2 2 2 2 2 2 2 2 2
left_child=1 3 -3 -1 6 -6 -5 8 25 29 11 13 16 17 15 -14 -13 -11 -15 20 22 -22 -20 -24 -23 -2 -27 28 -18 -9
right_child=7 2 -4 4 5 -7 -8 9 -10 10 -12 12 14 18 -16 -17 27 -19 19 -21 21 24 23 -25 -26 26 -28 -29 -30 -31
leaf_value=0.0037845708269594078 -0.056875338088686882 0.049595730431105378 0.39179835686316861 -0.076458320650653777 -0.076446360868279023 -0.80330224713931475 0.31610619922479 -0.0039616960099322605 -0.37667943947017196 -0.16663646955116124 0.0039760698395482552 0.14928247010707857 0.23674516119062902 -0.06959718773413423 0.43187619056020465 -0.1543294913809875 -0.037729019794613128 0.072870891581183997 -0.082105104175085819 -0.48714164514094593 -0.2589127900129235 0.47194863568853451 -0.25132911977944555 -0.64669596725894563 -0.0061862162181309296 0.3541414135080927 -0.17343611362434569 -0.013426659050686608 -0.65901292693614966 0.10472961661417801
leaf_weight=10111 818 311 39 61 91 24 24 309 28 51 4774 25 48 274 35 29 25 181 42 31 37 27 54 31 21 34 21 29 25 390
leaf_count=10111 818 311 39 61 91 24 24 309 28 51 4774 25 48 274 35 29 25 181 42 31 37 27 54 31 21 34 21 29 25 390
internal_value=1.38092e-10 0.00428261 0.0877269 0.00145015 -0.116566 -0.228138 0.0343834 -0.00622114 -0.0540204 0.000468388 -0.00637827 -0.0576028 0.0367038 -0.0847993 0.196463 0.0894573 -0.135345 0.0202206 -0.131926 -0.202207 -0.160542 0.0356815 -0.291872 -0.395522 0.262765 -0.0436717 0.152703 -0.225417 -0.348371 0.0566815
internal_weight=18000 10661 350 10311 200 115 85 7339 901 6438 5739 965 216 749 112 77 104 232 517 243 212 85 127 85 48 873 55 79 50 699
internal_count=18000 10661 350 10311 200 115 85 7339 901 6438 5739 965 216 749 112 77 104 232 517 243 212 85 127 85 48 873 55 79 50 699
is_linear=0
shrinkage=0.1


Tree=99
num_leaves=31
num_cat=0
split_feature=0 5 5 0 7 2 7 2 3 2 5 4 5 5 5 0 0 0 6 2 2 5 2 2 2 2 3 0 6 0
split_gain=46.1 130.598 274.826 667.84 254.05 712.1 286.191 288.305 173.761 126.73 323.481 372.115 451.321 180.047 360.825 438.796 332.752 202.441 397.502 144.089 226.494 134.597 671.965 555.421 360.027 818.477 170.748 155.626 133.619 131.386
threshold=900.00000000000011 250.50000000000003 245.50000000000003 1665.0000000000002 355.61353809208646 1084.5000000000002 367.88449506535034 584.50000000000011 303.05137616799203 42.500000000000007 33.500000000000007 20.500000000000004 23.500000000000004 80.500000000000014 63.500000000000007 592.50000000000011 750.00000000000011 750.00000000000011 41997.500000000007 1328.5000000000002 877.50000000000011 116.50000000000001 270.50000000000006 613.50000000000011 261.50000000000006 493.50000000000006 25.541598805466034 750.00000000000011 20216.000000000004 750.00000000000011
decision_type=2 2 2 2 2 2 2 2 2 2 2 2 2 2 2 2 2 2 2 2 2 2 2 2 2 2 2 2 2 2
left_child=9 2 -2 8 5 -3 -6 -8 -4 10 11 12 29 14 15 28 -16 -15 -19 20 21 24 -23 26 -11 -26 -24 -25 -12 -1
right_child=1 4 3 -5 6 -7 7 -9 -10 19 13 -13 -14 17 16 -17 -18 18 -20 -21 -22 22 23 27 25 -27 -28 -29 -30 -31
leaf_value=0.047433847527705381 0.0040419517970898674 -0.21246184192854783 0.12519186630575771 0.62506489058335624 -0.44566640342984887 0.5631678676605224 0.10319434245831745 -0.27226818801405339 -0.14047940339360918 0.093164181635108631 0.052089655211543656 0.49524358744206637 0.29799328640687056 -0.0039118385862216823 -0.26977942081856299 -0.15709795482829214 0.091899330089941167 0.33378583034155551 0.035426025558985018 -0.00049518160116984538 -0.080983524079385194 -0.19327319470869606 -0.091038275125902152 -0.065269187493915012 -0.14978408805320284 0.063405576432970442 0.15716997567127833 -0.30667264217962376 0.25031420873834737 -0.14172554984688759
leaf_weight=182 9511 29 83 24 28 20 43 39 35 344 123 23 71 1132 111 100 33 54 258 3629 679 214 32 140 323 407 207 33 47 46
leaf_count=182 9511 29 83 24 28 20 43 39 35 344 123 23 71 1132 111 100 33 54 258 3629 679 214 32 140 323 407 207 33 47 46
internal_value=2.00694e-10 0.004623 0.00610367 0.144195 -0.0852692 0.104122 -0.169634 -0.0753793 0.0463911 -0.00553992 0.0151133 0.107645 0.0778298 -0.000922869 -0.05906 0.00911852 -0.186895 0.0157453 0.0870652 -0.0130339 -0.032161 -0.0126606 -0.0495166 0.0251531 0.0088215 -0.0309235 0.123937 -0.111317 0.106893 0.00927011
internal_weight=18000 9812 9653 142 159 49 110 82 118 8188 2180 322 299 1858 414 270 144 1444 312 6008 2379 1700 626 412 1074 730 239 173 170 228
internal_count=18000 9812 9653 142 159 49 110 82 118 8188 2180 322 299 1858 414 270 144 1444 312 6008 2379 1700 626 412 1074 730 239 173 170 228
is_linear=0
shrinkage=0.1


end of trees

feature_importances:
Column_2=1121
Column_0=585
Column_5=511
Column_6=192
Column_4=167
Column_7=153
Column_3=130
Column_1=88
Column_8=53

parameters:
[boosting: gbdt]
[objective: regression]
[metric: l2]
[tree_learner: serial]
[device_type: cpu]
[data_sample_strategy: bagging]
[data: ]
[valid: ]
[num_iterations: 100]
[learning_rate: 0.1]
[num_leaves: 31]
[num_threads: 1]
[seed: 0]
[deterministic: 0]
[force_col_wise: 0]
[force_row_wise: 0]
[histogram_pool_size: -1]
[max_depth: -1]
[min_data_in_leaf: 20]
[min_sum_hessian_in_leaf: 0.001]
[bagging_fraction: 1]
[pos_bagging_fraction: 1]
[neg_bagging_fraction: 1]
[bagging_freq: 0]
[bagging_seed: 7719]
[bagging_by_query: 0]
[feature_fraction: 1]
[feature_fraction_bynode: 1]
[feature_fraction_seed: 2437]
[extra_trees: 0]
[extra_seed: 11797]
[early_stopping_round: 0]
[early_stopping_min_delta: 0]
[first_metric_only: 0]
[max_delta_step: 0]
[lambda_l1: 0]
[lambda_l2: 0]
[linear_lambda: 0]
[min_gain_to_split: 0]
[drop_rate: 0.1]
[max_drop: 50]
[skip_drop: 0.5]
[xgboost_dart_mode: 0]
[uniform_drop: 0]
[drop_seed: 21238]
[top_rate: 0.2]
[other_rate: 0.1]
[min_data_per_group: 100]
[max_cat_threshold: 32]
[cat_l2: 10]
[cat_smooth: 10]
[max_cat_to_onehot: 4]
[top_k: 20]
[monotone_constraints: ]
[monotone_constraints_method: basic]
[monotone_penalty: 0]
[feature_contri: ]
[forcedsplits_filename: ]
[refit_decay_rate: 0.9]
[cegb_tradeoff: 1]
[cegb_penalty_split: 0]
[cegb_penalty_feature_lazy: ]
[cegb_penalty_feature_coupled: ]
[path_smooth: 0]
[interaction_constraints: ]
[verbosity: 1]
[saved_feature_importance_type: 0]
[use_quantized_grad: 0]
[num_grad_quant_bins: 4]
[quant_train_renew_leaf: 0]
[stochastic_rounding: 1]
[linear_tree: 0]
[max_bin: 255]
[max_bin_by_feature: ]
[min_data_in_bin: 3]
[bin_construct_sample_cnt: 200000]
[data_random_seed: 38]
[is_enable_sparse: 1]
[enable_bundle: 1]
[use_missing: 1]
[zero_as_missing: 0]
[feature_pre_filter: 1]
[pre_partition: 0]
[two_round: 0]
[header: 0]
[label_column: ]
[weight_column: ]
[group_column: ]
[ignore_column: ]
[categorical_feature: ]
[forcedbins_filename: ]
[precise_float_parser: 0]
[parser_config_file: ]
[objective_seed: 8855]
[num_class: 1]
[is_unbalance: 0]
[scale_pos_weight: 1]
[sigmoid: 1]
[boost_from_average: 1]
[reg_sqrt: 0]
[alpha: 0.9]
[fair_c: 1]
[poisson_max_delta_step: 0.7]
[tweedie_variance_power: 1.5]
[lambdarank_truncation_level: 30]
[lambdarank_norm: 1]
[label_gain: ]
[lambdarank_position_bias_regularization: 0]
[eval_at: ]
[multi_error_top_k: 1]
[auc_mu_weights: ]
[num_machines: 1]
[local_listen_port: 12400]
[time_out: 120]
[machine_list_filename: ]
[machines: ]
[gpu_platform_id: -1]
[gpu_device_id: -1]
[gpu_use_dp: 0]
[num_gpu: 1]

end of parameters

pandas_categorical:null
